X0,X1,X2,X3,Y
0.0,0.0,0.0,0.0,0.0
0.21882223589777217,-0.1838933257339416,-0.2796401272273886,-0.27681382181314346,0.46011544981992847
0.4839245259358144,-0.3917891534790669,-0.19790652242222426,-0.31163789581613205,-0.10345854683439343
0.2575268092433455,-0.9196808646511024,0.5068319023386513,-0.33736126847883774,0.6337737639995921
0.2846916501292897,0.3981441939539572,0.012721163929686918,-0.3333620979076305,-0.044471697035020685
-0.17978742515487414,0.5732183983609513,0.1439511427413448,-0.08552218808853787,0.7074574898152821
-0.6720198124651583,0.870238472874237,0.18153495842822803,-0.0537710577905987,0.12397206066594747
0.16453718082454366,-0.2670207085955277,-0.5634065454541228,0.4739855155506564,-0.24019017125555786
-0.18429306122901476,0.3231323088681573,0.27846833961977147,-0.14491032675129228,-0.15384668799270423
-0.6063623626664311,-0.5015472349125852,-0.2706996290989584,0.24257178962937181,-0.3182024881836747
-0.5278904738322953,-0.23129955777522054,-0.8518391484563137,-0.05651858795013358,-0.9235268855051907
-0.7107168494451743,-0.07849487531726873,-1.01631587215973,-0.15241040670894423,-0.65003553650444
-0.442599899183047,-0.4624782011625496,-0.5437619349603163,-0.416739508386226,0.034360115553925985
-0.2219158492279028,-0.21404814938788297,-0.3183394437528996,0.1287654425868926,-0.6087926346361718
-0.6842755791100967,-0.8037541342676253,-0.08290135558171563,1.3409783094131564,-0.13103878336574376
-0.45182861356450926,-0.4273203703943902,-0.7966575229538377,0.336567719447063,0.0276950634475307
0.06674062200133316,-0.2953575018732274,-0.6621094309460216,-0.2574752044303246,-0.3778537101523053
-0.47353852476104175,-0.42838064486667243,-0.3609014215006836,0.635831375001975,-0.1913490517380772
-0.4541197678992612,-0.31303786125876387,-0.5075106382203838,0.5453709821700137,-0.2442533020694168
-0.04071767153633574,0.4920736540272974,-0.7416386106734774,0.12351173635405921,-0.47206577144780865
0.42756870277749404,-0.4143433394923668,-0.7125557573578839,1.023853536777356,0.5855356121949615
0.644101257259972,-0.4236211323035803,-0.13962867642681076,0.24194354897541523,-0.6008846741046366
0.03621185513850572,0.010561802049105534,-0.07078532194269466,-0.14132992632728986,0.6447056268245213
-0.28939994694625837,0.6971674423651136,-0.13247850384599041,-0.17695949575201822,-1.3382910095336773
-0.09104149324316596,0.8364191048379023,0.2761102037481041,-0.1368294139148113,0.26829409254147196
0.1803903515696397,0.15641094986913381,-0.3176632339458152,-0.26140090633978097,0.4069720884213477
-0.183351120421754,0.2198161260750977,-0.0011827072066942085,-0.2398275648756753,1.1714141817907682
-0.42957368317439615,-0.18195497854319004,0.13286256179135392,-0.4598685584122142,0.8378605160156107
-0.8045914420369317,-0.03586223239514162,0.24239607848481065,-0.4792810954141845,0.16797312451203328
-0.8286828441728298,-0.1975593107069792,-0.044903424173798334,-0.23617664968537797,-0.8182363117953984
-0.9681610034437504,0.4180360857979456,-0.9125191996461417,-0.32731600069336775,-0.3710823661492814
-0.765821143089852,0.21732187928488766,-0.3303560649921937,0.26472444465675427,-0.17541791208056656
0.12434652202280727,-0.09221723445094603,-0.8471117371235987,-0.1201555784683285,-0.14198294083449123
-0.3840162071243013,-1.0025407208044186,0.06748981695950446,-0.4237206887247771,-0.017952756599709387
-0.5044658387787246,0.001395857315642235,-0.5287434527642311,-0.42996891143964455,-1.3756301129637034
-0.3796367377840919,0.3128137324007372,-0.4518408448048491,-0.30034863569563713,-0.49253428599549526
-0.051960859002171955,0.6793348859912429,-0.27449257491183976,-0.41624651733653545,-0.19769669809289311
-0.3325120525012361,0.025956846964423547,0.1480338897688146,-0.22539415045831226,-0.13484058493778733
0.41975540348958884,-0.3894192345705041,-0.18053376349329261,0.31644847212533267,-0.352477796197811
0.6412562069328156,0.09100120226809699,-0.1317788535751664,-0.24370266535050747,-0.3576234363177613
-0.11498443290636595,0.11150892663545167,0.5584683977296494,-0.2872864841747049,0.6530440826699642
-0.10772837448409572,-0.4239298119366253,-0.21294079446104333,-0.4153655164327399,0.3961592090462473
0.5390225424143766,0.6915757375070797,-0.15599551681679635,-0.19998862468538992,-1.4024833828774885
0.4941194645769922,1.5911035784403968,0.03975020547241956,-0.4162087370052153,0.9493917338777307
0.17432892912756992,0.7038995987997497,0.16831890305416847,-0.5539355373682169,0.2470185053497016
0.6701027329003675,0.9620291598806536,0.5903095243006021,-0.5868178759637063,1.1634541917212582
0.14486581658507486,0.10811530962335769,0.911602412109146,0.28279110445281985,0.7345867529838189
0.3085260411179577,0.059259244030675826,0.7064463863077513,-0.24731414901868548,-0.27062717148442006
0.5242583087589716,0.1232463281939471,0.6336588892920364,0.08087276507381973,0.2820351480171672
-0.21055356062739833,0.2202146229210033,0.5331086349919081,-0.10291388571113541,0.9060515553806932
-0.3702570325856057,0.16177322579477238,0.06052702940445312,-0.0760923113672749,0.7252305803590025
0.20574459211041346,-0.2741514332550089,-0.3097872057422996,0.629163026213823,0.22450983448551984
0.5700191341986833,-0.38875595778988153,0.46331338635675967,0.3954421509276926,-0.3784029890187902
0.23288010038739937,0.030151163543131798,-0.03626980216640052,-0.06412179988900374,0.19541231356918612
0.5832220908528112,0.29841066573920205,0.5498628008007872,-0.39997686844767655,0.41929151235670725
0.5380677506460748,0.6073515384244143,0.9272172796157216,-0.37540366459195207,0.503522704212219
0.5911792331607497,0.4467048766408358,0.9472744448488246,-0.3799471887915321,0.6046813138228528
-0.10839863558175833,-0.5097783443369129,0.2611214435754955,0.08462953271869564,-0.3392277586933006
0.40051116356432814,-0.5412942053280332,-0.03188555329473902,0.044618521761689234,-0.7942300644926784
0.4183217194917894,-0.6652624025764777,0.1301539042046512,-0.3480836284044245,0.07809396425439336
0.0520644765367928,0.18630035566652803,0.024480482524316838,-0.24244660128288595,0.27520672091289544
-0.055887219203549776,-0.5653627848051104,0.07511946089475074,-0.45257923542206335,0.3197121244997313
-0.4438489574946127,0.39421162084497696,-0.29673976074294894,-0.18706145523014373,-0.14685592721163743
-0.4333883003402582,0.22014261330994106,-0.7635703139835135,0.3099979584458746,0.28952075228982693
-0.019139769872650925,-0.10700950734585807,-0.42141239629646565,-0.2457340615088471,-0.5938386321733579
0.2192042579529149,-0.9323880996123493,-0.12574433011033703,-0.4974700720153841,0.14026172730789055
0.5062346395802916,-1.3883857362012884,0.2516974613266777,-0.5427710286387508,-0.03635164611282404
0.5068363647143428,-0.46843527063506596,0.41755216120374494,0.35583061530464266,0.15757365861704564
0.5998487979290069,-0.3388100534983471,0.1702974114351004,0.9821483535604247,0.7383788283886039
-0.18059613749253128,0.816619407170564,0.04253466022359659,0.4678628362497997,-0.43258190115023115
-0.6280898943621382,0.043432774838079,-0.31502581067121155,0.32764101773780274,-0.15153809397974471
-0.527917740683305,0.1711052176339095,-0.07401471710430407,0.3294195418044441,0.5800263656297233
0.24994990651590682,0.2728029274372369,-0.36445932122054964,-0.07903080847344343,-0.9088935269468847
-0.1322422817303737,0.18732236679706077,-0.10788489363630344,0.22027566400544796,-0.4190068664959713
0.22526587188777059,0.2284835134949459,-0.26924421388071407,-0.12487626653046002,-0.44267383752459355
-0.1688035880827115,-1.5577472773519172,0.4315855122084744,-0.4391413282367595,0.8330601844336969
0.20341681252213292,-0.6623915374818593,-0.0478488981523392,-0.39548741209287275,-1.4584608583763714
-0.3839522418970886,0.22698724017893634,-0.0721492278187055,-0.3629958298090342,-0.22627238086425489
0.15287773601819946,0.2536248435839904,-0.3399939743515819,-0.407008808614863,-0.8574442476303286
-0.12849742824355087,1.3991028320690788,0.0034028512768754793,-0.48347914789592317,-0.8796646406913882
0.14068069264713515,1.338059149734746,-0.334181855688186,-0.15112874981052307,0.7474502617070411
0.39064688091385547,0.8955015789991347,0.34348814876751554,-0.17461551807593811,0.3263781284807102
0.43058384188587784,0.24305085852213343,0.31191835583125244,-0.42900387545422464,-0.06069626459275923
0.7534653704750497,-0.0012852195793067456,0.43096022282185553,-0.4918978831276428,0.2191274363015042
0.8784512761808323,0.29426561721170663,0.631833719144285,0.33182045921947906,0.9279487102835856
0.281637029671938,-0.47651743221844,0.5477744818956171,0.6509564932621076,0.5877207393971378
-0.06148426065473758,-0.372792488675312,0.21218234035984906,0.37615766354710045,0.2448015015881964
-0.0042784238121654355,-0.48274570085003043,-0.44028939143756984,-0.11293132031318431,0.2347159888818679
0.4864713517522285,-0.7954598610230562,0.07297672027045604,0.0011930590119620388,-0.3415000864007254
0.6669936276181073,-0.269963568694497,0.03916667440177701,1.3270608578133876,-0.7757143551858008
-0.2662795304582239,-0.3367912155528463,0.6248449795137954,0.7338033774694399,0.8187352515541034
-0.009932737752669535,-0.9081691327334469,0.3181679611134524,0.027819028588078054,0.42681900449992505
0.19172821818057723,0.11335831161096588,0.1072884322958903,-0.3726025595133252,0.6971860682267432
0.3896102839370259,-0.802873758060217,0.2895087564573671,0.09809780090284895,-0.3765122138534864
-0.29472681817190644,-0.22868044566750123,0.09779060262406597,0.16220870863933107,-0.29675057692633955
-0.33588303145391796,-1.1381177377415341,-0.14974956527488492,0.9162772308017406,-0.6980238350625284
-0.13979477671460344,-0.4981948197683784,-0.33616665922577615,0.035896766690592774,-0.8998857321314109
0.5150135357806457,-0.2705476439862497,-0.04128733311190766,-0.05056114171115257,-0.8357206004705948
0.8350299895645936,0.2996915478429719,0.7333320953808097,-0.09128135031551098,-0.2557726006666559
0.24529884032458293,-0.5187312953204648,1.1200724983145163,-0.37938601927115423,0.6021208468761735
-0.40889366449026326,-0.12374936241280193,0.8282556631670417,-0.4226568183575803,-0.5163690097869772
-0.35824951908265834,0.07773328612475153,-0.036479976682662035,0.13059043304798218,0.4846948660719658
0.05244198773237402,-0.005035947042295437,-0.0047716001993688695,-0.24928964619473942,0.21247264310278902
0.522674374725031,-1.164546281270776,0.4032050678571741,-0.48353215235843094,-0.558099446483066
0.03800527371408979,0.12767807894428068,0.12019925513323382,-0.19580513198473543,0.281478512306431
-0.1777721286751286,-0.17047560661548378,-0.09740669027508639,-0.3472925480603418,0.048871815393468104
0.1877817968744554,-0.3876486230716159,-0.3958501956379065,-0.1265109651454559,-0.5095814733109849
0.23655031664713616,-0.062271008761631566,0.11403086604333426,-0.33198480445212564,0.13875326239289654
-0.16370629653432897,-0.15150316424309349,0.36872361917909346,-0.21079016688884622,0.41430918129343497
0.38232872884504,0.5148616020759877,0.2866687797409092,-0.037665176552175994,0.1088265635198879
-0.2407873364322632,-0.3950621193075574,-0.005878039123811962,-0.02804506768668663,-0.21438068743142802
-0.5054841135757371,-0.6908487788251936,-0.5135706890459492,-0.07328166421567203,0.4485693562263615
-0.5050697173934064,0.5032474084773861,-0.19909317545355576,-0.19944985134466311,-1.0429343780077096
-0.25034915113872713,0.7383392475668372,-0.22736584078413052,0.6293058976475738,-0.30560257284384157
0.0967692393011455,1.0204404644827567,-0.11519674310701816,0.19369248142135725,0.28629163832722343
-0.5248240960314997,0.07213914518846415,-0.0213538009397529,0.1779340993227556,1.0406873292897334
-0.40054464186025146,0.864312209419023,0.06929602660334683,-0.2214806842958234,0.5140433960895548
0.2186033691200395,0.07616228797783914,-0.05651715099478927,0.6845368051316726,0.6965689932083574
0.4403286153368846,0.5355474349218002,-0.18596214285911106,0.05563031897957979,-1.1893579007839494
0.47931969907484795,0.7475192577421426,-0.16699121205568734,-0.32559495270101735,0.2804628358685973
0.7923020951420245,1.1158365651255642,-0.05599636633686711,-0.22266429541324753,0.4192655047691807
0.215636800327639,0.8505766810971168,0.10702883359497273,-0.015228879279306218,0.8748052632779162
-0.31060162912744804,0.42591318938162115,-0.021442050059436363,0.5276206382104678,0.7842802613058407
-0.41340101166061133,-0.0867511680917592,-0.6363552480869815,0.04330433794110419,1.1945077770512489
0.1101903659776344,0.7468860969814206,-0.45823215510253723,0.06331885179731375,-0.09889418375902881
-0.3778758042382936,0.3040946376620022,-0.3580937642544168,-0.2942041617283364,0.8544282124740494
0.37920996808442137,-0.5087960883333835,-0.36333128403538134,-0.37605577760965425,0.20773351349913208
0.2265903505945359,0.5490430672039275,-0.2773519422921568,0.10710521137778917,0.42212112530975027
-0.01484669867051526,0.7387042844027794,-0.16654905434805772,0.20861544128185588,0.408997909309851
-0.06322509523817993,1.0119862163258384,0.2862780676499665,0.26548310323689317,0.6160196739399243
0.09112666301589098,0.42752813302267056,-0.37472706977018727,-0.25811327201775036,-0.055798624220779414
-0.4658264587812632,0.11016871179510956,0.05891748033096694,0.13805521587347458,0.5700006353812085
-0.11013517665283021,0.666227642867618,-0.6757294862981315,1.1333225907592095,0.31887924656275934
0.4661381339695193,-0.17320544383786612,-0.04228199885542999,0.10466559861638614,-0.6927317333921525
0.3776368232483616,-1.1340499306934058,-0.08039940912451127,-0.2085315941093213,0.7967648113123432
0.2402800497995801,-1.037693801915202,0.45448803233491486,-0.051698522277347336,-0.2902287242501278
0.46790278721270795,-0.8172388183278142,0.22260662132744907,-0.36338306050746383,-0.42713360507368425
-0.09051017630421648,-1.3929036597397064,0.388979828804924,0.07963913540259474,-0.39435919655291407
0.044374691247655335,0.06827930945073435,0.047599228868854676,0.38909971513210445,-0.9161342005606089
0.25651281195069314,0.11719192546433906,-0.336456932708551,-0.1522211627291536,0.3100339994628142
-0.1744361546233191,-0.38350709144952555,0.159965818603847,-0.25828271083822324,-0.11691129842469167
0.5014667689163889,-0.641752571127063,-0.20496321687050978,0.10624118886520917,-0.051914860666839674
-0.015386059199778979,0.392991031970935,-0.18407266789801835,0.39908111302369137,0.28376501523583997
-0.4945584836875766,-1.011379257412921,0.4255302178720599,0.6708536307363231,1.0086819445895594
-0.5650591375832834,-1.0759317484669948,-0.10691587908835393,0.7120103711427148,-0.5735016436080328
-0.5089137732759197,-0.2490189781101203,-0.08429487764006949,0.3033400332490489,-1.0965828806012075
-0.171792704915243,0.23914005547116185,-0.48949170038215195,0.7912145452568702,0.015391589072518141
-0.2568520615568838,-0.10486969527863008,-0.008001274625970112,0.07594215516343883,-0.20024780304585316
-0.7183663021575264,0.6930627317725909,-0.47977983345530206,0.5410989174937096,0.356243692926285
-0.6887588026042863,-0.16394676742895858,-0.5840940613565548,0.4586505452888746,0.42307000446570125
0.15478654698487215,0.6079766216929942,-0.5905249208835459,-0.056001083826748566,-0.7466437947797817
-0.10758924966529443,0.9679627375956109,0.10681252239671332,-0.20010548352515303,1.3046544150708776
-0.1366904237752217,0.5543443304356273,-0.24960679811411288,-0.06347242228328467,-0.36333254558282174
-0.30578982253823367,-0.3381173211092868,-0.5386218017222566,-0.3887053884928855,0.0054715336912332935
0.0029915153378625436,-0.42908921725015,-0.6852909781821884,-0.17786215764803887,-0.30620172727137845
-0.5695081177452322,-0.12952515716405336,-0.21614820945925206,-0.47064328868789185,0.4760788180039798
-0.709333173054427,-0.032592596008605965,-0.5870836392620988,-0.26047354988992655,-0.16536653489787922
-0.2494701702843939,-0.15968050262230238,-0.6663524071315383,-0.47932649809633937,-0.44399342456556745
0.024054085245787504,0.5189472012016946,-0.15636859057827213,-0.5681652550616878,-1.3176339264753183
0.3895844207589275,0.10044069362590743,0.21675797935757615,-0.0019366390326086558,0.050338563250083096
0.36768211275981183,0.08400325995854613,0.577473642480913,-0.22990332914656805,0.16620114540702202
-0.19995377224529995,-0.033341288228583836,0.34068875317239344,-0.3265370801522462,0.17346375478697798
0.036811496643663136,0.3468515773087981,0.4548153755527705,-0.4168398440052594,-0.05678435752452811
0.2937100293910115,-0.5601419833489659,-0.06464675019714358,-0.5133311987407488,0.5948468114873178
0.03824482681098826,0.05667656809803828,0.30264518278804153,-0.25972688330548244,0.5040979051582174
-0.23887350031297855,0.03316127550903719,0.3454707926851139,-0.4178873466570425,-0.6657031025039468
-0.459759457589871,-0.14548842854731006,-0.319535507678984,0.135420878788341,0.05261010833592314
-0.5337572833346047,-1.1672422493448487,-0.30605075995683917,-0.13441656536662838,-0.2653569075770874
-0.23657285551445217,-0.3691521658185598,0.03127741033239839,-0.1398594744051101,-0.644039809605349
-0.4908834052478195,0.05973778838536589,-0.5991425645514911,-0.34479212021304584,0.021983658742838807
-0.1737962966472757,0.6828095607678031,-0.8610085387854307,-0.31403981080425597,-0.02805286470246715
0.08297289508449113,-0.08881391147279272,-0.4772990349408273,-0.48134804490909955,-0.20605501702796553
-0.2138191135667769,0.4945801854206571,-0.09993099833169836,-0.30054905406782856,-0.6114442072097753
-0.25841375220674767,0.2533011250916178,-0.29973224684686894,-0.4242768176757614,0.6608268072334162
-0.07015269705785682,-0.43104785307945837,-0.33781360229913415,-0.26773690795423355,0.5758306876878091
0.40056184400111317,-0.5054189344777774,0.07374526419754651,1.0023409003815411,-0.418920832359396
-0.2468965597905366,0.2602478482850977,0.3137752265653015,0.04257935585438899,-0.5071320810758841
-0.6635649352542591,0.3110052545116968,0.4369799851874795,-0.2731473603327217,-0.2823602322488448
-0.3522796472578856,0.32732958260230066,0.24148310636047088,-0.06202482005801163,0.09430632121510324
-0.7275585051562721,0.07427221986517785,-0.18317626850043472,0.06605235498734678,0.2905861246527912
-0.20293418938669994,0.122864890328272,-0.37573801814310775,-0.24450083274717882,-0.04007733270598357
0.11797562498848652,1.2813340244135005,-0.531648149566515,0.6195808750411407,-0.37956462826693854
0.5045471898779212,1.0127497514208992,-0.024639650652592993,0.619830826421767,0.7476006139721391
0.7051923203922743,0.37385981595310325,0.7134440514470491,-0.023409034196783057,-0.15693288472423872
0.9444740917360747,-0.06775801859048686,0.7085056812192418,0.46370373454600305,0.5153997411412502
0.817729395019076,-0.5732806263805852,0.833701824322085,-0.12019672779738155,0.012008216622858003
-0.09547355622914133,-0.7630943246844306,0.9822820723312996,0.2960010084717946,0.44974442296043865
0.39642219892430286,-0.7790955138504885,0.5563998140852808,-0.017332723224335517,-0.7032351150851655
-0.022445837024151094,0.022484739952006727,0.04744707362220668,0.05539707111312162,0.037709719225881594
0.05390601790106811,0.19015197679498588,-0.4436491047211741,-0.07640635616506895,-0.11972183908497303
0.12697040823890754,1.0599652713023886,0.23059371973133563,-0.4218747284418005,-0.6802179384993514
-0.5319372133326754,0.2708679062265943,0.4911193984051329,0.437243101676121,-0.030280642099870025
-0.0105089628172923,-0.6620831070047296,-0.12720539583442256,-0.14110961574678593,-0.007106934101985096
0.0818420022167915,0.011527264924806768,0.1304988085174431,0.5379240803414017,-1.007900695003885
-0.04909144578842767,-0.32492354498121395,0.16745534974697493,0.027607686353648297,0.018194321432986153
-0.3040388047668795,-0.5189930036356957,-0.39352244508947304,1.161218153939797,-0.6651290657258994
-0.0387114007309432,-0.2830859161007574,0.13225654141414267,0.6585474751888813,-0.6112690499068019
-0.1531491929911364,1.0174309843965241,0.18746118572538586,0.2624195709318371,-0.7011150521037713
-0.4491665727326952,1.0043221362877204,0.4187106406657313,-0.023168368715719687,0.42987338528716984
-0.7555051572796423,-0.36509505110477297,-0.39952553358869053,-0.09935315205429168,0.31755783001647986
0.16202694454167732,-0.026480135137137442,-0.37339026101217854,-0.14918834303664022,-1.4553940359231539
-0.03936404116424386,0.3843083081237906,0.46501317742160736,-0.2974268246035964,-0.10657299201655729
-0.3155679579711914,0.684357870408076,-0.1492433238302929,-0.3383694638945399,0.7736396699540048
0.3516110723540765,0.09885178672574599,-0.09291186736658105,-0.36598801945355713,1.027160818177311
0.7042205247919213,-0.46100370112749933,0.6239669128363341,0.48098784470356915,0.1458950597876997
0.4249527232917938,0.5208372565965731,0.4308787473284936,0.15272422662530263,0.32895039061428405
0.5321018110741381,0.5018908292185567,0.4117083131492093,0.32900239441987256,0.24799918673750043
0.7400771266987853,-0.16369569187347732,0.5518139128506078,0.4405107548251427,0.38505275396542227
-0.004235602802891425,-0.2165246324815447,0.8531248179271844,0.2674827787632081,0.8294751362631149
0.3490139619019843,0.12091385989643454,-0.1400634626332362,-0.1258235364601627,0.5930280858820137
0.022598557167050393,-0.15536503540208366,0.5553647914364039,0.19794415725951026,0.26270167429870306
-0.4712257361073527,0.5422008728301384,0.008621449178497748,0.5112928793517889,0.04705180735712709
0.26102978702239676,0.06220095779309426,0.01626896629387703,-0.13501944741969443,-0.010963014576011912
0.22924882982424477,0.6827827334025361,0.14133174736568774,-0.40750991368241446,-0.26135459636949776
-0.20437022626104467,0.5975029626993423,0.12370458340594476,-0.4059628370805116,0.8032132377840202
-0.5053287668717645,0.709337331203258,-0.3146916758231479,-0.38523431156636634,0.08364467888560552
-0.13557679780490417,0.6785604408174108,-0.15885440661601374,1.0226906221089813,0.7536527226401745
0.26154139614192723,0.00459948628015705,0.14151420435076767,0.04679522349277804,0.37615912640438987
-0.09137314372232683,-0.8457736893181942,0.6666363237994579,-0.31949786080099624,0.6870600892674702
0.07717983889402615,-0.6162468649675579,0.5698399657002893,-0.2599724811244635,-0.6835435694828799
-0.5158653614503161,0.6240785258966148,0.48584201778362957,0.03427928620476477,-0.3584541744205389
-0.15151333191054306,0.6686448723490166,-0.33032859955752825,-0.3200743673555248,-0.5902802017836137
0.20359697955875677,0.0887330987118288,-0.49725612500796024,-0.016781784680539258,-0.27255873538886943
-0.00011841971971160437,0.42761666894588696,-0.3436106616727006,-0.2372324938541299,0.6066630500429925
-0.003743724384664582,0.09034559070264295,-0.5976602632969397,-0.40495039071797306,1.0795343967929354
-0.2950615518499069,-0.30905519989532537,-0.633622026354365,-0.5605677567267505,-0.4253166994481805
-0.6148320477855285,-0.5275845777486049,-0.19290946120230246,0.004725770211113867,-0.6202073096451466
-0.7878912602177222,-0.9017234190819784,0.10123139699708011,-0.1792415684443226,-0.17718127839168873
-0.7538791799112382,-0.7167716235530013,-0.8438168287854813,-0.257604611500766,-0.5966656843765605
-0.25049077994024754,1.005408190278782,-1.0376351511450097,-0.4431692249610388,-0.29973578065676454
0.24806796758476204,0.5243484636763849,-0.8508791408072167,0.2636024418828802,0.47264022703253405
-0.01418686137016116,0.3863447149261272,0.1971039625121772,-0.0057073896343513425,0.5991011010776257
-0.48467274000242083,-0.2580963730852761,0.05454686808067721,-0.38150544116595286,0.1642664847570564
-0.19002096938667465,0.3449693898443788,-0.6887004592661556,-0.4788627020452404,0.3342252532449154
-0.5550381340760864,-0.030978246110053287,-0.25127458798280267,-0.40692689231934864,1.0548000155622057
-0.7346589405065329,-1.4567183585397376,-0.33569172168474837,-0.35243024073503376,-0.30484930651454745
-0.15436095764925106,-0.733133054472836,-0.4314030186061818,0.08470133546627548,-1.1502821694401257
-0.3392569609371878,-0.39971988508597744,-0.26901715301064427,0.26611853480106,-0.9179509609039691
-0.5306487481786132,0.0061312320660909525,-0.6667264404870443,0.5017223238764256,0.20356127935391433
-0.3858502744696443,0.33968117394444247,-0.7062106737443963,0.15066851392239558,0.11145328952147249
0.11843154970147443,0.4186739684198345,-0.6800491660946467,-0.32899981533634504,-0.9818690542008257
-0.31857054196467166,-0.17419520027309882,0.341850068948093,-0.2514822405479607,1.1683059883712246
-0.7175869591828704,-0.5999904863622314,-0.06893395256244486,-0.3670588613068116,-0.4284044737843079
-0.8929640706160835,0.19675817099668247,-0.5732352336870778,-0.4847167283312668,-1.2921269280011525
-0.39041024226138044,-0.3762234750250752,-0.7349553027328511,0.44207521181027243,-0.10013966331555729
-0.08453976124934681,-1.0769459420821725,-0.4906111825543191,-0.16857353377463896,-0.06557451610286857
-0.057876806833856986,-1.1747576222808327,-0.08648692012369341,0.10840191731288636,-0.4870836993664486
0.5177573923838816,0.026216690926762154,0.33459785471448467,0.2133683168623648,-0.7560554903226894
-0.13627998656767937,-0.2271982201706388,-0.09387596689038968,0.22208671427985693,0.10614693754042517
-0.43417566948773934,0.7788376343658517,-0.48441644920226196,-0.17658651662084443,0.24710964012030107
-0.13914556422686236,-0.038556450878213855,-0.5049612370929765,-0.4163909629912982,0.4101352427271639
-0.2914774581757704,-0.17869690870115532,-0.04605802332239958,-0.32080691844053477,-0.6022388347349761
-0.6693326723872246,0.5450024427491791,-0.10596897605398783,-0.5111176840260953,0.012540448289077633
-0.5788024654000068,0.15292933599803363,-0.4119568302350321,-0.3641882512632541,-0.046164061324640654
-0.6967056862713016,0.9711062893318647,-0.14819040429393304,-0.49463727940719737,-0.6990108749607753
-0.0966559194664331,0.6464397822998728,-0.3944883802357961,0.341325560906946,-0.41017243982990675
0.06767662744153405,1.0257787686887583,-0.12660563492517038,-0.22806709791715957,-0.32979984902391585
-0.1316689205287066,1.0526081209100482,0.34164704164972093,0.031530614680313346,0.4330148174112647
0.1355712245762059,0.33943841115842893,0.10165175607532403,-0.039295377779443474,1.013969170489105
0.002722241964323774,0.5870375756653132,0.3439523214388286,-0.26623725248698704,-0.33280064150700683
-0.5261336929258569,-0.38944457273998145,0.2587647656422003,-0.4558859112045814,-0.28273120228931337
-0.4291196598454244,-0.4155946717601176,-0.034016933652462056,-0.33146958620377365,-0.4099640383814223
-0.807429576756564,-0.1415297287586932,-0.17008824143877246,-0.23224952954406958,-0.21879644653820293
-0.7166941821661936,-0.6404497872508046,-0.6983090868713694,-0.25886972002629455,0.5383308749485093
-0.38935305705466283,-0.32669611550480837,-0.45445089366152214,-0.28548236613280176,-0.7744659895153653
-0.13572768747955932,-0.1734595709451965,-0.1523629304606905,-0.501998205488627,-0.9634323163652392
0.5238955940819445,-0.6441241196519438,0.015330102385755606,0.46218148256065966,1.0123433128530304
0.21624623033838453,0.21904058079808675,-0.10264339597465771,0.25833331231018863,0.3862669285936976
-0.18166204097459238,-0.30687752573336835,-0.217168733637557,-0.1313497224965934,-0.3316133362942493
-0.035863138716029086,-0.029391953465899873,-0.2902953727109981,-0.20348719946612842,0.2339274969315981
-0.0038712994127155786,-0.08967627301482632,0.16248363570241608,-0.3998886031796213,-0.49965003855384577
0.565579773637702,0.4916355321525722,0.45654259226122285,0.341415703173679,-0.02674083444057595
-0.15595244815821052,0.49956089605220816,0.3420702503082659,0.0947174161634273,0.428530052812541
0.2155653116332084,1.1008340649087984,-0.10787822296298903,-0.31198341664545653,-0.6954261627554135
0.6549564944544256,0.41429229689527103,-0.3152313808902544,-0.4229594445746236,1.8902104330008735
0.8261358000607546,0.15746416070640773,0.424723728364836,-0.26779092065997523,1.49238476682335
-0.15048344741208974,-0.20989581732467755,0.10038610927277114,0.09864291905229924,0.013036294692952644
0.1347308000449684,-0.4889891363123841,-0.24947125973353396,0.746390738095292,-0.003021428249152247
0.3551761774653897,0.1520409501838108,0.05765443458552949,-0.06358403807481944,-1.3312439106488212
-0.4112320219203428,-0.40913506279124356,-0.03976273555735982,-0.24568721709515817,0.4098483037609137
-0.6173863696948327,0.14885511323261283,0.028939956480727697,-0.2782796422093622,-0.48006881112281335
-0.6920946246380137,0.013822272423974345,-0.17825754514147074,0.5910908913965882,-0.5761820661841143
0.2448498734981649,0.053697276589186,-0.26088222099870306,-0.10512784892845664,-0.8358291125198027
-0.46108722287388065,1.3849829181373297,-0.25620069340509505,-0.3441494299637303,0.07072799307023285
-0.3856785925345212,1.0081335392442605,-0.42431136498450583,-0.37051247735225207,0.2248091731017984
-0.5975695417852189,1.0941893782876901,0.12763781680705477,-0.03562009265402383,0.14745864751378282
-0.08198850145926351,1.3187943232729937,-0.6254992342262655,-0.34681888540388406,0.017791198272769253
-0.3467955037778777,1.706395762284009,0.2469498989893431,-0.5229613014572436,1.1325486205114779
-0.21750518924240564,0.9845132497237483,-0.4283946915587432,-0.12690708710894402,1.3298162839243302
-0.14630543202337956,0.5102218011467912,0.10998298263309547,-0.15092378947012716,0.051668861350915724
0.0616719808684784,0.16336223067316763,0.220149517407628,-0.4479607654583503,0.44376075033050427
0.19836589386825507,0.4359952629299959,-0.028698999405284475,-0.27275005963394694,0.5322777276025528
0.6145570534602409,0.5735064974000377,-0.18922964406915424,0.027765193308565056,0.5347074197036861
-0.021457911247638406,0.33728955849835895,0.6000814965650797,0.026906270609409443,-0.367028230712639
0.42591048444913876,-0.6270564680715298,0.060768072772280024,-0.34273962623781556,-0.306506549814482
0.4881756531753322,-0.31494690782013784,-0.15554620568093605,0.021853437360574046,-0.32174433658696594
0.33841934732664253,-1.135875384454449,0.563572147710611,-0.3251814635144554,-0.26589225765742674
0.39005904087004306,-0.47893086107417876,0.42397581003425083,-0.4191430937788424,-0.2869868524128999
0.036274154155211236,-0.8626649214145605,-0.0962901600265117,0.18122312972767404,-0.28837461771893813
0.42626106653708673,-0.24972228418949832,-0.056491906802046396,-0.0917639465706886,-0.38480269156967317
0.45168088325160005,-0.6943426929777275,-0.03284218453272003,0.3112202325636752,0.12486904632165115
0.05091098995144333,-0.7700425109429455,-0.12049000067991789,-0.011862176040571493,0.10803234153518361
-0.2590618142083946,-0.3175598943505749,-0.36802928337039253,-0.3987212092371426,-0.07333410167477919
-0.5302970873878532,-0.5410158359099765,-0.1626775697540924,-0.4716504319015785,-0.11670850465808214
-0.7750730585618839,0.19583032852048377,-0.1760758571318799,-0.5175504567198241,-0.3253715480988204
0.007280577682289513,0.29376918522997797,-0.40537106688971436,-0.4306176659628026,-0.24247501931002088
-0.4500984472553462,-0.726226032231631,0.12148341354165718,-0.22590997616554453,-0.8766402907286662
-0.6550386228806886,-1.3336470379275998,-0.6659038414847277,-0.3531404880397948,-1.024177808721621
-0.853896484429814,-0.4384509640354316,-0.45193430502586895,-0.2598401553829783,-0.7399980501031712
-0.5959981009852051,1.0121662898341952,-0.852548041200586,-0.20425391791108224,-0.14175971458508985
-0.09647480260802543,0.3156129952548388,-1.0365191096824344,0.5039739681918949,-0.1739054101606093
-0.6163202079335757,-0.2404558415317886,-0.6554204915335611,0.31623591965215453,0.19446587976492732
-0.47405211025486194,0.30138485346677035,-0.14412427211470558,-0.08267108850246233,-1.221992202886887
0.36013820011811876,-0.50402863765965,-0.49114090281592154,-0.18143980064956922,0.3353962495338442
0.7306776804184227,-0.5420048885595596,-0.19385837109084006,0.18982542382156103,-0.44105004931283764
0.84478819660331,-0.1352716152155924,0.23708294046652756,-0.26854995042160223,0.05434825520602107
0.9824672249908605,0.091411103580075,0.5150962673616059,-0.21072563401011052,-0.2356988914435853
0.03076754004855703,-0.3258743669879778,0.9438720136042174,-0.10573364928870674,0.9437876297702874
0.2667562982218813,-0.4400157595369208,0.14107519329863139,0.2686602881427522,0.2350400707915642
0.19175514313165548,0.2939969710679008,0.20357605893897587,0.6465517650064437,-0.6240606227282401
0.428623483831605,0.22450912510861964,0.4137811944128348,-0.041827020893683675,0.08691433699442769
0.10573730419935512,0.41828543502501864,-0.0944444958769215,0.23878196238472288,1.1035069794525807
0.49866941524804703,0.7850790164924288,-0.1370100182971619,-0.15593753693941792,0.17767982887899839
-0.336283343923265,0.5461861279815212,-0.2571950553747455,-0.16812216829500848,0.9827161060841014
-0.6538324753687532,0.6134535102356755,0.12071702552311123,-0.2798561328246484,0.06706178434012189
-0.30073546510321036,0.46107451966302426,-0.7461212246394207,-0.3633148085530716,-0.4886837755938583
-0.08347279300407051,0.1314061917033896,-0.2511404662004767,-0.35776904273820886,0.6735083481332461
-0.5458294435564066,0.11723985864198046,0.11927969495731393,-0.5221852456556052,-0.0876848665077199
-0.49575386692494466,0.7246828196921794,0.25907852180888424,-0.05312076921324824,0.06716795986253937
-0.43504507408782966,0.639582458386875,-0.19256894607289002,-0.36194187133074923,0.2747077355033498
-0.6773107535359895,1.1124543123805544,0.16965460874713495,-0.4449612811197501,-0.0907639180836768
-0.6603258655706176,0.5877758100766439,-0.003098486214685503,0.013272232762774783,0.591220897659861
-0.6222153444772835,0.20960657460825566,0.02763640535543871,-0.24935516470640984,0.62145113273607
-0.22292805079370182,0.29322217920246496,0.05195054810102695,0.1413959244374865,-0.4485897913590544
0.30300588428542335,0.08687786914954562,0.3310128697646406,0.07576726863845787,-0.24310984964220206
0.6273674474077823,-0.11644698745532588,-0.0029286679771962087,0.5474229515334856,-0.06597800400156345
-0.14006983045288218,0.09453529615249323,0.15682713326085773,0.34585040030991937,1.0321780293035863
-0.530615242792958,0.4928212426546636,0.4132100755520382,0.07434618082419639,-0.28040627417480146
-0.47141305718358567,0.19685370923992807,0.3187125067017249,0.5976051670844046,-1.2887712696719769
-0.06933005628013286,0.3431881664020809,0.0009369697234093144,-0.13601869202155642,-0.2967334507058925
-0.10465340038830682,0.36014948284011006,-0.39510933285771993,0.11815216282984797,-0.05159433974484748
-0.07982317106301184,-1.0365574149257122,-0.48961519049177654,-0.35233934325758665,-0.638650922581397
-0.08135202912738099,-0.5074474456096263,-0.025849477134985754,-0.14576331631245149,-0.7678747470148186
-0.33082839605686554,-0.44164027227013436,-0.1080201060382149,-0.3442004146308607,0.045231634331889536
-0.043678098566384105,0.40650019664071446,-0.36063417384731433,0.08353234380700206,-0.07898162418885396
0.21256867402533694,0.0722949984364082,-0.16022251409387156,-0.3592234415773074,-0.18853696369543427
0.6731689606852719,-0.5010010665626954,0.3266090752003928,-0.12781700928230594,-0.4690606746897054
0.5043974170892129,-0.019583123227610688,0.075968875130481,-0.18191587889538047,0.7588839422979499
0.5821265168086552,0.6883476335924466,0.048387485567968236,-0.36271409478274785,-0.5488372690211079
0.620126551436091,0.035638606014325086,0.5306980416743621,-0.008638808637114748,-0.007904086162763613
-0.19086666220727933,-0.37611247488265914,0.35249221762132066,-0.1626399976939097,-0.10523052797707094
0.17560730749031433,-1.2942894879856008,-0.4480478707590475,-0.4222907280106317,0.2007250117016594
0.37115746309284026,-1.2711544642131059,-0.5331049684530378,-0.3078718908125472,-0.24169193022838123
-0.13356440080112547,0.03091677841594842,-0.017928089275032366,-0.307615869137274,-0.4731577848731884
0.32247163089330977,0.16344605006129906,-0.4245482345793925,-0.5176876582721146,-1.0828916311411088
0.5515173957418636,0.7145612149591112,0.35009698340561823,-0.04025045590290399,0.5664152704969174
0.7012913194536619,0.6605722255619728,0.8424191424362946,-0.24665915779682754,0.6930929590436443
0.8280885571089918,-0.29652675253173577,0.8205620663981197,2.096482301699026,0.7451065683000347
0.14746528028576666,0.09609467555097391,1.0590892772039333,0.4577116861471243,1.190364916764123
0.05423487704065183,0.5329527316627013,0.7496297793461075,-0.19817987084233946,0.020587256244403496
0.055557792542070966,-0.4647963632485236,0.06340193619070017,-0.18966929442874791,0.2979816191113982
-0.22677475229317917,-0.1943198441679857,0.12871598450926883,-0.24917685767225067,-0.7209249785402232
-0.7100622937388293,-0.2870752358208237,-0.2901026094674957,0.31697074622086246,-0.36096626289358213
0.041397618348744725,0.23021987146922637,-0.2718521514972355,0.17636399161409605,-1.8257038373581644
-0.4224622908005149,-1.039445773674791,-0.49609580085520333,0.26332598421777753,0.32607881909615566
-0.7370054317439325,-1.4417459209761456,-0.014934809178727138,-0.11850483095036317,-1.7065353730316426
-0.7790757823239365,-0.476670526729281,-0.4128931528015003,-0.09754351019247957,-0.2866384468297045
-0.3031896493212003,-0.42355979815011935,-0.5938383889434778,0.012367834733012284,-0.5967782621367249
-0.6527474186315972,0.07891244085527477,-0.07719678714181805,-0.12652260999231804,0.29862734276179626
-0.5692533170171272,0.3177159202677507,-0.5437766944388741,-0.44927927204610546,-0.40315306121018735
-0.307151217632178,0.8133208927463595,-0.6889334462439621,-0.4126095485655892,-0.7985889677958047
0.21679981998445463,1.1076344913738574,-0.7846106554954647,1.6099623740615123,-0.5791556572948625
0.058241343576580895,0.47860591750721215,0.1311184191180861,0.7727732969768066,0.5945206666102792
-0.2605791213215114,-0.6188941517186621,-0.4257035446621334,0.5622624457149937,-0.12127995343965031
-0.18966133872491286,-0.9086684661020127,-0.3959780423850844,-0.04168957177240942,-0.1937500225452534
0.2446547599122395,-1.0733245946076138,-0.423773767154268,-0.07500956874617491,-0.546909064334436
0.07238139249240727,-0.6047559706667314,0.25837466067986076,-0.18034423375854938,0.10003656290348811
-0.006171503513682897,0.2105702355325018,-0.251376452996606,0.2917931588450943,0.25908556811382877
0.3130533329134163,-0.13748776969281895,0.26807801513998675,-0.185714309274791,0.21672579137525666
0.6663531597878671,0.22084562098134375,0.4412381371725534,-0.1499996056507821,0.4923490534395494
0.3033528374256683,0.3124784304473798,0.3321530436842056,-0.40813389251603555,0.39817805176369486
0.7221764205459154,-0.034839640555796095,0.14203727885374529,-0.03763302140492911,0.16496933676186015
0.19392608602941702,-0.044774169607557465,0.2170465512728177,-0.21795839547121162,0.37408535559193784
-0.2944906239488675,-0.12678248723422808,0.5177504664485301,-0.35957147012592,0.050520080362842175
-0.3210274262642317,-1.1296601675820095,0.22306305540095492,0.2305944931583255,0.13379608628293613
-0.46619480220180154,-0.0638737503693419,-0.3212595865131936,0.14314948068829775,0.146367917683645
-0.373191240085196,0.5828424907725769,-0.287297174073558,0.42985706766886966,-0.8367391816355484
-0.45664529642554835,-0.16017220096804538,-0.3656424883393518,-0.21417934435487623,0.3839018473947538
0.34874831244600313,-0.42268645504880836,0.07829013062663931,-0.2844164048362603,-0.6486223856978034
0.40378678662789036,-0.3187262925417635,0.28702243664841376,-0.44949754287245486,-1.4055593179998214
0.6583204504894831,-0.06834007916397625,0.768054284865013,-0.3842827760341806,0.20125336356858273
0.7366032038010182,0.1638080754013949,0.17237476076259794,-0.4764716561710828,-0.020734995482478258
0.09132344392132524,0.7926744390494572,0.03453877136258049,0.1674092071885924,-0.13894338672329187
-0.5518174979597934,0.7348694398021423,-0.05001572871745351,-0.15919755898101684,-0.057998876970448365
-0.6009516249262568,0.24345971567965502,-0.4235628841823523,0.18523437749379434,0.22350387492543938
-0.5484477738632842,-0.14436183517114812,-0.7410056306393373,0.06142928439238653,-0.8618905324547057
-0.15262078430158388,-0.1999836468934628,-0.9529343346862659,-0.20289843727801354,0.22139182512023758
0.4744160510643799,-0.7735785548507126,-0.3717414547953136,0.23279027818331885,-0.4506160095943487
-0.10428624209415638,0.5904714235460498,0.11713948369972008,0.4631303297364755,0.037836955684980716
-0.26546208283105444,0.5345170033309901,-0.29517161133141145,0.9336190399016775,0.09865759684569485
-0.24235847358353352,-0.26244115615343977,-0.5861390801478537,0.36491477827139235,0.5583268300549039
-0.002240138519269713,-0.24417451020586062,-0.4444133801644694,0.2127684555693762,0.35904822315679125
0.34144257184601684,0.6550210311675279,-0.09316878974464354,1.615330450161209,-0.4021668014503586
-0.27046451836841434,0.3983830785412588,-0.20257762265612642,0.3148893682025187,0.7072549862900033
-0.035138832949763,-0.18654026511184502,-0.48096365969293736,0.2748147870344419,0.41385018845205557
-0.432936221580025,-1.0700704342016016,-0.6368681326793577,1.343653138692582,0.25831011215751976
-0.017935617978883545,-0.4683506005732136,-0.6660718520512265,0.4709741450130938,-0.029030961794024535
-0.20229717953156534,0.2551587745765691,-0.003374919995762171,-0.09886476822112117,-0.2995163110625175
-0.24817763047644203,0.35777115227316336,-0.09424079999270472,-0.3202569822628688,1.054677909901014
0.11119845952793717,0.06935434556002543,0.2824382240322351,-0.3997957206575516,-0.24095591839045757
0.6512399018052057,-0.07686818587273624,0.2194644492166288,-0.42363352489647266,-0.4979567494419356
0.4342031505652687,-0.024012767346333896,0.11817371750040767,-0.5126832182288688,0.12267180090499707
0.43498135573557345,0.6660735923458972,0.4265850667445026,0.5554933596054553,0.7428919948027006
-0.015243719205738832,0.3578137208854329,0.4031816852339454,0.018046390999766432,0.23321939783670648
-0.2745106935021153,0.7384301876851427,-0.05529051256237337,-0.18799019835179948,-0.57342301287083
-0.2438091947008893,0.5908029491156506,-0.23832282207952715,-0.3969631426338127,-0.6842437088642189
0.4779194048523637,0.2801732238540306,-0.22391180999244809,-0.5466362778176885,0.3408338890300412
-0.3117042747683478,-0.11538240648227949,0.31484451881828757,0.2579326267197841,0.1670327727670189
-0.034711653699023154,-0.084741627122358,-0.40239494057670533,-0.16097580150214968,-0.7525565854442985
-0.3670061725748641,0.6289919760250697,-0.056974681251399595,-0.058243740180976236,0.33980707207589195
-0.02996723158515624,0.01539221425056378,-0.28792427187646835,-0.15420930671212046,0.6617520112153382
-0.5241490763140809,-0.043109568559778086,-0.5271243595196664,-0.4017753194005405,-0.14145756382007213
0.2278632550162541,0.14881243851734502,-0.8756471757690655,0.7958196798400647,0.9430100353109258
-0.2475165345558514,0.524989034054254,-0.06859635033699937,-0.0035299693268204257,1.1964741160025898
-0.3907769540743243,-0.6418043908488734,0.2808036405530794,0.607012760866542,-0.746342572518903
-0.3680108395684095,-0.4765180737902337,0.36229158175218934,0.07858093066829636,-0.3604137780423614
0.007608375064789008,0.06774738215399634,-0.48403762291914665,-0.34080765353218917,-1.7537944127080056
-0.35810138910199873,0.8286772602547576,0.18484583006895217,-0.403676105633079,0.7743387531503937
-0.3968676836422049,0.07142560052993296,-0.5652964986353904,-0.5077347562473962,0.3662087497552824
-0.6326122795007076,0.1682208817213723,-0.622184572139485,-0.2710360579567386,0.06381232347515353
-0.499739370499093,0.39600473799102687,-0.8751783334605913,-0.09885613010591303,-1.8867513164504026
-0.2347278046144104,-1.321576926401676,-0.441215806514512,0.319743436153828,0.20033733264832307
0.35930861047183704,-0.09724433855145953,-0.6396813603031681,0.5005821771512768,-0.7208333230389976
0.25986071884626183,0.06301690137447233,0.1096135227946281,-0.15279550613714307,0.3582602618081221
-0.20740775235195213,0.17398488337360207,-0.16991905490452988,0.01523929801513245,-0.7758564147522131
0.02070931704037096,-0.34573077287727105,0.12475223757874007,0.31396532415993683,-0.2727947353403316
0.2756731484678291,-0.25300782426748414,-0.412436733129249,-0.1918424105040439,0.2940182075419515
0.6303701709201066,0.5141021921986773,-0.06980023921983455,0.35199376701327123,0.28407049949016017
0.2824146428112513,-0.2085242861840616,-0.18455488809933585,-0.2111262931284073,0.6286869862556317
0.2209434859410231,-0.14866828331531795,0.04856612635357399,0.22770065994017236,-0.10912996625472586
0.06655415885802407,0.14017055374854226,-0.031503792183153634,0.5686115487409202,-0.5450243972582607
0.23490344707859145,0.49387164429990243,-0.16382430628391786,1.0027586933130506,-0.3083647959522634
-0.2669604234754878,0.14110663171515264,0.2886043024139805,0.9359101366950535,0.5726940614490941
-0.7284894013838766,1.4032916426155113,0.27044152047487513,0.9756516454218098,0.6702479059343829
-0.19749097801410892,0.27602930721567787,0.05511843918223591,0.1878147454395514,0.16914181154141864
-0.36415694637450446,0.4882380128989381,0.16601497494459616,-0.1675258759393058,-0.5015810678702777
-0.5471426839339009,-0.5697561860334514,-0.5933016349483401,0.5748553584623484,0.2592176225363259
-0.6136290116520253,-0.704212288136711,-0.6204885805812106,-0.003641521889301863,-0.9804434203334228
-0.3280947922124229,-0.4584295783148732,-0.44540994766513287,-0.0735137573913709,-0.10058882038661443
-0.4603972953254705,0.21635055810177792,-0.17751535853121658,-0.3036626917309619,-0.6270392337222802
0.22168874755430276,0.6265773632583993,-0.2663054204981982,-0.21572138529370372,-0.5049688264639867
0.6851747818019552,-0.25937680754796355,-0.39515832001241663,-0.24023809154394526,0.8137794362269599
0.19883607549017407,-0.615810536439645,-0.0110564550540444,-0.1911386636598249,-0.15250642994929603
0.34702610793472644,-0.293190407922889,0.5101342127550725,-0.4192869033304289,-0.11923789431090963
0.1904381208965828,0.21246253934353757,0.6241140024890585,-0.06515882172544496,0.3127605562956637
0.2961776436513639,-0.7633838199454097,-0.09045465576853595,-0.13229927581705292,0.3414533365094115
-0.34852342853198104,-0.42822828174079264,-0.0090130953325267,-0.015872500895236265,0.16241757190979986
-0.1020257725399552,-0.7272392040422578,-0.5435922211583257,0.4443758383168679,-0.4506388604331584
0.4549895678933169,0.045800913630327345,-0.08808742024657798,0.23526919397355422,-0.6484383245789291
0.8126754689823918,-0.7060262265251707,-0.05609308965037063,-0.1686013553195425,1.110591230121287
0.3405119740289587,-0.013487505830873991,0.17732793553334386,-0.4418419149875408,0.5562946931485291
-0.3425240955727434,0.027749688001562717,-0.10503731896663665,0.04340202661259063,-1.0476713818508434
-0.09786021479621812,0.06391871489747006,0.27043442596406897,-0.010516224741075275,-0.6626153986355967
0.05692673424385268,-0.24846621528969656,0.09414275211245109,-0.15872764420087693,0.15937103927032847
-0.46593553098492696,-0.7113510056585794,0.2318300032495256,-0.2356109655588854,-0.2021076106612171
-0.05924302952682006,-0.6465961678143992,0.1349871334248574,-0.4036342819946903,-1.4922083399429644
0.2632518296885027,-0.22579790818325204,0.1502209101050363,-0.4344284292261532,-1.340305328901735
-0.056068527289495795,0.02720130031676593,0.5094810856766976,-0.33894927652913487,-0.5073690022664239
-0.16920272194409672,0.04206649871433008,0.12491725042486188,-0.3014192900708715,0.33897552899792555
-0.20075080763554115,-0.4936563228397128,0.28575799411575614,-0.35597202909438164,-0.41070265108020415
-0.5093763140321607,0.237790961776903,0.09021853304468826,-0.3813193424411954,-1.7046538378964806
0.16897540722076693,0.04635848315802692,-0.516618593910265,-0.502892144822152,0.017670517281086567
0.43920639530327477,0.22964152497765133,-0.4798302865296015,0.12597026306980041,0.007143351373306142
0.0964485966743664,-0.2766845390321761,-0.39875566685122765,-0.2034966858443499,0.1336921738776618
0.6372094853997866,-0.4595078462200202,0.29882826203333546,-0.12621187735783057,-0.42500311005959696
0.7390009640703401,-0.04364101632341316,0.8023852868348788,-0.19687003416299861,-0.4125622920223015
0.6204754595340519,0.11622048496407088,0.4628336653887788,-0.46292981141752054,0.38138929321575765
0.0250334842849515,-1.1933923453423299,-0.023305133517577403,-0.39793553691693284,0.6343481098559224
0.39956522184313403,-0.13577663539558865,-0.27965683136469544,-0.5571495889545067,-0.7255599026143015
0.09897368389199418,-0.8234009625322639,0.46055604102214015,-0.5780915609423632,0.37929660752017436
0.192729836345114,-0.31754364303328236,0.17117653711688496,-0.5239914538588472,-0.9320343059413704
-0.3397325351758895,-0.6172422956020697,0.22172471218860546,-0.3388245996255351,-0.06726228871632747
-0.46483233391512935,-0.7077137779709551,-0.3917327110904812,-0.4294965806888935,0.45067790843917105
-0.027237956314490497,-0.2840048603936559,0.05747278913244197,-0.18490947384520073,-1.0835560719301567
0.28868362979597106,0.11192825334316901,0.48023895098646086,-0.4050387272308377,0.007777166764026733
-0.11967318136614064,0.09159143417751556,0.6252259504841818,0.33416947739827685,0.8164821049405316
0.08461499939104525,0.22100842405343313,0.1665185397281324,-0.22568643147470663,-0.1753676935275301
0.6316205239956941,0.08399202816210467,0.16761608828929575,0.3287061210560485,-0.2232983661230401
0.7278872365740265,-0.5233491151084784,0.16251476201714588,-0.004544142108624416,0.5463397510101585
-0.03844639919562032,-0.5582225979712457,0.1659218596047659,-0.22306313148133097,0.4452112059217497
0.31720944234666315,-1.1745975770220487,-0.23170391775740762,-0.19487407032482573,0.15880258437522732
-0.13121436075763543,-1.017393694373095,-0.11528407493870996,-0.12398130710169626,-0.9286599261865832
0.12851619276063422,-0.037785253443021916,-0.39508769080373624,-0.4114712294376308,-1.3137283102157138
-0.041254017478276436,-0.2911153156302231,-0.33031605170806816,-0.505618795935361,-0.014406661048966984
-0.44009804685037485,-0.8358826323543467,0.37193847986422135,-0.3968105554195827,-0.5957496899842919
-0.09094688806056664,-0.29390877415202915,-0.12818901121334553,-0.4698543670029635,-0.38129474207330233
0.32711809166280503,0.148148857053198,0.1974292024674866,-0.5510839171488645,-0.22588398303164092
0.47920526947404757,0.010890229520642801,0.0686606440806285,-0.30803808145743383,-0.586873610049157
0.4755045889816313,-0.5011900653464497,0.516572418990487,0.7349014190774745,-0.50948439227624
0.8035207555344279,-1.0046026847572813,0.6553020906128288,0.12585856392716757,0.4649863136270313
0.0705160968628587,-0.2348819405481714,0.6977198428237148,-0.19491116958518112,0.09229737742008902
-0.043395271987269196,-0.7716642841442504,0.7066529353413704,0.14245796558561125,-0.6959626359059305
-0.36022353637427135,-0.2740683990842021,-0.28765375802748094,0.9658420994943776,-0.4592502290329892
-0.25917851680606174,0.4425334693704076,-0.33543515164835697,0.4163300499720776,-0.8956907207933595
-0.3893267823351751,0.5581278904523388,-0.4721234515683431,0.42086114821423004,0.52695849357363
-0.7176815898849059,0.3081865224478846,-0.08684098482201519,0.8561424038315195,0.9453447642919576
-0.563072736015841,0.7331670222912586,-0.7241559816964616,0.8023766957839258,0.27666449881546357
-0.3720582093018725,0.2019709961473361,-0.30090210654619853,0.2091299798181805,0.6153062225275503
0.3058440892124257,-0.4543612326847663,-0.4609703084626078,-0.17037669898069258,-0.7417473021435765
0.025477821619941388,-0.18027466430615083,-0.35420487345096585,-0.4286492017442922,0.22180397140495053
-0.18486783530418122,-0.15214903565684423,-0.16996265796461962,-0.44041597049225567,-1.4799974315650128
-0.6321010793295319,0.5696811274546162,-0.21555295419714424,-0.5445244428383138,0.06266026991578624
0.2810109951066785,-0.004419387018141874,-0.7235894220784901,0.47233788456717585,-0.6082316088644681
0.6909964514430067,-0.2277805282222551,-0.3932562077518993,0.3225043744267627,-0.41046322585134615
0.8928481459651302,-0.8230215978611337,-0.2679980927044958,-0.05083338632577608,0.7994218494423241
0.3524672179946929,-0.7661796676452093,0.14438940213962714,1.2095829592518466,-0.48112721224722843
0.20770855600886198,-1.0717307425500353,0.33577538821714903,0.32901029209897076,-0.13652823793819546
0.19055980326868976,-0.19468889491955918,0.12041212300478535,0.4709967142301773,-0.5364183507074203
0.4196570631433414,-0.2949385429326472,0.3182102492583766,0.19260935981481495,0.22785041466089528
0.12145125560676528,-0.12349302695494199,0.2512891129801946,-0.04364110097058073,0.07675212450381405
0.6575320311835227,-0.4857011251257224,0.20532230316123368,-0.14157131361402642,0.06905659527633579
-0.10226157007418374,-0.8229687545991371,0.6683134023370425,0.6253507856675147,0.7482119099333459
-0.5271248942193302,-0.1660127438942204,0.5206993362292974,0.043438358187969095,0.34692052988583466
0.25066414881120797,0.513320617310831,0.20951864111384716,-0.22931667028051458,0.31444022965851726
0.5800230357242762,0.841213155098344,0.07757849312484694,-0.018360520743829073,0.3123247511081535
0.5389293877069139,0.5457759021766435,-0.06030905550919485,-0.18685924304383805,0.34051208427850055
-0.21818578890419227,-0.7961100912502559,0.20234388263906256,-0.4537337291438874,1.11067496968948
-0.1664070031988114,-0.5480079728018707,0.19286077332345564,0.038077409508706694,-0.015325348501774416
-0.3145460128858089,-0.3307456249781946,0.17110156229313092,0.9493038515833171,0.17339417316365863
-0.6389660139406307,-0.9139998964902324,0.35162284524285004,0.04632120892324543,-0.22928079282494562
-0.8194439676496452,0.015129310908749138,-0.25040215428173274,0.23359901325448387,-0.9843011873750772
-0.7337521369104572,-0.39997907593336113,-0.009110696783729166,0.27222683998067737,-0.8878388968949736
-0.9011267035658185,-0.5089752229985689,-0.8415482791855192,-0.19090901963399737,-0.9662540942067719
-0.14818772452226198,0.5066131134498606,-1.1136297875601515,0.4006180631873444,-0.3339357439381336
0.07626187485980754,0.9949283274980112,-0.04990964193690317,0.22398155232844044,-0.0467340033696365
0.22706377450474086,0.8989565783365461,-0.26337653734995764,0.17171652257150502,-0.05205933096826654
0.3695417911193001,0.8085390816641675,0.4303193667306806,0.9940087820677576,0.4536734413891439
-0.27510888857793375,-0.48770382490693537,0.7828082031952954,0.3933134221098247,0.6929314968517748
0.06301202654078655,-0.7845451980051629,0.16934131934835986,0.3502645618614524,-0.507512867430521
-0.33004411754999596,0.4896103882320051,0.41096939806377353,-0.014637660145554399,-0.022504089626785517
-0.18555336184360105,-0.5326078678765399,0.07183009782391042,1.079846547024454,0.40945348940707843
-0.03224240661710304,0.3728767594856066,-0.044536185914162196,0.07706548839468436,-0.32084515011642184
-0.4444147658181363,-0.4191908876484757,-0.06432984794362791,-0.3559905390378006,-0.14677370020737943
0.1826859327250121,-0.24890699569213265,0.026922780257495282,-0.527741940396307,-1.053418936764242
-0.21485226746016406,-0.17128597523995193,-0.30324716790366146,-0.5308777514581884,0.27042302868543344
-0.5518398932069972,-0.7664220293873077,-0.675163952003062,-0.5951675390838489,-0.445993797778355
0.12967277529238763,-0.14994676045544417,0.01637320282034438,-0.5796512693500088,-0.41749276166333693
0.6309815235850753,-0.7702393210087599,0.42203829903879364,-0.404353865126207,-0.17724749230643533
0.5065673203880167,-1.2371101445736867,0.912150314074689,-0.37960270520596573,0.14544934427127515
0.0668442719048935,-0.6476964900456963,0.7126900546951948,-0.015450121076524298,0.32636481638597203
0.48779471835433624,-0.6770493358911517,0.026503774981188388,-0.3026886957878462,-0.6865095355513058
-0.042018666957905765,-1.171133000087879,-0.24632307585138286,-0.4757858107729182,-0.22246938005901779
0.491752755694381,-0.7732928308849045,-0.06384014390646384,-0.03827154841680269,-0.6360092499319709
0.47800683858961923,-0.952971391402132,0.3255711327514509,-0.3851256412683387,0.45467401876324526
0.21863550592612924,-0.7393434380304404,0.24199268948436842,-0.5114863056143355,-0.4321848996825932
0.38545108967242786,-0.5152909195066271,-0.2993644723936336,-0.5575960230286955,-0.2791987088805268
-0.12999698200737128,-0.2919088060770133,0.2968871996017109,-0.545713587946514,-0.9509568166559357
-0.6030620788174813,-0.29534782941817966,0.38373746339362647,-0.4476534741698576,-0.1438563505585673
0.14695851425175172,0.8735093502610317,-0.08863040521560508,-0.4040964481729238,-0.5137074026787558
0.6378811518693763,1.2352979969370095,0.3220199859479865,0.3587621268486851,0.8988288834078362
0.2712425378501566,1.1018039629417942,0.061324528952414636,0.21451558531295126,0.4191063897372206
0.16870958307512207,0.4621546030106331,0.18191216126980253,0.047000669187641564,1.321809802661712
0.04442702700061257,-0.6458057304268163,0.5593475531055457,0.022387306603418613,0.3566221328353979
0.22605224268706223,-0.5955035442629579,-0.04859526343943937,0.3990776609857891,-0.582432253931484
-0.2944705805989249,-0.022981989501111383,-0.3406113318479327,1.6869705233867434,-0.20745005419919066
-0.39702950249311375,-0.5626019104267825,-0.4199202020959332,0.48823433003741346,-0.38941596867945333
-0.5779203187236492,-0.5088145381936087,-0.2834655824687868,-0.057047942708831484,-1.2901702024519421
0.10176717757956377,-1.141996564937217,-0.7200472777937407,-0.1801911162780398,-1.0849894305364598
-0.48390836926955055,-0.39518130229602655,0.19361472037393782,0.1892548747886641,-0.20437605885961926
-0.7649059724890609,0.4876533484428621,0.09066226667654534,0.4310327561626963,-0.1890469195487432
0.09711421420044591,-0.3484812658745734,-0.37284463651187305,1.550527146536438,0.4577769514466658
-0.34040199336305166,-0.07460489464765063,-0.19010529195515158,0.8531550366573966,-0.4929260767945281
-0.2672338840688792,-0.05959400700953918,-0.1307130953429912,0.23143933316723853,-0.0860517492677304
-0.024884938275250595,-0.025101296486257987,-0.05423658767835751,0.08687870898613506,0.12497428753422613
-0.13438206939460867,-0.2870995818128882,-0.21535625266349315,-0.3615073331928727,0.14957629583300452
0.06737527426150172,-0.3285238783321814,0.1922856969751444,-0.28008678456220626,0.445140869648072
0.14369340410014075,-0.1777042630230577,-0.22506515260882443,-0.508384893516866,0.13482598622551553
-0.4522786267897193,0.9656157238313513,-0.25660205147741866,-0.21608262330573283,-0.9187994591331508
0.26817171798994227,1.2022109705865909,-0.2146795301334784,-0.17968648037651935,-0.23194095050878089
0.2737930256977368,0.2186398614072898,-0.29312691411651104,0.9951079222902278,0.6589884152495131
-0.37616670599249413,-0.4059933813952075,0.08358772162288858,0.40690665964609163,0.04880630010653261
-0.3500581808146535,-0.3496268694439475,-0.005695405581966101,-0.10539850727115349,0.029205347464206444
0.3323873313573187,0.41070166479171377,-0.405444837315584,-0.10898256817770532,0.27966076412359064
-0.23553308581167343,0.8896633423061451,0.23820099896052335,-0.1622318105670806,0.6894164751453802
-0.6031903550820398,0.0706425389118156,0.14547644724335476,-0.3687139798710056,0.9727187873208942
0.12352250138418602,-0.6050730310576116,0.1560875319598911,-0.4077267699088214,-0.6453583367541973
0.22564560176294376,-0.12384583792462422,0.11763595905095295,-0.3808393048603258,-0.31655236218160154
-0.10943044184001445,0.7140594918714542,0.36351195899225125,-0.3155152719172138,1.0121538167193291
0.4759068819102149,0.17858720632822295,0.517776888250258,-0.029239491049027816,1.0585395796353145
-0.06795040464861507,-0.06994606828340263,0.30725483904403494,0.4153407718018513,0.9348464821309683
-0.27295563968169567,-0.5042717080472641,0.5196285457458628,0.6271225118895196,-0.09195524218810748
-0.30541245962031005,-0.08663557099855232,-0.03098364301638376,0.2826045680964772,-0.39500972354927544
-0.6769809360139425,0.13665198194389924,-0.3902460114038838,-0.2650494734181906,-0.3370465490698026
-0.5873271826122088,0.3924870688344735,-0.8988728350435331,0.8258419786048294,-0.13913544733248476
-0.27540459227936886,0.5107018278058009,-0.8621239243009371,0.19346865400346464,0.4913904368404012
0.06835530929114819,-0.10869759143259045,-0.0713887387231743,-0.2728031646978969,1.1044869102747314
0.07167735880606163,-0.06652065508315534,-0.37172945778117533,-0.40217169056595575,0.4486635223134285
0.5771719122548253,0.4327438552604619,-0.07693216911362467,-0.5458734181093242,-0.1982593254668498
0.7176556342573087,-0.21076716211887875,0.3945496361060981,-0.26916554281064853,0.32873174050699566
-0.22723474825309192,-0.1900782560669353,0.5492728426524114,-0.2264533299531745,0.8931480751166463
0.3901106121896434,-0.14833016408284533,-0.30151915848161764,-0.12342130736740511,-0.5518282119754818
0.30585156789558987,0.12018145932615926,0.36012339374859137,-0.021338209770786168,-0.38359474333912746
0.16540452370692776,-0.26351238538434246,0.5804883769216591,0.3646930949342846,-0.3888187313863163
-0.10230084224006578,-0.4120949280294707,0.7416043271435482,-0.07213167134701023,-0.16523636103927614
0.0398374783412072,0.46938887821058545,0.39064362271849157,0.3096573904567149,-0.39092686465907145
-0.3575665322708462,-0.20642677929465295,0.25363682581396746,0.8264890104178331,0.2233136669897795
-0.36655543987405304,-0.07710670067268784,0.11054970192056379,0.41825337833136755,-0.4739794790280704
-0.22559162617910428,-0.00010722861193461497,-0.4163762194327639,-0.08908662074206825,0.36187224658159584
-0.5094824825464572,0.9310195979299134,0.025610825357307965,-0.1234998917254512,-0.33105050245406314
0.001056831343805853,0.7385792164105066,0.017818193024692425,-0.4465650093802046,0.14147750895421668
-0.3797441111794871,0.21737139272201528,0.05478796861483057,-0.5784199047271974,1.2455037625189895
-0.1740892247108983,0.15122484288471902,0.004258119199164884,-0.46076142323558755,-0.6669537289518144
0.11388946609359617,0.14025821861867055,0.00033412401358765,0.09404518340425569,-0.6394461529255603
-0.12323544083751203,-0.16688138838775285,0.4323401469884326,-0.2304458667010499,0.8113673220437584
-0.5404469061767807,-0.17499062715685712,0.20645508592330422,-0.23399115757933114,0.6768107238447867
-0.020581819760391418,-0.5638152059834479,0.05235522038483298,-0.028069886073718797,-0.5841910827231243
-0.41443947416090426,0.2734528905897742,-0.4426497012227051,0.08991244767146836,-0.05671241324386406
-0.7784221976474914,-1.2753583224626044,-0.482630587311082,0.3606376039825026,0.04595389420352289
-0.6498143511891388,-0.23283003815979025,-0.7080379158069836,0.674457364524348,-0.7102134854711109
-0.24303909793302225,0.6634211509632216,-0.22111120442208876,0.31972101865928637,-1.2796163764515764
-0.7140830944901297,0.8099700286060243,-0.25136342216601826,0.13690509312643234,0.5370594450371953
0.09875691150798716,0.19481560258867306,-0.6389279658525113,-0.2806650871643683,-0.25329258952708195
0.5631050989333976,-0.3117462561290967,-0.4981130463223189,0.02204958375234739,-0.49580324444341284
0.11241824128649303,-0.18733419116850852,0.6067800626917952,-0.1452079419785829,0.006222601950951007
0.43996195354655815,0.043756977031397803,0.09890399061879435,-0.13358085514225115,0.6035536642118278
0.4284925472448776,0.42107343350320225,-0.1375177871132922,-0.29422003364981836,-0.71833299640703
0.1494494035320581,1.516940333402388,0.5759888317566176,0.04912338669931576,0.8680501359673714
-0.038576730714383306,0.37153005614241086,0.41761893794237737,-0.31594887871774113,0.780095788774013
0.1450800559431102,-0.023992799662142156,-0.04937003371474501,0.07598466438139018,0.07678740947424043
0.2489597505418579,-0.7201887510475113,-0.013086325650092032,1.8900339320195783,0.46738316787533496
0.6527296915471348,-0.5593472421125476,0.005189446823999216,0.9860935680992284,-0.26360985268802833
0.8735280924084594,0.6715875612604124,0.7908306454189856,0.01197651643509745,1.0878386733385026
0.6811538978276976,0.4423432023397066,0.7668755922750458,-0.11132858083107375,1.1601887627838063
-0.254253464094524,-0.05052469900941625,1.0106283449054834,-0.2803372327790233,-0.20261788948172477
-0.5324919222619002,-0.2811574433504693,-0.1384562828040607,0.76995026625678,-0.3050152433346941
-0.6945890410103829,0.2946574313481975,-0.7656475977026607,0.17042526598711544,-0.5405893362817376
-0.7475828414282673,0.1122324583419168,-0.3434330365154964,-0.127055988075655,-0.7318184031223707
-0.9395392604460924,-0.3661640277653493,-0.9153683228636786,0.7187922705442712,-0.27954974880841277
-0.4774860797921353,-0.9314392922319286,-0.8861616697642145,0.11932132325416331,-0.599927066010534
-0.13706984624487412,-1.0125828217823512,-0.9073643276310738,-0.015274380316470604,-1.0894856212927608
-0.4879057004672027,-0.07733811845712657,0.05365649967801167,-0.3711379869111082,0.3166905291602576
-0.7934452800593746,0.27767867130778723,-0.3995463912789231,-0.4035972593984572,0.42979931907983787
-0.891269693365039,-0.021174169728178455,-0.46052397243650933,0.08297010482337872,-1.022212177065347
-0.027516097043621124,-0.1174671309336816,-0.09237698055337518,-0.18203551674298957,-1.1414559003986926
-0.06135028989155494,0.47430366680901315,-0.2414194855423055,-0.4149383721134022,0.6139587384982025
0.4963639437596419,0.4249690197108984,0.11200031591327997,-0.3519398822071902,0.13423249432054765
-0.2533353977723325,0.24220420205771717,0.7036560272232579,-0.31383346024969494,0.130353774961731
-0.4795853542602193,-0.0856162389750991,-0.39951202068039704,-0.23351005652555337,0.8652854371502738
-0.7772338992962862,0.773038832136585,0.008032198619226438,-0.4758666132102849,-1.0492026946577304
-0.4095404486571129,0.37612879996542936,-0.3448250868496994,-0.5345299407127815,0.16342091025269945
-0.06427481571092913,0.10600291550706625,-0.14830245216303345,-0.4666830805937735,1.0273890722169363
-0.30155560375007695,0.6617347176447373,0.14898953181455246,-0.4705477668018228,-0.024026807384262387
-0.3140208009746406,-0.8409894649273972,-0.11566330547241395,-0.5333058648178647,0.6339550468879472
0.18752235561248387,0.08513650803522643,-0.227412120427255,-0.6101357842424229,-0.35306947653822374
-0.07098220058165455,0.3842571533660139,-0.4358297552479371,-0.4660629392222654,0.9853229509765428
-0.13667647392829488,-0.30970358296690026,0.22374643769035346,0.34619647722256663,-0.6236968740732154
-0.42933066375223244,0.16438068847086384,-0.06989700511761067,-0.1135833226621896,0.19054893609622303
-0.28218495603985416,-0.4908529058737034,-0.2047952794209543,-0.20118853261411657,-0.04774614107471656
-0.5452136209208507,-0.41649634160426496,-0.3193104990742416,0.36253726772151373,-0.19473756438467854
-0.6066713928566376,-0.2205079336893609,-0.46126442193661277,0.4064860808268096,-0.9342479735369081
-0.7047069897438084,0.15777012063724766,-0.40815446585954307,0.22379012350120053,-1.2305133892385764
0.10688997575842157,0.22151019263436555,-0.27190770065290554,-0.2813239833496878,-0.875380158136093
-0.02484087879393107,0.1307782111029524,0.05285265273822087,-0.43552263051507145,0.8966268259032825
0.01800796509565465,0.48071179609354786,-0.04639881865167099,-0.23213524870483002,-0.009927955573649457
0.3031678358390275,0.29444714942661804,-0.27976528334670625,0.301905692217213,0.7553385511921301
0.11516580061734194,0.9365524005817294,0.5525328888460663,-0.2632136651397079,1.021468840797335
0.6239576515683104,0.5687123283909659,0.09411856580001274,-0.2043179510213063,0.3940000422151918
0.16952108282074785,0.36002772192944754,0.3944532262400817,-0.3541598049781421,0.29488364786024457
0.1219788331827717,0.6069527504648247,0.2979007544242216,-0.3252180273936899,0.10052414903683021
0.086205421311561,0.7514970282057907,-0.08189038368007029,0.32579417976805036,0.7889016454125236
0.22565368002813654,0.8547552149530573,0.4089381654722142,0.20659174995358692,0.22529930482037
0.47494448623000607,0.6333227666441392,0.5344573758500573,0.14387194378329063,0.03752257773305079
0.09028926670513787,-0.14287039325203854,0.6510565886052575,-0.23750421975971056,0.02517172125823941
-0.06250529575726901,0.24290412975762987,-0.05551759784531002,-0.2324104669849636,-0.6180565329042421
-0.6013826592732956,1.1121719326733368,-0.31139549818095763,-0.1530427423257173,-0.20422216820715855
0.2326120067491385,0.9364518193234075,-0.6245190242009779,-0.43386095705589617,0.5211114959548109
-0.15562221602431242,-0.2747821872065751,-0.0797912093954754,-0.4762672583023918,1.2329113564329868
-0.3771552081400392,0.2950246210920632,0.39744395725582915,-0.36791629524497077,-0.3671006410840917
-0.5698748818748509,0.35876332672792227,0.0021090490060817757,-0.48674102297712035,-0.2361744871660636
-0.07368198020940175,0.912411901551139,-0.7701400641916312,-0.40340891934375545,-0.4477306551549023
-0.4385837089432517,0.30902279973088004,-0.06803835753917398,0.6188401772339718,-0.7377351740504345
-0.4166552136893433,-0.17957799400616475,-0.291427705200771,0.14872162994427476,0.0426971794287454
-0.04971270114082946,-0.9239262863533243,-0.5926484386423474,1.155079324326932,-0.2861267948723576
-0.07951564056616926,-0.4264129623849857,-0.20794089784913822,0.08215877825813106,-0.8365314319144236
-0.011103131916309426,-0.184786338339906,-0.12974568911924902,0.39568748286911654,0.3713630322878934
0.16578042432188983,0.8101556483453135,0.18084608537665753,0.6335623556663422,-0.24210463911285995
0.31863222117020573,-0.15327755918768826,-0.08265152123350034,0.21518950837923606,0.22560298146813582
0.5543386206197297,-0.3327527068453516,0.5588845089630262,-0.3103307467816262,-0.4172787022274355
0.7474670636465395,0.2856250114357933,0.11372939210290745,-0.2351769689545969,-0.03104772182134516
0.4739337886276749,-0.10898031419917072,0.7146867501781754,-0.27530497935586096,0.08398114187384953
-0.015246247394770762,0.0987299635105539,0.3633854581706104,-0.31803278577902294,-0.2757800989340777
-0.25641652311329516,0.48700149841268003,0.48759845341545927,0.7918066001408479,0.024644518821403207
-0.11597216495155019,-0.05610610731627633,-0.02090291275032327,0.2191255412829426,-0.13951320457525937
0.5261690845730356,0.08260566068130096,-0.1380660089473979,-0.21279161992855122,-0.3778570164498941
0.2391443565656607,-0.5872908670800305,0.18833212556574125,-0.4664233262232707,0.11391600440912766
0.20375071864277122,-0.2624870368177354,-0.06651083944433334,-0.5056636580979302,0.28183816042748233
0.21561114438089804,-0.07606848593032056,-0.3602352152665632,-0.56585888863139,0.09757966940890113
-0.3648222990175431,0.5139003006276179,-0.06260912415654407,-0.23467788733748945,-0.28777673288297245
-0.43668946791966456,-0.005238818609519386,-0.3180963067735999,0.01583434985890772,0.5435647482359859
0.2761550035287887,0.8161344289217727,-0.6514739752196831,0.5099938722246982,-0.27780609901611536
-0.07779019961392333,0.5081189888552743,-0.5556131266952613,-0.050125415596632555,1.6173763772971603
0.2254789792094825,0.42698575476105366,0.15261549560650595,0.006391171937956686,0.3167191209677527
0.026709036358630117,0.09432406314555873,0.4859100129697726,0.3143497050939358,0.4071268097146956
0.21913492047786315,0.29399442395611614,0.15352703202291051,-0.0713429081265842,0.09289032976472186
0.13516770361806416,-0.16700237179430188,-0.0758624997077249,0.8390166674760419,0.396967715805415
-0.42884449525412155,0.4571757169862501,-0.35690662287748365,0.8072096619750324,0.5814315976277297
-0.7927003973693085,-0.4265224562197997,-0.37663384055021354,0.3727142504473284,0.5877405516756988
-0.09000220460962116,1.2055768522116068,-0.3153603257297126,-0.0011006096521925524,-1.2359949868253235
-0.5203621997073353,0.18520655591581942,-0.1780899929468044,0.41994051427578893,0.8305316817888505
-0.429674003599985,0.11156700190563858,0.1430691534136987,-0.12140793921421711,-0.6974016178280935
0.06810077344432303,-0.27965583972760666,0.05417797795730972,0.8663853932134656,0.9288450962212866
-0.4438034435197403,0.01127681936873176,0.037285497442318453,0.17665284058769268,-0.6468913740567671
-0.2488740768563295,-0.3866563647027136,-0.14098752591113783,-0.2603620409429088,0.6004406554159689
-0.12385585275652486,-0.6144107500031292,-0.5464665203378056,-0.03495652258354813,-0.02499115677335062
0.4294582309758939,-0.6479068891265073,-0.35565246649150173,0.340019533236173,-0.6421473620719012
-0.06003349490167495,-0.7983401669438397,0.2797848207222198,0.09934579379139996,-0.4254487158093154
0.3622565429751974,-0.23663554326344666,0.1600755490993434,-0.14488224065040722,0.06217271108243083
0.23597344789235886,-0.6121847864725277,-0.07262536790083948,2.7229240026815695,0.013083639246722317
-0.3870923730073041,-0.01214028915513371,0.2454928372107349,0.8262378483321698,0.24301026540656015
-0.42836668448445536,0.9636703362278012,-0.0695045859971145,0.12715399336170047,-1.1749776282944766
0.22043449536791082,-0.1299805047023591,0.24050701110686454,0.024248674554424678,0.3335047186326613
0.6165804250400908,0.31117908632631663,0.05197303062342001,-0.26706315933411084,-0.3465464932994037
-0.015930354372666933,-0.17062811806129236,0.30155264025164286,0.2831090776757641,0.6127438747236935
0.005705208626035768,-0.060861895696334364,0.35440411120070725,-0.272972872638395,-0.6869933844323575
-0.22376892586513347,0.339390721897065,0.2675175695774834,0.30169122570278467,-0.08709228029588846
-0.21527329892023087,-0.5208254762638991,-0.06332992197536572,0.12922129308429375,0.5206588655516968
-0.031008665278843064,-0.10518606324913769,-0.13494909124083831,-0.10827619327989632,0.7028476447700661
0.48276570924669715,0.8728494210053113,0.043737248920716516,-0.36209620120574154,0.35409163602579863
0.6051972195291571,0.38888882074228837,0.03989309953281228,-0.4975083099722919,0.38148953334987
-0.05858885949384901,0.21236619344953334,0.5612541374266207,0.21227493848696097,0.5747068168189369
-0.5333189974683975,-0.34039272853607017,-0.13953440470758216,-0.09587780942236437,-0.22178250460363252
-0.7212696759957755,-1.2363551654537976,-0.0919641892833094,-0.4188669602289449,-0.5416013572803732
-0.560970032789327,-0.49696623348830266,-0.48123299016326415,-0.5275112989308917,-0.6094675178843003
-0.5348239664600989,0.5053984137319156,-0.24748605176676858,-0.15905559253531604,-0.9056656928508515
-0.7814025135830088,0.7433003510565983,-0.14656353769389946,-0.09918895463404512,0.46184676188093304
-0.8258049992830283,-0.6994538084373902,-0.5180209799507103,-0.20396768236906568,-0.21710610431124347
-0.37130698180434185,0.6565914747669841,-0.2502947440513914,-0.276660571367995,-0.11212343022807014
0.1608539949067062,-0.2627682280529447,0.16843476370635518,0.06214871298918427,-0.6599754823028006
-0.3957890867860925,-0.17633784183391155,0.09120740245734249,0.058574159615201016,-0.30922492692390313
-0.2052214701902496,0.010800183458757842,-0.2789428238572724,0.6911441835276433,-1.6279261188983307
0.36151612343900735,-0.2218647153910555,-0.44411156725601375,-0.10770374171523689,-0.30632902664583095
0.7337318826334497,0.16017668674318875,-0.4390136636860163,0.03586999120566539,0.6496833614721665
0.7507751426139859,0.8298277404790857,0.3948707707331449,-0.3268102214445685,0.3348955550034619
0.20799346295346904,-0.1449206437920364,0.7971832938980369,-0.3901656479862011,1.1524937650115485
-0.015279897733703113,-0.19905526158315728,0.22881325906163696,-0.48145844492376816,-0.013167446014409848
-0.5032137462420019,-1.1341466754251863,0.4006109259100759,1.34524629540251,0.4137692161949738
0.3462857828210073,-0.13349821753488122,-0.5599352161424301,0.2305471502329075,-1.2832026758692852
0.35382987331709315,-0.17176677025792825,-0.2963512210714403,-0.22439070738779132,0.6107964352299199
-0.16343241835672367,0.0018555868285955873,-0.3098692476547517,-0.3619544078140141,-0.010700921273076508
-0.5553738478173335,-0.469027335167709,-0.10330634433538843,-0.5399402537693724,-0.3722282416310926
-0.19503770560444073,-0.41908653432319765,-0.5071338135548109,-0.4568697737998215,-0.6074347625751303
0.12551468365953025,-0.6454849625069712,-0.37580504240583945,-0.5293447234908232,-0.42887305605559456
0.22696904800337014,-0.9506367307968324,0.08277837057061221,-0.59317315322409,0.15506581810030573
0.5144989304096917,-0.5813804204457711,-0.2332061710944529,-0.574650513270561,-1.0102797560116148
0.3340362248998095,-0.9243231351162808,0.2135493912091438,-0.28804622332381746,0.9609075028475687
-0.3568172990773759,0.16963741505921415,0.177409381770531,0.0561919523202114,-0.49779052514855987
0.10948432251458706,-0.2076858105449635,0.21137086865043198,0.5274335147069251,1.0475637331944483
-0.4916556957730253,0.36577846070892406,0.6146048184296393,-0.0935503118815744,-0.14281446427945116
-0.1256640097742334,-0.22601959766158644,-0.11133693180959678,-0.3212046801482923,0.31591197663012993
0.049227926008026626,-0.1655649348012101,-0.3131845954991615,-0.00982905461975389,-0.05664227999277037
-0.4931332139538128,-1.1871947578269548,0.11166389434739002,-0.06980662733185314,-0.10511054155711742
-0.8380987756488163,-0.13923667660219402,-0.3130194542714534,-0.35265566275496,-1.004381493431632
-0.3488879900656583,0.4066772482039584,-0.07236471341114592,0.2561723231966385,-0.5800677143399521
0.006311824403846367,-0.41577947914848223,-0.09726295284190065,0.047082128190347794,0.26096948941530584
-0.13406215069392513,0.3420428446341144,-0.3091693596722742,-0.2958700863258694,0.11931362230357423
0.06347967754930123,0.2773791573797578,-0.07202339685810677,0.7466838693378007,-0.202170067992822
0.5277200584128047,-0.2944326219988161,-0.44434932735811006,0.003612467986787271,0.45313467196239676
0.15121910207842781,0.3229975781483053,-0.03305838018675539,-0.2574960567028927,0.017231954781882275
-0.35242536530973695,0.2614804254447966,-0.02343204972743393,-0.011399114094059179,0.4215690656065571
-0.09091275196717244,-0.26841684825181567,-0.07093611214299358,0.7207784476538446,0.7020165445275947
-0.16235336458485666,-0.15372780632907268,-0.29466329186842233,-0.10800632254309728,-0.3318487134524882
-0.21418773497957214,-0.25293049960150416,0.12490302625420291,0.25991082548850847,0.11341831889194043
0.28639097460595914,-0.4592536219238729,-0.410208509691083,0.3531513935080187,1.034467605348821
0.06317341142915298,0.8544451762132068,0.31944098081372196,0.20970556155101208,-0.901820759432178
0.26942688800902886,0.23624414634117283,0.32946132454057264,-0.03297596448433393,0.6963238608346047
0.6085274318178955,-0.1429997551562639,0.020115947840649462,-0.18412157935208875,-0.1564269222327977
0.19855903865374985,0.926657533389212,0.6448408175391772,0.0037502904584982427,0.3611101948348713
0.15011409466632494,-0.04388251732723103,0.3257509940139403,0.041012201841341585,-0.14959751336574995
0.6491976472151052,-0.8955848280277016,0.5489503709837993,-0.12144545373496006,-0.028153350794953153
0.08071188598266571,-0.33753425885675503,0.3321746526295195,-0.3650354889408699,0.09147113920655481
0.18035785034381327,-0.506407180925539,0.09295800892289596,-0.2891093377705224,0.28059764220818956
-0.19429551011642737,-0.39618387419470524,0.3061935634633854,-0.5027876957209876,-0.9319737019854631
-0.3953990768059562,-0.17907831078522224,0.12807327774331792,-0.5305337139681872,-0.7746311449304328
0.2930902300698673,0.03669642243240194,-0.48342706575978234,0.02029537727108993,0.3134664432823763
0.020398529746220556,0.33919790161926794,-0.4090354557213958,-0.18223135124466572,0.06108265770653076
-0.09560241630977774,0.34077340308192683,0.058014670107737906,0.10028395295980143,-1.0994333507456593
-0.47009582399384997,0.9614072162160913,0.29788533617988994,0.3087932488794118,0.6094947984774711
-0.1387210394465641,0.4142063227641984,-0.34448781947372215,0.18686272463243103,0.01823581600802289
0.10870771747049124,-0.014234571775944338,0.0841437482956463,-0.12012040742960846,0.3173145736139204
0.3184557619430965,0.6296383136850543,-0.05218917269409393,0.11824440134273334,0.490139984828932
-0.32837757516324995,-0.15287064512078002,0.33930225085994525,0.4337996393605952,1.1815000297759621
0.07672879093959556,0.4516170545339452,0.33428579525409036,-0.11206535065534376,-0.1331921368087846
-0.5149626161269929,-0.28267370274590653,0.32107211194689456,-0.27800912369482705,-0.588701584688895
-0.3813346183932188,-0.524210982587314,-0.033203957040399856,0.8693363378153269,0.6424496473042953
-0.08245372655355593,-0.8926668563939469,0.2796666014405209,0.1663556073481348,-0.08436412973997753
0.1329970496746211,-0.1702044199842783,0.16510969316311636,0.814177519083935,0.4308828759257763
0.38407848332886974,0.13254060263408257,0.4766956367294564,0.10359064489023967,0.24528261778049365
0.4675603076291338,-0.7351579255110227,0.1254701000235432,-0.2961942079924096,-0.3527785102497505
0.05620733273184181,-0.03692001011885937,-0.04503714011142307,-0.4456936285346636,0.6218119262732047
0.5985189142393904,0.2752810597214843,0.33569361063405384,0.2354520976989017,-0.0011461343671249832
0.6505180620100011,0.22779835193688427,0.8281993195198069,0.2479177484272735,0.9366103492937236
0.4142996376970973,-0.9099514805684199,0.9375399220120213,-0.2563106117400302,1.1586692398248328
0.43398455565324756,-0.1052366050084349,0.3613885177694139,-0.19377003683540248,0.6027205034201261
0.31506485061693423,-0.699322503828917,0.5897868970497149,-0.4716684412669411,0.4099270917871456
0.05701917415279467,-0.6823658056423458,-0.016350097134960828,-0.21635440786846155,0.9672992086888846
0.2788908045807232,-1.336850769111235,-0.12833644296471902,-0.28085253876626387,-0.16692020659802356
-0.3815752721744563,-0.5146369884157609,0.13301853570838626,-0.45704932783091173,-1.3510143594388153
-0.052403500175763784,-0.12704116821571299,0.16124176911777494,1.5542807386084645,-0.4585030364977441
0.5378264484869153,0.4683162685605471,-0.4077481752377081,1.7122225993842584,1.3494000072143788
0.6237462565030434,0.15264538873458983,-0.016559690401656946,0.6234354374579718,0.9534307430276794
-0.09567904523706705,-0.10064672246210025,0.3675395841369843,0.25895747048174655,1.488275454721658
-0.39436803076324006,-0.6661422976257867,0.5129665595256108,0.38518899477091584,-0.3909591558925166
-0.07832965052662924,-0.6463916630792365,-0.5131006941338258,-0.20061542455243686,-0.9715654265257049
-0.161701249352042,-0.2840488658946059,-0.6613109935624553,-0.10025948529096017,-1.1557970445235026
-0.324200368118655,-0.37471339702319795,-0.5517067997517529,-0.33266678911149583,-0.16916067824485742
-0.04459150494403144,-0.5359911265168951,-0.11022386185998134,-0.41130743678438186,-0.5950611675142372
0.45700902638412105,0.10050630216218243,-0.0008054215318521463,-0.563864344188679,-0.1827996300452558
0.03564272674574373,0.2652099386340656,0.30991794005600387,-0.19302173438572082,0.5346578619627176
0.5226832102813582,-0.06599906439016098,0.2081602573417021,-0.14593791186642485,-0.38494880650903174
0.85522013228791,-0.2588594888845791,-0.1412964481098148,0.3768004954185236,-0.42336911714460146
0.18714927975727164,-0.8528284495586531,0.18063781914572397,0.07491655960793131,0.19918467852470417
0.5752324777618121,-0.06419631636412576,0.4425820560638295,0.14981805505894444,0.12135520937013175
0.35373025984166073,0.0783492213281989,0.5637883210182416,0.04591861546462814,-0.39578568475907944
0.24165466909632993,0.4777413559842613,0.6064682791078891,-0.3599179848745106,0.6460440513977637
0.06569165156331402,0.7730577845368913,0.20072024566102797,-0.4731643478993681,-0.4622616203715725
0.5287110277181879,0.4344752243427642,0.5744910189240884,0.35870328814400004,0.7852739582950181
0.2150853837900032,0.4998506016139698,0.329285337138804,-0.07990126839649375,0.597349444865985
-0.33271331780646657,0.9757702609930222,0.6432082732935446,-0.2202183546445692,0.31576644893916483
0.146228754489768,0.0641713798098072,0.19886110644713942,-0.2699439616444944,-0.349145275367108
-0.08707244905464785,0.3397605050962353,-0.017691333162930395,0.5820918305218168,-0.017698198861990075
-0.3205456845436806,-0.37370754799567946,0.1679429281863447,-0.047697233797269395,-1.1330068995123035
0.4175151888471303,0.15057304305018604,0.2108635181873458,-0.2540535319893728,-0.672719300801369
-0.31883753880790644,-0.02391470872415405,0.5036746223254751,-0.41426383374680464,0.6882425237737528
-0.20399418616128834,0.8447215065248285,0.2052890307593312,-0.4136940891807557,0.018212512015993304
0.008832164813189075,-0.14896582289983418,-0.18576234818556583,0.03960792627984139,0.3391725144048125
0.24997446342627994,-0.5434351673306768,-0.48963260609283027,0.4683749128186517,1.2842106623389828
0.36921023043041945,0.2045838065390649,0.14341060016242835,-0.13017734059499178,-0.5098027290553933
-0.32445679341100353,-0.7577577105782851,0.16779505593400834,-0.33602194262383056,0.4901707296675668
-0.4378074662985356,0.18937505347303046,-0.18335770544109015,0.24322914500317375,-0.2967821861974233
-0.17930966698213802,-0.28611821099425383,-0.40473715269876404,0.03853873951761767,-0.40854835785938426
-0.5612769089886172,0.07947577160654944,-0.16616487729839324,-0.38298431048515513,-0.29726399437722517
0.13322162115257286,0.050350639309573994,-0.7077148650390633,0.05532192778676637,0.20885562393913892
-0.08250893516477747,0.14332092028545984,-0.23378941988871352,0.011341804228726472,1.2141185620200887
-0.44880685856337377,-0.18672157002846324,-0.19957547542338772,-0.03213751749524154,0.05636579781671354
-0.050791313888825296,0.25671399720935545,-0.6811345277364067,0.21839975495436925,-0.9717400406209256
0.3664714745108935,-1.1139571825171717,-0.201840835613399,1.516488692698629,-0.46832487445355486
0.3584733928154382,0.3401265859916064,0.4476227454435072,0.47730270816607095,-0.36369326629883847
0.15167831228511108,0.15926997480880017,0.45763208249865267,-0.20149688924425205,0.6653501484126011
0.1789274068325214,-0.18281520697690484,0.1102407811056346,-0.4287391545745857,0.37023400774636306
-0.1139496133821663,0.5210238229174758,-0.1694595035184025,-0.36647896983511863,-0.21548897661670538
0.343338837614625,0.18294557982951376,-0.6065404924670387,-0.4058595933168474,0.8471596759682553
0.27716543110257935,-0.7897245818947671,-0.1833428397230613,-0.37393424176658885,0.47086387805549723
-0.019874510806085682,-0.48336239103347317,0.06315659437733165,-0.34529942799684255,-0.20932443348870328
-0.007758094890977715,-0.042578451941336914,-0.164239603328765,-0.2990880868067534,0.021718103202487127
-0.18919014307681578,0.06244694261480167,-0.465896673168329,-0.2612847215374493,0.19048634236169576
0.40799382986771376,0.4174677698235406,0.1460576469420664,-0.2695874179723375,0.10790137987105153
-0.12726454027868786,-0.48098595602444316,0.5559750389449554,-0.48672478349564224,0.7027114092061584
0.07095399146311275,0.04055091241367645,0.01952830367241283,-0.36589293273292034,0.20612638566588481
-0.13446750612016817,-0.685248270149972,0.1885998297564839,-0.44610575886970305,-0.4923917064993357
-0.13870228872570903,-0.2720387612285201,-0.386559340511267,-0.40813257395552605,-0.6904154759725263
-0.27194593942863493,0.8451665392513988,0.094011295541927,-0.35472086701616423,-0.5027383485823232
-0.6630795239696453,0.30649728468044846,-0.18655056180906046,-0.1669444170804716,0.002294803385045535
-0.8495797202462276,0.30638350847688595,0.040775170352699674,0.041116844422588075,0.021041235585787965
-0.8501481623149363,-0.14469913029520554,-0.6159345109757134,-0.3133203050014492,1.0373232152161869
-0.4415951103642082,-0.1537773143722779,-0.5664377340013744,-0.39835134124603594,-0.34910894610704835
-0.05601055051851056,-0.20969108716881668,-0.153120160583597,0.11092878117701888,-0.14569712487293232
-0.05539509711393914,-0.7508776803550019,-0.05537558796749378,0.9104584288866958,-0.19750620864889873
-0.26089293028791005,0.03192434991721099,0.3425430075663184,1.8185085663455922,0.1864604548624924
0.02483936807178405,0.010243210050856827,-0.50681359498631,0.999488478647696,-1.016287985270701
0.11094858579141179,-0.4253740608552897,-0.3955117656866596,0.034705920515817834,0.04605857905487731
-0.1891247405300998,-0.7667255669882229,0.21898548677152757,-0.31872858149229333,0.9769881957982139
-0.4061490701770364,-1.1440177138519119,-0.33960618761054845,-0.4003433797737961,0.7697315712864667
-0.16038998261235698,0.15150175328409987,-0.6096945229952405,-0.0061060759452523095,-0.4321790830726818
-0.5044138701899827,-0.39658447626257676,-0.2884435463591669,-0.3730311065249125,-0.018319981565534556
-0.5004667988998084,-0.3601228315404751,-0.5299281853228904,-0.4583859810702511,-0.8602457047987913
-0.588694783630616,0.3358907734506643,-0.18566759117990012,0.550139971065302,-0.3489245970546914
-0.7266854423253187,-0.6053288360041399,-0.5632416617220377,0.05676902273187659,-0.48894823042159663
-0.2560261559179445,-0.8561435565379867,-0.5143131915630372,0.20483653599315668,-0.38707574518729215
0.4462584910372349,-0.8096437568306636,0.04858679887984019,0.13096518986249045,-0.07408188901657498
0.2885511934982179,0.26871859780934537,-0.10113783055682657,-0.28021987650478647,-0.7608182095747176
0.24244282259560013,0.09179729294352412,-0.3290426861654333,1.1043928499649944,-0.07936232477453464
-0.1047192163889355,0.22011170921512468,0.3518715828078444,0.04280661477069386,0.3281006306873484
-0.2869639212227635,0.7226864002149364,-0.43337129064251084,-0.24256763978385848,1.3454831402684742
-0.3433266442176573,0.6092194130552457,-0.35742731311460824,-0.033503556665231984,-0.3085825467646355
-0.5311114667642199,0.1291765893670247,-0.11593849969169939,0.32553299324883855,0.7127052248678627
-0.2209431085442745,-0.43876316736556364,-0.569328534621957,-0.04704706626070321,-0.6508128783508894
-0.15452191150422553,-0.9135412791619025,-0.7082007978402952,1.8161001875949927,0.34114410945824186
-0.07271886787859037,-0.3895969440820268,-0.04356604397305325,1.4606956024593787,-0.40726389425119564
0.37517777948955155,-0.5913740922868014,-0.5152557564262585,0.49523945787368745,-0.006577032030982255
0.43649852207089973,0.5481943089620946,0.026490494152774935,0.04786041017572057,0.6949883947510833
0.5016561652055015,0.19266819488747994,-0.021189764092651414,1.073926623107174,0.7388668209222897
0.10423590812635791,-0.0809654807070468,0.4384091861125673,0.6999818079077602,1.5053160635983966
0.3283144688367504,-0.7097740696543527,-0.3120302495177053,0.004323352776084921,-1.1159360699835252
0.3571740245243921,-0.7523611457758053,-0.2970879535791763,-0.3734319872737423,0.20753178710354495
0.0113611756853155,-0.5118143987979312,-0.1610440351879825,0.0611227973718558,-0.36025293522387425
0.05800599161643867,0.5031228210108918,-0.3136967170902548,1.4524688027990098,-0.024941830741398746
0.3909100960321236,0.5600402195068153,0.02693921852023748,0.7622840843945757,0.48643800321293584
-0.12679424757714128,-0.5541947904224116,-0.02390619405639327,0.14087185572673336,-0.5731118564894359
-0.631099827560248,0.1942448404013174,0.005675463228582964,0.10243794642354528,-0.8961893629460478
0.04222294253449421,-0.24424069609039623,-0.5351453901234364,0.3125947734285405,0.29751456207595184
-0.33589833676898406,0.1595255811951242,-0.47040422771216295,0.1625867053349914,-0.6228774480023527
0.13880954787275857,0.6241216777427252,-0.42075334273764997,-0.15288129491486874,-0.30505097453455765
-0.41529803750176036,0.6592123144436695,0.41705978912423913,-0.19630093972768797,0.6039749516753394
-0.1351145255849653,0.739243654576564,-0.44357146973056183,-0.24774370000809046,-0.2800051786253768
-0.34225523996729884,0.4462924303591036,-0.5943203189472291,-0.17497248724549314,-0.37200872067057483
-0.5344257198067729,0.32234381699406084,-0.17595321540107023,-0.2617247371120508,0.8546906574347608
-0.43744034546348143,-0.3344570662241162,-0.57752934633025,-0.3935333252589085,0.3405479026641346
-0.16474043590595655,0.04667024061227276,-0.4422111447951299,-0.2351826543476757,-0.28404626490740936
-0.6561577575189732,-0.2928477296321894,-0.593636936667091,-0.3996338389504913,-0.9322001587259959
-0.7448577974942661,0.5421297293059104,-0.98118636492726,-0.25050748172340603,-0.662973783081165
-0.9429284138921685,0.12646254632739728,-0.5612498892423045,-0.14677687811499177,-1.1761365309899676
-0.8130516793493786,-0.10152772061504944,-0.5167132409855363,0.4290954701340665,-0.739004997901171
-0.26284781856330036,0.3046771930608451,-0.9057779001276961,0.695298395603043,-0.5003370294338714
0.33068882279717804,-0.4600859971898305,-0.5792261205966591,1.572172721088857,0.9609244816219507
0.1724689151740535,-0.03743509505932538,0.30323107707586294,0.29008389147234526,-0.16086476565557115
-0.36543102465789445,-1.1172907421546099,0.5401767711530883,-0.10863780824748709,0.3205359571706519
0.08448162455914521,-0.1798523844303177,-0.06835528695018084,-0.20037913370284102,-0.7310618072046486
-0.1178915308691178,0.35516711231351383,-0.012667165008697818,0.45219371851887125,0.10812540464973133
-0.335282282752178,-0.12976258982818814,-0.3599288609655164,0.09196521583093531,0.8390799403096629
-0.464528884937685,0.6167562905781038,0.06632252583372977,-0.08865532609252147,-0.42715405493805736
0.17718285418603794,0.23733606554300526,-0.06560778782606713,-0.12287353069335212,-0.05667089348836189
0.4007506769873688,-0.672819616546273,-0.40592338849851006,-0.28121807243338004,0.4507209657813043
0.6964215404290807,-0.30829721621587164,0.4113268128211973,0.002720208784592379,0.21885940602066795
0.31962232544452723,-1.0917926229307464,0.3970034747349356,-0.2935380083220576,-0.14962423090364652
0.005720601734935299,-0.08490854963000144,0.096843882935717,-0.3236420893752144,-0.004414852511180317
0.11535026804726685,-0.0572161111410728,0.5129995336912793,-0.04721391314356649,-0.9039982956011318
0.6408026104575085,-0.4185262320725285,0.6650435525438596,-0.1880963510208433,-0.6293485292860801
-0.22542535866419194,-0.2873119415738879,0.8992074891039871,-0.33088970810597207,-0.3149517704280995
0.19395326433619617,0.3756178089210881,0.11228677135231022,-0.4455835566014075,-0.006473162100652213
0.3777408259337523,0.6792868237355818,0.5396587082631294,-0.045531834520272485,0.5571104285570927
-0.0003433088529131434,-0.6435221186101174,0.6539033385943898,-0.3851241667657943,0.2952413622110462
0.17888644060934983,-0.4197479333402458,0.14314901507246552,0.5451689998807707,0.9530901017251212
-0.12352894959481883,-0.8609021764793221,-0.3660433755351492,0.09869505218777275,-0.9605061465889843
-0.07592378359826123,-0.39891709536178666,-0.3250008894421822,-0.24751241076766933,-0.5563099879131519
-0.48083776951559326,-0.5768062150763357,-0.29297334014612497,0.11683458791602153,-0.6691422343691378
0.2203517671406011,0.14267725603837703,-0.1228031558601439,1.1117035490528657,-0.4349299104614085
0.1857919986521513,0.144146290351369,0.09067790291556403,0.30742165652086784,0.00039991743721606854
-0.19471064754631698,-0.7822432442222748,-0.056749378145828644,1.4661562343071668,-0.38870273110737774
0.0259999754385951,-0.6859632335887251,0.030425527487928608,0.26738773607388966,0.4153658346962009
0.4239690860694838,-0.2392366808409131,-0.2824902250827432,-0.11937599986897651,-0.31969568217452926
0.7005106881215368,-0.17537341526358433,0.05122534924111777,0.20553317343029326,-0.0189224767814333
0.13332392879689858,-0.31187846101404687,-0.00681959032390389,-0.16166747191756128,0.4733402546217938
0.10015526770712435,0.18156227713758624,0.22385331464904004,0.5338077826681941,0.3389461065650899
0.2788969567019222,0.7958061033453913,0.6076131636605644,0.3900826738400771,-0.45077398063444807
0.5749034493855364,0.5543280852612132,0.12338929739364679,1.0711523109134655,0.6555669484997908
0.7305409604405801,0.8780455590349592,0.2884981818197134,0.18327066493501135,0.14664637712618384
0.8808490900705837,1.2141931145768061,0.5069274923196904,0.008092919658876721,0.39147832553726414
0.47069116922790655,-0.0033213192948879366,0.8212769542697755,-0.3013932475560487,0.20635323382036375
0.2887735059343264,-0.3242467298903326,0.8859096394810451,-0.5054411806341416,0.3926959891735891
0.03961732638602122,-0.10603238949869076,0.2014329901731059,-0.38378147492039405,0.8000097828941285
-0.18450112136773433,-0.6461199191045245,-0.1329947228470488,-0.24306069768816202,-0.14179528169324307
-0.30059691995644805,0.5375093991287492,0.14484717555134455,-0.2499210170743927,-0.24465115217728095
-0.3536120090452054,0.28374333353690706,0.08490937288083769,-0.19609489843344552,0.7360685468272563
0.2930059576098753,0.6041209903364437,-0.6446981600367192,0.055232198662894916,0.18519952059227174
0.709785822753369,-0.0324048578445188,0.3010145013238812,-0.11228945762387778,0.18776267087715426
0.8047567021756936,0.4567586110497211,0.22735196956914622,0.14278777273599386,-0.554536540001396
-0.19363986898485408,-0.00541242845415596,0.9146156196564807,0.04508691662932662,0.5164536197191053
0.12254933408446972,-0.6285303831011847,-0.273042267872947,0.6452696244289858,1.0290317239374551
-0.3411936840216431,-0.4267462204660081,0.044561945283595666,0.21849662200947656,-0.02957405270656252
0.4150598195578195,0.652280675716317,-0.02081191776169966,0.425060913283732,0.6322396004964435
0.6487338587724623,-0.24271939609359777,0.5315451221767081,0.5031737363348141,1.114496095120809
0.309134002522618,0.15463244925662806,0.2884259600193005,0.44919164578546966,-0.08113566174454623
0.2018281665379839,0.530574215876267,0.017101698840731427,-0.18727783153457078,0.6025700434488117
-0.4199851644199054,0.400666725520025,0.02485177091599,-0.38317297555044083,0.4437751370885815
0.3254945586632008,-0.23185059790327897,0.08181115564482414,-0.20185091953228,-0.0966903138163178
-0.08121708502769773,0.9817601304938733,0.44550988171725503,0.48470479800624827,0.6034109890980351
0.4319808080648812,0.59766104065014,0.15552357384867904,-0.15892539713160114,-0.3979993715148862
0.2383491576526184,-0.3339411529933497,0.33525937355934676,-0.36899265930447817,0.7560851829961823
-0.03729135350029601,0.2961475229265177,-0.18147195943715067,0.3923427925202244,1.0307916747864156
0.42041552061067705,-0.16203244519880944,-0.34416863556491917,0.10531528510796206,-0.3044097831056152
-0.14818140733929017,0.4315730866273925,-0.2049777691708523,0.19575296339657317,-0.0911757296372332
-0.414989446717361,-0.020032452416717333,0.20156941022341096,-0.19638831109484622,-0.7210203779246919
-0.24530551388782054,-0.21854727264438,-0.38725658784888406,0.12314379040311102,0.13785568136610088
-0.35272854462734893,-0.3530584837274554,0.006155194593186475,0.14618364540250328,-0.9953425753030227
-0.17417162421113264,0.6767548221509359,0.14354101477428655,0.10099221349252692,-0.586177764426902
-0.22905060633395613,0.5445180007651669,-0.02458194132390392,-0.08470447243224286,0.5900990657603788
-0.15896076974543905,-0.5167086711496911,-0.5661391704348481,0.16049863833296876,0.23781130065624484
-0.3076270488025016,-0.010369106377934423,0.15508500178493884,0.05462655203776763,-0.6928806013846955
-0.08286465676854043,0.33872555477299343,0.1291500300789284,-0.24442510020474564,0.15921464844355973
0.07797514429088839,0.4388025741138971,-0.2252213380556835,-0.4873919419723287,0.19576504207967055
0.523891891523863,0.942205555150871,-0.10925156348030915,-0.4482299454508779,-0.6462064790981187
0.27021451492973164,0.383448683722805,0.003634328190398106,-0.5126998783790734,0.3619586349223933
-0.1304376507857183,-0.42124606784766,-0.3313298663806723,-0.467096370885005,0.04139870237413951
0.5337852721687967,-0.1435297659945159,-0.01215395087081661,0.09535624983744098,0.008553694905701403
0.4339604039725638,-0.33744617475168115,0.3764552871971347,0.3948700496682078,0.3968506665627519
0.11861258678958933,-0.4928308097057775,0.20748905425575787,0.11087868968540693,0.23898617304569902
-0.12602939157646992,-0.7258680743542578,-0.24384216167349873,-0.06258842258669345,-0.2555054322225664
-0.4747100032313918,0.04855352429448867,-0.07212854488582135,-0.38516190725143606,-0.16376963979293635
-0.12561029775598864,1.017300693369559,-0.422716844321776,-0.21143275637045686,-0.07971576492370275
0.32392791080929034,-0.11548850726269416,0.24018181161350896,-0.26727497597814276,1.047522020482373
0.4788888450626364,0.020984021684645283,0.6906427069803666,-0.4114351251799416,0.8320610304107947
-0.1955801473328757,-0.36271605553879005,0.7155847128990215,-0.1539359828027401,0.9341185004915007
-0.12741553104622957,0.44931327355579787,-0.029518669312627366,-0.03449110322135153,-0.3369623787804289
-0.5314481683359291,-0.45854493189889534,0.11598518020558188,-0.04990356151966628,0.4080966832563391
-0.8186204899185783,-0.6372771906620321,-0.5417346372570684,0.2747769209916243,-0.7013500005622051
-0.17200940993415936,0.1549491964109968,-0.5870066556209608,-0.016391753325900676,-0.25123672218866905
0.36093124699349555,-0.5145530568347613,-0.3672778899363812,1.0077687876027763,-0.17377524212060788
-0.2623248140160251,0.4177728476335651,0.46844878750700913,0.2222935410241403,-0.38062543252893155
-0.1389575927566822,1.034774611281121,0.19979193861889355,0.048961170341161944,-1.174355266960856
-0.002195428877433972,0.5655363119507502,0.4678946605513917,-0.037170947481775046,0.3449671644896274
-0.27203823698543234,0.30481848910580456,0.5406871714349627,-0.31124283641607814,-0.48838522528456657
-0.3483521251503475,0.11167059389502387,0.3497044601585166,-0.38388562947760874,0.12428211438111245
0.18466030567719466,-0.12663660697462972,0.18925308909081495,-0.4395308711184053,0.7384468242938413
0.25785531164107667,0.10369310349135917,0.5534913565421158,-0.340152504682154,0.21986673911605767
-0.09457909544225279,0.9768126298454479,0.6516373597634423,-0.31619358552745574,0.1592798581315311
-0.47038683956610927,0.6217842448078603,-0.10226575994139372,-0.524968187913693,0.17997055661997674
-0.4366433333302702,0.26493843333021666,-0.7582941432149268,0.1401059789193725,0.2434236894747011
-0.4245430201689001,0.2984507924642827,-0.3840908936188117,-0.18147080340730842,0.02046622902657269
-0.24935606791171944,-0.2678859935869101,-0.1966610480070583,-0.283852821715464,0.08162052781578627
0.04345563105874464,-1.544150145702031,-0.034468737314362174,-0.42912626373353246,0.3716307807940088
-0.2075876435009894,-1.0625547467638181,0.011562692933352362,1.2077832409912879,-1.024708867441434
-0.2830565886239509,-0.35898833492431226,0.10983211614943843,0.4214294307196593,-0.6026346664859495
0.10041140882826716,-0.7747404948920088,0.1019364227210982,0.19427799677160973,-0.774934654192021
0.3237503180092795,-0.11027131299346463,-0.39529256134731605,0.7080707227927743,-0.7675394220204503
-0.31477165817575603,0.4502849483512684,0.24591296350015746,0.3510529665245379,0.028046543065447627
-0.06621998631395232,-0.39900685258892193,-0.059048324627278034,-0.22120358010482508,0.20051369065346059
-0.03415477630433805,0.5235385601762704,0.14988218754760274,-0.26589877724133326,0.014162593323525874
0.08288138895749936,0.6359565839979517,-0.1362403939684666,-0.3698860560689411,0.9245169131025988
0.0888280828919337,-0.5627548474894863,0.2957464376489871,-0.4863895049069196,-0.014886083702176922
-0.197104367376994,-0.3850209291322505,-0.057570892914629246,-0.2469427888756557,0.3127423939493136
-0.5687436626184439,-0.1808016429102439,0.20275731364976146,-0.48777470615842844,-0.009676302261366843
-0.7466737814193447,-0.8416557063448895,-0.07994072946327169,-0.5698526381117164,-0.08119011269533627
-0.24985836379769755,0.11304439971083086,-0.3299475917831321,0.036716350626003535,-0.18415842815338823
-0.6366591567640669,0.36937530239015676,-0.29526278291595276,-0.24887495250079625,-0.2593635205796153
0.25388584417505033,0.11369215348112921,-0.8405514352884486,-0.42601686420603435,0.30529259814000514
0.18919742333690165,0.33767352589569655,0.29945335228301806,-0.42120911610929634,0.1489673163000907
-0.2156646476814095,0.8260723587576262,-0.07978971443399496,-0.28777561763893966,-0.29264767216998017
-0.17614647124300564,0.5540952883840683,0.19149288562479616,-0.511188407972328,0.1826575712122797
0.35040751329923936,0.27346852709683056,0.08164854373371908,-0.14741790369634988,0.0976012780823152
0.5414447830370652,0.6519148555396411,-0.10170375570751278,-0.4572186587445296,-0.5522334714078463
0.40483764201351813,-0.06988409352136526,0.28600993757759985,-0.07034960453894104,0.16796808983507866
-0.2400040458598885,-0.3067894447955135,0.11038255762725946,-0.2662453486966539,-0.1079744744778009
-0.12328303251181774,-0.06296557506955577,0.253869163682196,-0.3013317547085219,-0.5352015707379736
-0.16051005864769086,0.43046756721715085,0.13884045860499475,-0.2675441907660854,-0.9454069359611559
-0.3233096959102873,1.0039988401069149,0.4286060522548111,-0.3273300818162542,-0.4839069465949702
-0.6889638074138661,-0.40879993601745845,-0.01763845562202543,-0.06989203846968803,0.2766614183994508
0.17508633201192264,-0.4804916899501951,-0.3579532011877414,-0.21119134535663675,-0.8041255132047984
-0.48896369918265414,0.04722510047635195,0.043333206088407725,-0.2366979175553955,0.3451731955915145
-0.37068705910007543,-0.4156752031115186,0.2308227605362265,-0.1728585272218154,-0.8795504828694779
0.24689456688506042,-0.02807629346703111,-0.49586543021403656,-0.20333656076787365,-0.5490151094830595
0.28424249978042326,0.00878006821281949,-0.4213415325925673,0.006519332079858914,0.5889023359806895
0.6544710676775658,-0.4832228363385509,-0.22546017252118525,0.7844889929521325,0.6056293506447494
-0.19234307076227608,0.08819222857407968,-0.022352391774253688,0.07722812632846265,0.7194123660945156
0.13645957420281413,0.6611741039597168,-0.31905923677358144,0.4943423109717995,0.2646671081266822
0.4702614905261554,0.45288950356185986,-0.45813067283780523,0.4638427492837447,0.31078886858020216
0.6262088682508371,-0.19406274807120144,-0.28574142111072487,-0.09413298517653354,1.0880646809861365
0.4133867871011304,0.07221935935930095,0.3115873684111652,0.04698192267722466,0.1576929480542453
-0.22614957727675405,-0.05261697533566273,-0.0004049090482787787,-0.36794360595549624,0.5357053741251998
-0.6284642942410187,-0.04514401704268832,-0.5192148611348691,-0.47408868376722435,0.3118169275768147
-0.8365238990365995,-0.558764645558831,-0.1783406207374324,-0.5861545029588187,0.21615581902219327
-0.6388030402779817,-0.5769312217078668,0.018187957072897887,-0.20200902067888207,0.07500475780924665
0.26051200863165486,0.4483028716747348,-0.7262942813621951,0.77576346868063,-0.5820905228809355
0.5341820549604034,0.26174029676626087,-0.35767326321618886,0.1737088633649307,-0.13141719605089236
0.18001718956769236,0.11243327663284437,-0.08100566932282383,-0.28263863084320345,0.4522729533613368
0.19180199408948342,0.928546088047822,0.38162059094912026,0.909983758786249,-0.06097991506680028
-0.20832956585841078,0.778107852903645,0.2997225290709777,0.17540201678053816,0.34926414568587405
0.08019772073786058,0.2841701738376222,0.1298209500633934,0.14596501547163526,-0.23768520658909392
0.33804189408485963,0.2017165764643239,0.36145596957959736,0.3074850799511718,0.17012807457758866
0.11173314261141326,0.6667643271205309,-0.02967227977295861,-0.2525511658243719,-0.13820009234663333
0.11096172230931903,0.5751058853214077,-0.13700418051774926,-0.35870628596019755,0.8354001318718296
-0.1408634280964121,0.13062049982190918,0.3209702427883899,-0.38187535867344957,0.659026330173621
-0.12710825808557383,0.23454947446135568,-0.24752173181075376,0.07364600707450522,0.23039013702680355
-0.6156026170762724,0.03614604201982874,-0.19836506398130133,0.5599281446494333,-1.052640908562349
-0.07394173797487863,0.5183592690009623,-0.15131281465799024,-0.13480158558525052,-0.43321286273342063
-0.22205184984981544,0.007231798316128718,-0.49710848044662015,-0.3149235073621798,1.295445966044936
0.28514117569783404,0.14696169521236366,-0.48496153401194647,0.1377200812410183,0.2317172239343782
0.4805841956439518,0.15032163221457562,0.05637144759731613,-0.14007388320052316,0.16206343033678997
0.14480136288528309,-0.27803304411152013,-0.14030226228163623,-0.2173630984622409,-0.8900136033765252
-0.1852534647054146,-0.35501197466735335,0.17251255343451324,-0.325817050475618,-0.3112897437268965
-0.4422383949508403,0.18250366947330846,0.16233013660975398,-0.3617816607935142,-0.2801275869032726
0.07555829392731422,0.038603859002145496,-0.2384902726483976,-0.31650526747436436,0.9482552108819811
0.21322361461618253,0.4610423098254083,0.027760430519608637,-0.034180380714161046,0.9196142040311363
0.040955027794850926,-0.6070971123801183,0.366600519221126,0.8153935899999375,0.3219791242178866
0.15218182178596507,0.3681627231042356,-0.24370368343874704,-0.06718471770339529,-1.0869643665995683
0.46508301772991373,-0.3902824696264722,0.3210931212188614,-0.37966829754995834,0.2552538860196664
0.8174168473307724,-1.4689420988570252,0.10643830823770467,-0.4955985918821847,-0.8317493445603391
0.9032139238239502,-0.5201143061646856,0.7935859961219272,0.5284852983267502,0.7194952669696325
-0.06765729297907036,-1.2279920273199962,1.0047036825720161,-0.1862873669177882,-0.18175786540824213
0.06052221457182774,-0.9044107975104578,0.3156112185164801,-0.15918995934178876,-1.0017792291369265
-0.5199952048407578,-0.5177508025392263,-0.2098929749960608,0.6633139484308896,0.8900172709114897
-0.1464020341078956,0.040981770015190044,-0.7767220467341045,-0.0855937207845307,-0.25413614956424213
-0.4714575886473489,-0.6975617927536844,-0.27246759356756844,-0.03725351186305408,-0.5079278227189932
0.23609380466792262,0.24277544821354796,-0.582075384044525,-0.34810311943117167,-0.5965923097351958
-0.1557694692837328,0.34428687404244357,0.06495558068372614,-0.03263747527460567,0.7446523438936417
-0.08910578298964256,0.40041376954095204,-0.43302787377019913,-0.2609746341776282,-0.21656949225064973
-0.01333032123006278,-0.8546761766265802,0.03833544805883951,-0.34528213181369705,-0.05386512286975001
-0.5530979139117177,-0.6725266909163181,0.2604821065924218,-0.04929994091330339,-1.0395257931711126
0.04508759457058348,-0.13336966149912868,-0.3871982696117833,0.08680108495664612,-1.2200270248560474
0.39331609984952853,-0.30306016968027744,0.06749507918437181,0.1172283441583637,-0.35453247517379666
0.3687645881792539,-0.5569649627694906,0.2506595977634959,-0.34740204491285365,-0.2350804259690059
0.5872734990986693,-1.4125780986893954,0.6810559559271101,-0.39510498875293987,-0.219226125293778
-0.19033516632579883,-0.8534691354198924,0.7459205640762303,-0.48032968453621605,-0.6086084298838824
-0.015115258883606097,-0.34801548569622326,-0.30417764094980076,-0.5331515172578571,-0.8684215873578827
0.12865397946878487,-0.2935210244457527,0.2881739892555963,-0.18727429482005248,-0.7185378040001581
-0.05024861370929645,0.24007277634403573,-0.330253493695489,0.39941013656912,-0.24780489636178954
-0.580843496475882,0.4921525517280225,-0.5145261832322757,-0.09888371555252515,0.6066876779451411
0.16143352970528502,1.397396526050556,-0.5958278885400785,0.8716788404214176,0.17434546378565585
0.3315587785126131,-0.21584392535091157,-0.09508836792665817,0.272550119134958,0.4602577645912541
-0.12142409109270078,0.2017983380439618,0.2513782175148918,-0.24963970929411916,0.7064297632748612
-0.3061939329200532,0.7729492113465712,-0.3441193835269472,0.7374056411253065,0.2544457385850491
-0.6677658100487512,0.46069645322385266,0.12652845182344274,0.5380100667605674,0.16890367159412856
-0.6278345196055719,0.37067306707702424,-0.7767750098061884,0.054139236564050786,0.45529832437382656
-0.03573956044303228,0.14366278160092574,-0.8478427061787428,-0.23273936558591138,-0.13554107149366712
-0.549425418376676,-0.6426397814596756,-0.6140678239383921,0.8387541366420408,-0.6253634987312333
-0.4068617672821513,-0.8431859824154884,-0.058492759971931596,0.6719266211149445,-0.5688721900212295
-0.5005202281924521,-0.5755092566945597,-0.4183680849419741,0.33026448050825413,-1.2617212385847676
0.27145090121574067,0.39532919048604587,-0.582106503907641,0.2456925075505706,-0.6953596547299334
-0.4172209478158537,-0.682949482739721,0.11203925569052373,-0.24553359028992666,-0.013575037091172637
0.1339332171852211,0.2179438723559008,-0.41278964561029197,-0.2903028278191102,-1.0155995348217504
-0.2387488631383753,-0.03871024251138913,0.3338903862724046,-0.3244921437247818,0.4254692094405847
-0.008159396995540968,0.546628273977866,0.45495532518888315,-0.4554969090479303,0.21132194960864012
0.3462420973335193,0.25616089786562224,-0.283251250958812,0.21989792417055273,1.2212539478503746
0.4970407155481171,0.43269098632446035,0.11562017409936043,-0.034396901625014686,0.5851459405198216
0.32755374213970523,0.5311207061249141,0.2847872160006513,-0.22095261858653273,-0.04557881659194363
-0.3524087731396768,0.5724391262568715,0.05627090325348344,-0.43527382807484527,0.9982500023118963
0.32166827271954845,0.06052856378113425,0.07718996895241498,-0.5400636569946194,0.3075596317968415
-0.373692299973201,-0.2829089274946534,0.6061770920741797,-0.5253129144033558,1.0492218838815974
-0.7800714159159081,-0.7496948718935998,0.3309695336056575,-0.5921317710475837,0.2744829703871051
-0.7735951590232473,-0.9101175660592222,-0.4857608555201109,-0.39722171876495677,-0.625325145755509
-0.6822275155707664,-0.2519844449559971,-1.0210696635782956,-0.47947992912369825,-0.9284439050903963
-0.48596309736795457,0.5578221838199251,-0.5656815408689871,-0.43177400845339997,-0.8359712985156516
-0.44442144492733926,0.04777954964125991,-0.748075766590708,-0.4454381383323913,0.010541199630855577
-0.45836352890775733,-0.44683765050247237,-0.3211436864534247,-0.5257995631727128,-0.9628191217882156
-0.005565830764326762,0.2756378411484344,-0.2909930837434176,0.23961682555830996,-0.6301977556235329
0.40984697298253936,0.13616549385108773,-0.5570808037150273,0.5557992413790146,-0.8552491883336032
-0.2356731679206016,0.3438414942461286,0.26329738768207556,-0.025006868810925453,0.4147639333395924
-0.04641157417328043,0.7933437039309255,-0.3243947048419878,-0.16829544214473618,-0.04285855701439792
-0.5835550973538784,0.01607338169712208,-0.40340499456571766,-0.3855608552172794,-0.06604492617040714
-0.1895916436066843,0.21579708468214368,-0.8311165407237046,-0.449414479772693,-0.5823099754355006
-0.02286245496286557,0.44462867442122034,0.10514686276771623,-0.5039424115001598,0.5062528509640325
-0.06494890579839054,0.5654010673920928,0.43805844678389116,-0.08839644088494417,0.8604795266603483
-0.13004722950404124,-0.11791771045361987,-0.3509239749780966,0.3167162854502582,0.7680023860225725
-0.3331095041512704,-0.3283614698168799,-0.563216160275725,-0.224702993364236,-0.44534198158835536
-0.5489723909342599,0.3270763929207033,0.022929508874502624,-0.4100692406969498,-0.4212482080804813
-0.18219825792085798,-0.7804961677074186,-0.643945900443064,-0.4323621484764526,-0.08866320132695794
-0.33394122045189556,-1.2233773763451663,-0.5717151847213818,-0.11333783423827529,-0.11154722109377663
-0.04659569927128787,-1.4733135409104667,-0.40692849922499963,-0.3829228688605111,-0.6450846294451251
-0.5560305728733287,-0.12790541725142013,-0.3467971149163708,-0.5459221478000637,-0.4341118462306578
0.2947150915382562,0.2292683046961473,-0.09621797193872417,-0.5977981129590186,0.12799190640414898
0.47305638975597986,0.67457860029974,-0.1010507272787649,-0.1342692385571623,-0.34566875813416376
-0.2084589046636789,0.27595421520064545,-0.15979752851151452,-0.25155526984075244,0.40093272812960995
0.4013051764811769,-0.33737759616568047,-0.11398011512035663,-0.2599977326775821,-0.222325118788059
0.2712429269165763,-0.20515528540648476,-0.308771995965742,-0.16302776118563533,0.6032456585185635
0.7336764688688523,-0.5327704382915561,0.05838739941399548,-0.3350416604161044,0.43686843529019914
-0.053784617665638135,0.45212375538590793,0.7619327290852901,-0.2626362095357239,0.44153510565240184
-0.02331750648468406,0.1863470824364146,0.14575012175234703,0.7178178202715799,1.1210548994548697
-0.446274751471631,-0.303421527621458,-0.07499976465811847,0.4071494155465059,-0.4322882727569918
0.18760298584844992,-0.18472999499775797,-0.25748019897231955,0.7788128856032741,-0.4911344755893118
0.19905696438651083,0.6693876840841962,0.08261113795245133,0.4567704050879723,1.201710976135797
-0.33618203552323156,-0.24645936669669272,-0.3080642845418555,-0.07970857760141692,0.5434440835173738
-0.6567770503863535,-0.6306360614999772,-0.6964769052109754,0.5725366002189751,-0.07682107474769423
-0.4420364778000578,-1.0220680222183869,-0.8176894656134708,0.4813353867589779,-0.20206268490362383
-0.35887801198941705,-0.7113531105164854,-0.7106326968183551,0.2149736382450345,-1.0822336542105129
-0.4770696309569629,0.23937673760812067,-0.7377728411124156,0.015081231855560512,-0.5911081048732783
-0.1959383576992694,-0.08151513094327713,-0.6209925094096747,0.6461794108922857,-0.15320756239210287
-0.25691676451065754,1.103318283074682,-0.46710167752312876,-0.12874183185206772,0.9314874332908589
-0.6971655464174039,-0.2291858059926361,-0.4636768685472364,0.13893355975708624,0.6647690206544865
-0.6149335261676717,-0.5720310298594613,-0.777016365272495,0.5441395489638883,-0.3015369985995797
-0.5753960720295531,0.33883355078920974,-1.0340615438794156,-0.10989871993041503,-1.2641317275780677
-0.18935837991913168,-0.41109307708750376,-0.4466485012565773,-0.3743125660633034,-0.2924377918664217
-0.1096378609523119,-0.09834277471921694,-0.5430380941604995,-0.361676036554187,0.046707544289542546
-0.42190740304126656,1.0926373443593733,-0.37487868595897134,0.3353888896838464,0.11486907816479189
-0.3350467821576669,0.021130293487980234,-0.2628225283394708,-0.15616686012520226,-0.6533066390745936
0.048957323504897954,-0.11900567002493843,-0.32285380087613036,-0.0431803228533591,-0.4321262462620244
0.5879725790782608,0.28332500411634726,0.3293661402365451,-0.2410657272499771,-0.5555029539510579
0.26323293672883097,0.5131616761863305,0.04364634062110084,1.040180986412031,1.0280352404664543
0.09207011531752812,0.6811087575986569,0.13414569150380937,0.025715638738194102,0.26216181106232317
-0.406204231752356,1.2526235682429032,-0.21420378956631278,-0.21643146934918794,-0.489585548758505
-0.7979538193184649,0.2987974810761505,-0.7012790558938937,0.5341381311261151,0.6775380480448859
-0.3248771327993996,-0.26756823233726496,-1.0378355018817202,0.5574092967353075,-0.8339484899033494
0.30079763196796705,0.9397122308066787,-0.7581873878378056,-0.06514028900575375,-0.1425179390629145
0.5147820021183842,0.6704436874427508,-0.32448354234754034,0.12064866986135245,0.4438674362668839
-0.24723438563433087,0.30249261989855675,-0.024613324638269346,0.2074104085987505,-0.1623739628675498
-0.5488649691449388,0.02653151810716188,0.13214105523596595,-0.29377874446942637,-0.46698753914433816
0.2734702814098251,-1.1386459958564805,-0.35237143425453465,-0.41631834294922576,-0.023539733414723818
0.3337916997594228,-0.3090877606445268,-0.38496423896779813,-0.12466466285502026,-0.04508224908459005
0.3417227520298739,-0.2177559547797465,-0.12858881042724193,-0.25738778315032,-0.7564845016799913
0.448337022144153,-0.35206585847626953,-0.33424560200276543,-0.08617598846680008,1.2022542860113954
-0.1668278971994571,0.8008294351719007,0.049347958094832764,-0.43443831759507445,0.6610593281858419
-0.5180329969449855,0.24901678638541472,-0.10452593632145225,-0.32127072225964076,0.835955819399651
-0.820231113357996,-1.8615863653611384,-0.4819103917394676,-0.32979925288236883,-0.6106340835528994
-0.6484004705481505,-0.5701169221013946,-0.7166744442970864,0.87116936618943,-0.08593869186632475
-0.7918623531779939,0.09364994681838434,-0.7046001452139073,0.9006782425178235,-0.619877256025889
-0.5497344595036179,0.9169350032550289,-0.5435105766621794,0.37332371383765556,-1.189541420761513
0.1068796710114141,0.3576141135421658,-0.2791917158407252,-0.12975773408372202,0.415915017681292
-0.133333993641415,-0.4528781992016173,0.41831800671539887,-0.4081792942823186,0.30739623784033754
-0.2524970257464221,0.038022310183554314,0.20897906955758289,0.26276444497434426,0.20935877524792945
0.45826364486774107,-1.034077713813091,0.24487094336806836,-0.1446010261659813,-0.08481186291854512
0.18680305093548155,-0.04887827820488522,0.25022092284380243,-0.4247401087025326,-0.7272380479142972
0.1513798575024135,-0.02720092374065499,0.4858036510064239,-0.14060731761107287,-0.46493542025782464
0.019616104158589415,0.08101801590126087,-0.08491093116128262,-0.3159885496280277,-0.3294771199082931
0.35089704010208667,-0.5013102231559676,0.15921756926680147,-0.4915925605547604,0.13759442761918353
0.6588677421669396,-0.20197332711505706,-0.09490082141376482,0.3459841658762698,-0.48901563790307445
0.6825938849183419,-0.3480641159321828,-0.19362074926259454,0.16019814915739344,-0.5355463963359289
-0.17595925636080023,0.7912232583848828,0.5037144458853315,0.09919875337577341,0.48424951106533853
0.2510867407722778,-0.21570171535106092,-0.15111501594592153,0.028330789326466127,-0.143724676811952
0.2577076721183186,0.07029582866022129,0.12039243296575525,-0.33512474655279934,1.3209512862620003
0.058490325068061344,0.24763801371453542,-0.16929021272425937,0.023622212286925265,0.2546583661683485
0.34066328075451247,-0.6044415840109194,-0.13019539352234516,0.5601831867915719,0.0921150315624544
0.5791857305476278,-1.0213381033464255,0.09473050398752067,0.08031027873464996,0.21064175381984693
