X0,X1,X2,X3,X4,Y
0.0012301533574825742,0.0,0.0,0.0,0.0,0.0
0.2987455375084699,-0.21222359686796569,-0.6832621575640164,-0.14751562034456325,0.10471452363417044,-0.8707572239492893
-0.2741378553622176,0.4178813750741184,-0.7869032316836121,0.446762159201921,0.042110297088527676,-0.22650364375656043
-0.8905918387572742,0.18618729309797358,-0.4880957944562909,-0.21412247178019073,-0.394284444963906,0.7323759582997414
-0.45467078517172255,-0.8193087680535838,0.6317955048348355,-0.3761472093713516,-0.21332970111285984,-0.7030103335216008
-0.9916465549964624,-0.03460933208986837,-0.28265709229007147,-0.7892422314851111,0.545970511186304,-0.31522806156563005
0.060143602597438485,0.01717190657256068,0.4888588908944054,-0.1315271843828614,0.09304797687522101,-0.19415923672087973
1.3402152455545335,0.5405892062048034,0.5644145205753882,0.477099663011353,0.6376324074577273,0.6386529860804283
-0.49220651855132963,0.26966711234955604,0.6129011551878709,0.23235894422626358,-0.4466370984371293,0.32363025642357335
-0.6204748998199404,-0.6152624040424439,0.7620810050449204,0.635567349411952,-0.40342553531131703,0.5877460000034079
0.4898420501851982,0.20024887555155454,0.4906673946226507,-0.02769360254457856,0.26164177807426137,-1.3437612121078324
0.35688700816006075,-0.24165808054269522,-0.09246102802253539,0.11386043148317493,-0.09746867575202386,0.7051729507387722
0.10541424899789856,0.7529979459672944,-0.28868330661480185,-0.1727546583440877,-0.6161506727114486,-0.7159331380889726
-0.9304680447082047,-0.596405492895298,-0.0255030284981715,0.24009915191470915,-0.09523404556095724,0.1390371850994045
-0.02925182246327349,0.2514146243406173,-0.47422697194428015,-0.2482170452792586,0.041678411481950936,-0.09649085696418622
0.6953031944582878,-0.2584376556899783,-0.283859305674815,0.5119389816145591,1.4330560306090472,0.025388812273223912
-1.344214547285082,0.8265077017020767,-0.20531065467355258,0.5324822331078911,1.0773605710727425,0.21403886679941564
-0.45761576104021817,0.6337945863185994,-0.40285352221573895,0.17296815517788114,0.26985723344433993,1.4079229846126498
-1.901222739800844,0.7631907740723669,0.0077884666014786386,-0.023444015698457873,0.6650127493510392,-0.2933153119330307
-1.289537739784976,0.9680990275410055,-0.5857443099495506,-0.3368830078825296,-0.3863950594197365,1.0644576408701816
-1.8417350377917323,0.18470055624240142,-6.19919283800785e-06,-0.2394185783828033,0.6644370337096556,0.3460909881749571
-0.23509113107468127,0.11897169465605512,0.04258076037665429,-0.013051719783489804,0.41984899280425647,0.8197129333935168
-1.2674464814437032,-0.130223556449468,-0.8297787752244995,0.07658789994956618,0.33916856616555874,0.4860902164843375
0.2712643588217015,-0.44297356617214206,-0.44369447784109517,0.48061550517779544,0.5560777430069802,-0.3490635952139123
0.15675108662422516,-0.7426265742435935,0.089356795975635,-0.2336349247890339,0.3692629194917249,0.03671624633553405
-0.18693094462995438,0.3111901246641952,0.8216664387723803,-0.5882991918000238,0.3282656026976978,0.1765434337999755
-2.516759710820513,0.0994639806090972,1.314371716980248,-0.558126817793977,0.17842032291083643,0.39305492755675353
-0.5386928958466366,0.6109272666824336,2.0083255213363347,0.26259134252307065,0.447766698848664,-0.6560802820365101
-0.048500945401071985,0.16121236600961336,1.6724990761780991,0.5409699854765133,-0.39340410031052764,0.9130477274070171
0.11330898600330756,-0.5245364031479856,1.0442423708045314,-0.421378928957335,-0.0032847997385576644,0.34385574792797907
-1.5301357655053935,-0.5083494582364794,0.16702379678081658,-0.38776148768803204,-0.6555352139039045,-1.4095628435587289
-0.47775327603393064,-0.25534755211968674,-0.5902224530317779,0.13347643199522255,-1.1453360714865786,0.5434562115743128
-0.9785190780566395,-0.07480135834465723,-1.0438761261320804,-0.03396037148987305,-0.9124665151981206,-0.2633169278276227
-0.8088372394255993,-0.8618185793293653,0.3326467886037363,-0.4994468106843924,-0.6254363373594242,0.10938219755422268
1.0608986233860787,-0.711889114950073,0.3189441960048517,0.11354664115571313,-0.9985693538228004,-0.42823648560880573
-0.8075346753318965,-0.18782326817187953,-0.16213894379956878,-0.7927012149821423,-0.18817657598540816,-0.5377466877321135
-0.0325217049455206,-0.9665979809113657,0.12649332366077667,-0.10254717537361842,-0.3806261390746976,-0.053727866925278756
0.8843898673831739,0.8316121429014387,0.8534494547369547,-0.49364839934895366,-1.2857044001643443,-0.14249222329570094
-0.583600432743302,-0.3964512287045999,1.0438237626356726,-0.21615843960601713,-0.15134355001527133,0.6147873199943175
-0.11170194958415963,1.0417386787766976,0.16429529293008094,0.13840198414747787,-1.3370192467262794,0.5847044511781029
0.11046414324948059,0.1747818419417967,-0.3736637572821808,0.6817232762856442,0.06524178834281003,0.6698008343189334
0.06378177425506196,-0.8420423548127166,-0.78806290051239,-0.7036633296790493,-0.05603550926041291,0.4235278062544702
-1.2250558264176934,-0.07717062391767454,-0.8897306831402856,1.0045446385781576,-0.1102411823575816,-0.1378774598837772
0.0761402303770081,-0.37764679440343885,-0.4673016336515557,-0.11072743446012595,0.5493291759058808,0.8106276361393566
1.3588234217415376,-0.2394246205767911,-0.8544811056112752,0.10875520051998827,0.13517422380282787,0.5453788273686031
-1.5471446781284823,-0.2785281536078137,-0.8032889973561237,-0.38821524222079973,0.18052685985832836,-0.7180774523089524
0.8593826880215982,0.2998704043147369,0.32573154202674004,-0.20820867721845954,1.2714811652379612,0.03004282811858522
0.11935402569658124,0.571247059357517,-0.004295992158146633,0.1460686975640031,1.0364397563876668,0.40027680138910016
-0.6414703941072214,-0.2652405305495361,-0.2918948145676519,-0.1776067020919611,0.31603596663740285,-0.3099906303923066
2.000416546342423,0.2215187754149269,-0.21828800680379673,0.20839353998449986,-0.320797491374427,-0.9402482846989446
0.7622597120847118,0.11509508459394902,-0.5157835505248808,0.6656205987705002,-0.6320546966049048,0.642036988927622
-1.1992889021052233,-0.9257292447749006,-0.4326012391120034,0.5789657678682968,0.41647584651561187,0.0071981871136609366
0.07451622877146342,0.8621777567868487,-1.6064472271333605,-0.2725884244178986,1.5336402928001847,-0.23934691592104163
0.5766895836701853,-0.11789933084454746,-0.9104733396932805,-0.7573626664069204,0.8179305480475583,0.6422519256787592
-0.1887821253507493,0.4087609549342824,-0.34388858486885276,0.9772591434847733,1.008584529027093,-0.7315504436538203
0.682910267195206,-0.08286830805174838,-0.042278096457654596,0.4822115051528509,-0.45386668345318704,0.16475884661515028
-0.06651732014941557,-0.6660657073315359,0.24419853877188863,-0.13807347966248076,-0.2578187704022929,-0.11395320009326884
0.6672475608343279,0.1110001956040618,-0.12158366484302449,-0.2878985740105713,0.24789472026257506,-0.9084202181835244
1.438522591656152,0.5558124707191453,0.08037683483764511,1.0573938945424148,0.07393965425598928,0.37290290497060313
-0.6756622510056528,-0.29842990942158953,0.02282328188671937,-0.34703305724714023,-0.04905215831153427,0.2547372849979157
0.20313861038960904,0.2680949318223562,-0.18625594475932977,-0.16198350848133694,-0.23809780203618705,-0.41659602676984864
-0.46330757653841514,0.06370039935809246,-0.7022649851575712,0.698072271505449,0.7032389135804085,0.49450645171889024
0.12726841122583082,0.6307954380412061,0.39368548337785986,1.0665454518003723,0.22737569406772087,-0.2943180825858723
-1.18719452785014,0.3015888019318292,0.7849772192210407,0.3930022267149825,0.9626599562398281,1.4449126774013985
-0.5793015965026732,0.054531410908601086,0.057341026627786285,-0.19363969784754143,0.69003584219186,0.022372799039298896
-0.1961959728044967,0.5249251648551815,-0.044463623032203275,-0.5792690654464059,0.4199057403376616,0.9686506783264158
0.8987638721004078,0.08597209118769544,0.5695326668620293,-0.04469169282127561,0.5817342548652095,0.3638306830511744
1.145222007454132,0.6052858888820392,0.4954863266286568,1.2124364053907648,-0.5696640916058076,-0.9129383974919414
-1.323527792484255,-0.34269248246883355,0.7575819741313744,0.6677751045837377,-0.09558105826492524,0.2413479389454234
-0.7946423659870495,-0.13793788660198425,0.46233848345494366,-0.2625713897966804,0.7031867968316696,0.12048316355116867
0.6469034225734218,-0.028824469805126096,0.0027915677250580084,0.33645161047634,1.1461777635626347,-0.8311331876630792
-1.9924197841744944,-0.6221047705739844,0.3451819852234539,-0.0024854242523529285,0.5191891469936327,-0.4311059083296658
-0.46316986495236695,-0.18281640068667482,-0.055799763685134285,-0.5111389461939343,1.0503704728214358,0.36618439639056843
-0.09728692567008902,0.5586362626638167,0.03169857839153115,-0.3592554794579349,1.317550695206501,-0.34822910481723346
1.2570149772868198,0.4597483141250583,0.6479135044193801,0.026255259662513113,1.1425279600288176,0.13362934575752677
0.6894039005707556,0.4424210311163436,0.02662316658651931,-0.36090664804246375,1.5642038547019808,0.041142318031395814
-0.32721342022219785,0.42071463864856296,0.38672151367537994,-0.2707802555694409,1.1118816432901393,0.13338101992270876
-0.3685758940999591,0.763702918409933,-0.6669830181888162,-0.14016272726569473,-0.1132807858756415,0.3368586479077189
-0.25019540051792494,-0.059077021979075696,0.29280475744103335,0.6969108386800524,0.2773158533121003,0.7454060583460127
1.5235294004561601,0.3282464169759941,-0.035827793250474554,-0.35804870049435117,0.5150062898844923,0.28082572432331654
-0.4280249425728672,0.20396903950353507,-0.10272599682092125,-0.12053825914288224,-0.7532730269094746,-0.17159129752443283
-0.3036803883647294,-0.3754233000473481,-0.8969113975062777,0.03458469326717882,-0.5589615225802741,-0.5095136801836857
0.35258906728526535,-0.3847542513278361,-0.12334236920767505,0.6545159910283505,-0.9043164405217583,-0.5672987537260101
-0.12077044508645512,-0.5554414210162966,-0.32417202358823144,-0.10549277873568033,0.0995183184079087,0.14463318811949605
-0.19728422796572256,-0.28103971823744567,0.37712354145321814,-0.3509448770231359,-1.08255379627428,-0.9326687046457772
-1.1140671431510563,-0.3070546548436328,-0.25032996694574605,-0.4019464210294227,-0.9720510525897557,-0.2462096427709995
-0.011521468038548173,-0.3580167420662475,0.08054530396307599,0.6979103897375731,-0.8600521166358157,-0.1799843792118946
-0.4435812229744192,-0.7625439305096953,-0.28621705994841723,0.10076168838480308,-0.46328636385748123,0.5055786803789515
1.1661277761902227,0.20243766635473998,-0.5620806773503414,-0.12700570502187425,-0.3386150995689004,-0.3211704314467735
0.6530885027011638,-0.4020647770353053,-0.8041057387025596,0.8307028040666546,-0.5877004384059341,-0.1338647528641672
-0.024143613009932233,-0.37008274872655894,-0.6670322123860912,0.375527955431659,-0.5754469834415366,0.1857874739072436
0.6683810232673438,0.27979842475492567,0.6953912311571522,0.19708443653709476,-0.18082626835431306,0.2309522821604522
-0.3398695517131494,-0.1344034766527611,-0.37410435427808075,-0.02908352288583277,-0.15394285824674586,-0.8297264841276402
1.052126358426947,-0.2665577089466867,0.253260053797288,-0.08447026036999461,-0.2705465939644637,-0.20631508958320818
-0.005399560671626605,-0.529272190140766,0.33017923729301935,0.09262537146198796,-0.770789422764864,-0.12093132385582815
0.5833823541804138,-0.6978846103353186,-0.023237785807856598,-0.08450620637964697,-0.6723509142029231,0.30985307109605764
-1.2908932453234871,0.003676142856580633,-0.5406442685934542,-0.17550944234122548,0.4254835662236197,-0.06099581102150692
0.34668004887842974,-0.2807143018377425,-1.0032738427277708,-0.1645942060737561,-0.6530456894688106,-0.23070307569738246
-1.6882041173665416,-1.181461303081269,-0.7592081299352204,0.296711423250306,-0.2768114994520273,-0.9439165529783137
-2.0353289449399323,-0.6227205936003639,-0.7100293675802701,-0.23445860817892972,-0.34483098287251324,-1.0932330451557928
-0.3044768777114372,0.029848041558084126,-0.36097650486072436,-0.24304394706954965,0.12257559809346225,-0.8632043735377677
-0.8999276075985952,-0.7419485642279261,-0.6407898347553262,0.49156464963139035,0.2861939550949699,-0.32171119153780103
0.16405279571222256,0.5783168995699501,-0.7121573492778547,0.3034348870079679,0.3128238755012668,0.27782894997510693
2.2447566264860495,0.6774120610692674,-0.2888992663120442,-0.18393993631693906,0.7712312406045001,1.1879670385086338
-0.8317231814120817,-0.004350278882742531,-0.06208278249927314,-0.18400834891672208,0.4290622304532638,0.7216626350365762
-0.6239435864439059,0.3763136803237277,-0.6873648461178393,0.1111190935962391,0.5393431198892691,-1.1794596046083181
0.2054039460646989,-0.02028701351786194,-0.395303882876219,-0.0544099985996017,0.5938015637901131,-0.9188007889013774
0.49301329141235634,0.6546831818285749,0.1380445767061247,-0.7343076730474396,-0.034315622942815205,0.3121974866122642
-0.1764060659057582,-0.390861658772128,-0.04944735547309595,-0.2157513979480373,0.3866440873630727,1.22031251228944
-0.20593033025321647,0.10602553417205787,-0.43969975295516306,-0.4022590139444081,-0.15969156002240373,0.2744108387326549
0.7024629551205442,-0.785071943964105,0.6426567806245447,0.4524741307824644,-0.4318988133028699,0.4569069708213352
0.5199076370338984,-0.5851952664933077,0.7321579864015656,-0.24398469629209446,0.3623063107230219,-0.9821083162357515
-1.0336758320736887,-0.06411634268754698,-0.34300242159212363,0.7618692518194099,0.671703808996277,-0.41162098342153636
-0.07918131861584184,1.054206177299497,-0.49171361841291894,0.2021496050519696,0.7347945063513173,-0.3422946902815891
0.035286848661474135,0.15635194063309066,-0.0603554082639281,-0.49088541986212614,1.0551962837090234,1.2216075040819372
-1.0544846220491104,0.27448840352776493,0.03980616611902649,-0.3055678362098013,-0.023672909486858962,0.04559132887021429
0.25983910067436333,0.26966609060672886,0.07474533980628258,-0.6215893817657486,0.5633870667866838,0.24596117336037646
-0.8579564771765439,0.7065013329172862,0.4858388297398437,-0.21277609781621487,0.509633166909784,-0.5622520119851879
0.9720667079170427,-0.5912029379228614,0.7079544274911704,0.5302560011407677,-0.27791575228796317,-0.023302102210467968
0.1927459126050724,-0.691041626830667,0.2009441132407517,-0.6091261948971403,-0.8379475502591877,-0.32294428816331533
0.08930648576905029,-0.08108562542033249,0.28547159469834116,-0.5214005265360175,-1.5678793830082975,-1.1914313330342874
-0.591028352856274,-1.0918842001077789,0.4816634913866675,0.7297353999152001,-0.8212566577613457,-0.6875223883369981
-0.11860982387769403,0.18681066731820284,0.3644897216670771,-0.36633979878320305,-0.3106831545767453,0.1408084820927099
-1.9977462929070549,-0.48342169396070306,-0.18869990032552483,-0.1210519405984598,0.40572285196273694,0.913533754827156
-1.1314074705230586,1.1226830153200784,0.0641357438964069,0.1764702385263462,0.2577409123327143,-0.7465424464801085
0.3628397991887543,0.6012217264672985,0.39938187109545975,0.5075925425496625,-0.4619700023376919,0.45771831533197177
-2.1285670418221447,-0.24622983561042522,-0.11425998909419455,-0.3070340764256247,-0.1427328699933907,0.8478139860596515
0.8466085214811634,-0.24638835914251817,-1.0780678426790022,-0.09945924419296182,-0.2877961641252318,-0.11693957924864462
-1.7460964753739088,-0.23818663386531752,-1.1530451345490675,-0.16711826634475252,0.15035945955529112,-0.8710297804105007
0.7567385026642676,-0.2962903897589994,-1.1680772031408426,0.12180345789333824,0.25534211579227245,0.3212321905219708
-0.8454970328793241,0.030066729789628696,-0.06771729389729897,-0.3129281113019977,0.9078695382775487,0.38120990449585246
0.7789910843424612,0.40275988846372807,0.12094327830363535,0.47754579663286123,1.0159100941774841,0.3160625033801114
0.1309512075847998,0.5787726860762932,0.41868209086062913,0.11026320825387018,0.7597164859870162,0.5456273714959066
-1.5368349402914887,1.0552380265541041,0.7044383432101664,0.0423155972751227,0.12386840603803545,0.8840599924917408
1.2491487495584548,0.8866750711425355,0.3070985777106617,0.13643463041079779,-0.06139879469612759,0.011460673504689711
1.4417071555226115,0.8253039808690221,-0.20349179065503695,0.17800620151630614,-0.189313374102164,1.0539355947494888
-0.0658049060002071,0.15691785478959794,-0.6025458737675602,0.6618708774701221,0.08164745782949136,0.21824964496594618
-0.27391627217232034,-0.35985356460961065,0.00047179446314188356,-0.04087506630784757,0.1921156831414093,0.22716160909361233
-0.15986696597063635,0.3293671589338447,-1.162446815741821,-0.17563333952017154,0.3953924037618195,-0.9015431375962545
-0.9751523227787462,0.6275828270412225,0.15871702569540025,0.43012358689140384,0.33069584557780807,-0.1330864326092726
1.0985867597569177,0.16359935672631712,0.48543577916808317,0.0006165812344484448,0.04477341595384837,0.5479396647537766
-0.5428919317301868,-0.034654869399017865,0.7996979893987113,-0.08281894918530185,0.0843004734912298,0.2690633211321699
-0.051190412691676575,0.029496217885132858,-0.04758503695459998,-0.23603902516679126,-0.2091789785293675,-0.11315857778196872
-0.7932964032030436,0.408688132306954,-0.3291809499368027,0.17948961270944674,0.8973894002498024,-0.10352713840506828
-0.6260730997201972,0.36127903898676894,0.9307916064312043,0.07416422906013789,0.6101711541617113,0.46998032767390974
-1.2777251516511705,1.1519362933703372,1.1705546564574663,-0.23511208002674097,0.29560323083889145,0.5934582234755386
1.2570693137143927,0.0380529465949927,0.08436393990483004,0.44866582852648484,1.056352093731428,1.0592353971627666
-0.15408757320601318,0.288112390492294,0.6698523119665254,-0.5568457053449982,-0.027762371428434296,0.2709506750553499
0.9659216187288089,-0.29043579857765844,0.28423988841259723,-0.08681512273203311,-0.18834819709399958,-0.4230685172078474
0.01332459691325976,-0.8834127677266618,0.4066008652193599,-0.0752807100711339,0.663800925055348,-0.4180734152864599
-0.6944035277028942,0.2724805919499055,0.44948472686032803,-0.5415556114876229,-0.1439830461441829,-0.21181102292805482
-0.3266852600022522,0.06253486085502961,0.27437967840931016,-0.05572676929580666,-0.15272880585385717,-0.8300443809135202
-0.5602310505028996,-0.15225670574686084,0.43505504417128904,0.39997537550719336,0.06777068230180644,0.624477983690638
0.007959099184913658,0.659487040858987,-0.3286137949751159,0.5443567298910986,-0.3566526948416968,-0.30056043753828793
-0.3752668396769557,-0.40106380826868704,-0.7546619236058838,-0.7094771214864416,-0.49711012428883794,0.6290185428464611
-0.29992171594179834,0.09915390538735308,-1.0174204166737013,-0.16734205542944225,-0.8537498871651807,-0.5601647246130129
-1.3785746841359137,-0.5206545594128963,-0.19416203049900155,-0.01766143124506848,-0.020262907536978902,-0.4201474736367417
-0.8068459276211205,-0.45345126099864763,0.7766088329800092,0.03700515879799671,0.3148434551130849,0.03731853553396325
1.65405754880043,0.7293306125905646,0.6280098997743729,-0.3389765722467248,1.0720067865767409,-0.30185894331112095
-0.6712332162517173,0.4894998825993731,-0.3267657466009069,1.2417025407679996,0.6607298847330925,0.3507952907604556
-1.0540937876234928,0.3749572451410129,-1.2100090636259981,-0.5583892451466457,-0.005678300985733187,0.35677710384103983
0.33732633257503086,-0.06954373234855363,-0.7878224359270509,-0.5144885777612754,0.16806666673993959,0.39545926627351113
1.407272199556532,-0.4523659688755144,-0.6637299427257961,-0.29523045720694124,-0.16562108833591538,0.0783641274289347
-1.454024302481208,0.18900540565608753,-1.1406925506297743,-0.04575634933680617,-0.1183973914848131,-0.2696165050056036
-0.20852184825127065,0.3698558614632962,-1.1287432810063498,0.0187406628820974,0.5959402553499653,-0.7824387262990288
-0.6320525539349078,0.9921897319820661,-1.087352809351707,-0.027469135504628234,0.786321658640654,0.8530692490486657
-1.7610194743274028,0.3688919066433232,-0.8475572563866236,-0.20836240087421612,0.2984672510148745,-0.18007861023507132
0.7349267092583915,-0.2876976084875687,0.046554793075835266,-0.6515658228081871,0.8105069476908349,0.31327024094511713
-0.02344391855484465,0.6983575378992731,-0.3038785565183084,0.05754997083936861,-0.7801613674535237,-0.6715683931197373
0.07144184429260535,-0.6681062884163409,0.9047828680962138,-0.03381483335254012,-0.3206285578869321,-0.07800012264013473
-0.7523114724455892,-0.40509385373473084,0.07153804702773464,-0.39196152292735187,0.032867122119126235,0.4200827240295702
0.4547841629969166,0.23123673517471388,0.4655934151070594,0.18353775658398563,0.4178464711129731,0.3284515280417914
-0.539297349487321,-0.14894574019795548,0.2230237145659492,-0.06433326965862737,1.1366802980063762,-0.4771410369495211
-0.1429032084967607,1.0191594205669379,-0.060374652563496986,-0.2769574665654647,0.8275613654803895,-0.11244851518267633
-1.108260792181513,-0.09641683998061812,-0.20979252619921776,0.0027284775474807864,0.04448071234774753,-0.3653198345036033
-1.2161027602081953,-0.23643700920745492,-0.049624687687359115,-0.3972817916142973,0.03271632391775065,-0.7489123537739046
1.3355318553000226,0.6427006591504789,0.9108518616451905,0.2441724934058856,-0.6546278701355386,-0.482785406312632
-0.5071047045384752,0.3639191319954518,-0.12311249103823879,-0.16871798137019495,0.19393281336222312,0.3339167899124263
0.2916803563558019,0.9142879860352929,0.4642556368777362,-0.24373882659528978,0.2648580866945329,0.42200989083394813
-0.03379043476737232,-0.138364719038061,-0.39333616653196524,-0.7346246387818124,1.1803749085967898,0.3881952503532457
-0.44114520276218416,0.30890013159605834,-0.2663833938226429,0.013990849202557842,1.5479732105792903,-0.08014925097917097
-0.5079609703372195,0.8920179496537195,0.6599436446434197,0.178433782332006,0.7423717980832467,0.042818751257677035
0.6300825914455861,-0.010504147474566239,0.36874904331724934,0.6915108536520789,0.3855228384699954,-0.08622584360905128
-0.3018676045339098,0.17889189570644132,0.7699589829340351,-0.3075334270057341,0.6699710837972871,0.15708931014514038
-0.15144364817129202,0.44789146475693414,0.6213668204646154,0.4450633321819735,0.7065147615806093,-0.29439551939216346
0.022221557194479512,0.6504145001663242,0.4279716094823201,0.15867721415987407,-0.43091552464442107,0.2389731231395865
1.1765083202520015,-1.3642865092086467,0.7947570141007841,0.11337892847033149,0.13030531207604307,-0.27379241260014897
0.6805109746331383,-0.12986125066062262,0.9307084442845701,-0.3496650343520543,1.3096900674904302,-0.8987371210913541
0.3826002677279928,0.9735197465055067,0.6407607782523973,-0.43727057070043274,0.977119541549617,0.5680346417746078
-0.5635713933532417,0.8759735709215437,-0.14537653889560676,0.50360714000443,0.6271041204598083,-0.06008385087104445
-1.3819687200064654,0.2978587292493816,-0.42365007786006514,0.4142101972608848,0.08238660886430518,0.08112127980380057
0.949529931735302,0.2725870307407469,0.021525713376338768,0.1423567779399648,0.3461795205185878,1.103558377113941
0.9664471342208761,0.42194918183267355,0.25466702837128663,0.7192988036941586,0.6015693825392766,-0.7294074401610025
-0.1407083991233403,0.19675049662442906,0.7683878027452864,-0.3501809067992063,0.17026930414291863,-0.3934587034261453
0.541883841603518,0.2984328415742651,0.1932464775938616,-0.5359917505483672,-0.2585120026874258,0.6937845250270364
0.781443053885405,-0.434085407297374,0.23259016040411348,-0.2946979387795908,-0.253207347109107,-0.6003805775850956
0.8311844526649818,-0.21836080211399886,-0.15588528225152642,-0.6011325476012482,-0.1235784661072983,-0.5112445404121093
0.9213834732464707,0.6722524581933922,-0.5245340987943039,0.2619228099898819,0.01815185947738953,-0.5280294697199772
-0.45561765066113274,-0.6637999366635934,-1.0747086361343996,0.16697061729808085,-0.6982862246006977,0.12558592388998568
1.5149729826647176,-0.30588050883646517,-0.5060541885050761,0.8103578859650228,-0.6601502035715479,-0.6739646811376119
-1.2465930582857083,0.020008778111904546,-0.42350476386660796,-0.3561096365281301,-0.7332470574509005,-0.42587677317035244
0.861723076993649,-0.16482598976581184,-0.9055838647191161,1.0246841735647128,-1.0708602858205731,-0.6281267459475897
0.4939320790307585,-0.8697189941531954,0.022980979293592996,-0.05843750512439815,-0.40987662207410125,0.19451973773100456
0.8736191135245024,-0.9902907589970116,-0.3338604561650311,0.14541913130627257,0.7603651258192251,-0.3794441582248179
1.8790083070967372,0.7121922039534214,-0.45673832719005353,0.1768106777630349,0.4549339955973036,-0.3273441416053579
1.484445473378649,0.8400795964438782,0.118086803041039,0.7974716714880699,-0.788560997409622,0.988437120335422
-1.145176907189325,-0.41641694362550674,0.5658757178851966,-0.2900967152108569,-1.0984039873631495,0.5294392962915104
-1.688671580267857,-0.4851939425655488,0.7664563134258713,-0.845906371472455,-0.951152287301759,-0.4451048532124322
0.8168890590537966,-0.6953943102394889,0.4282365366557548,0.6244111682130539,-0.8279712477202446,-1.2343510570807796
-1.015012415875923,0.10008832921649202,-0.31119025312231596,0.7363893396692166,-0.8184908615109194,-0.0013841929854599977
-0.0124053886475133,0.04891894776135708,-0.5142541345314117,-0.375328430941349,-0.6231116113255322,1.08108204700872
0.839727477005194,-0.0584455638076809,0.4511620248423221,0.2910935092324629,-0.27645179809260795,0.656325054360059
-1.6437973511855861,-0.31013385735179233,-0.30014486191379686,-0.3163333400488977,0.45237642621171104,0.1327062813391552
-2.1099804543094787,-0.3913603862398609,-0.2572445742502568,-0.3442581798343756,-0.26755827608355653,0.41356496240074336
0.259299020337227,0.3191331668089821,0.8526624645984409,-0.17149681865832178,0.19127908497028012,-0.4110953412185529
0.04438588961329704,-0.28318418215300584,0.5677135984392174,0.1341104280733343,-0.4450052499677847,-0.03727079083181446
-0.24580307138192253,-0.34953050378723466,-0.2479215905500013,0.3522729514689186,-0.02923656034741809,-0.11885688897137789
0.03853476377021816,-0.08632812402146586,-0.27411402483479835,-0.23688876362092684,0.04921831216674899,-0.26978716455912777
-0.8605156073672797,0.5439878210771318,0.23765250857633377,-0.6689152649756903,0.3478675144828606,-0.3430977193229061
-1.5134944072721068,0.016523316586822323,-0.0884614182364435,-0.16002517845493308,0.2598200133953263,0.4503140483844025
-0.1666548508803217,0.6848321346679345,0.04481304854982627,0.39818923351671126,-0.45327200454214966,-0.34107590484757355
-0.9717086910493917,0.20230218788391868,0.4380467319845835,-0.076391200540487,-0.5942176222476002,0.1687537764961109
-1.643481322411107,-0.2294405399707073,0.032471168083926666,0.10105832779170743,-0.680023996365627,0.10872631515324752
0.5056810713932767,-0.2993170670895744,-0.2620721387888727,-0.7611013219932988,-2.1705529032862096,0.024853182918761027
-0.061398628422175805,-0.650338994870127,0.43436080046668546,-0.04449610916097206,-0.9483336323507426,-0.5505620825078398
0.40652853663281385,-0.7764282147303112,-0.057440412755850045,0.37639628043023043,-0.7660615629548719,-0.4157784771805254
-0.9892949414259369,-0.33390976193433153,0.449415491468954,-0.05254363359811658,-0.5080563027498933,-0.08388038915248269
-0.6580587918366578,-0.541472989014769,0.638025572144685,-0.3645040076979746,-0.13417584072659217,0.6082219583505453
-0.9990430272201656,0.5061860089860909,0.17899394829859716,0.31422869707727535,-0.2126389954917082,-0.20376642752302643
-0.8866418670580481,0.03230484274087937,-0.11020129355794148,0.2505056727679351,1.0702792982562495,0.34385001838978313
0.19540791774940214,0.5916091102986588,-0.7622543683178462,0.1554857596381712,-0.1322413833837549,-0.00041398723409691307
-0.7829746163349458,-0.20982570567685047,-0.9669690805531203,-0.7402859928246354,-0.7869496229719761,0.8666174380083947
0.3560662888202746,-0.017277867768007993,0.09284785062346818,-0.1661266025524929,1.0210422700606667,-0.8578423134885134
0.3397559254182162,0.3498085621075947,-1.6794401191514008,0.3865614283040399,0.2130765657793816,0.22898271491170374
2.0251609868801026,0.3894948157246174,-0.5455451893858159,0.3734211139564326,0.21335208449746512,-0.16792873583682277
-1.3927890458668095,0.7727498723302187,-0.5014227870574928,0.44437719123796937,-0.5875897401584402,0.7592074167577345
0.8879023778350454,-0.3976556558234787,-0.8499871032906124,-0.10328521870363719,-0.2073224683314249,0.5473417350873152
-0.0894879618884183,0.2199391772572618,-0.16501713925732908,0.21485870595146322,-0.3010811686533258,-0.4264455670864915
-0.01402973013099694,0.1523754642597828,-0.13843525309081423,-0.12128860083220139,-0.37083428979003785,0.3653521872930309
-1.4498638219066111,0.15355111587460146,-0.2654199207827431,-0.43063355271190656,-0.9279680826021449,0.3824903224296678
-0.4601938127246543,-0.7805315228282326,0.0773664275538759,-0.21990468985699405,-1.2920007618082339,-0.4904817726804502
0.743197263443954,-0.5527279682158337,-0.5523521541663633,0.13314080456472366,-0.27595254095475324,-0.7715350166481235
-0.08247837201730518,-0.17038045147289932,-0.12351178883101815,0.33959348685539353,-0.5135517203155516,-0.2558440516560832
0.08105437041126562,-0.2072068656777382,-0.29031101221694905,0.14534360010235395,-0.8001091090494403,-0.09557060106613571
-0.29071668060054134,0.6205245450502518,-0.5298156715690719,-0.09993073948257783,-0.12876303771723197,0.10218304301485326
1.1545697469862868,-0.02710385439056523,-0.07621134436891322,-0.3976747509260194,-1.3476139506799978,1.024686423162228
-0.021472567043494796,-0.5495036066143095,-0.16509858273046002,0.0673473906494895,-1.0625748783771214,-0.45528499828562374
-2.200415672482062,-0.5176869654248508,-0.10888068103660026,0.3420219437646256,-1.2083673549599068,0.6818229301252652
-0.6920725504744906,0.025655870054773933,0.2988170933365969,0.42737160225976095,-0.46821674753398923,0.6581179490543771
-1.968796607080243,-0.15129907699240813,0.6907364735927264,0.07434774637988927,-0.29304016444274456,0.3374117646893477
-3.2514384154965383,-1.0103725751144674,0.44552878131643076,-0.3052491715627086,-0.5377344811237512,-1.074057591827313
-0.5301153497723121,-0.9544722274423545,0.25674394434941955,0.11771474512797342,-0.26659904648525723,-0.29489417133615325
1.3335598501027237,0.5939494433518575,0.17629786672134004,-0.5681668360784339,0.7005336276806374,-0.00724486651369316
0.04711990613059292,0.7168530503480942,0.30857287271756323,-0.2510179114522244,0.5594267021136805,-0.1670832850327701
-1.1725457074049794,0.25351644639857285,-0.25904961968888585,-0.5033091755182343,-0.09773783562432065,-0.19315902286689113
-0.9406998682024224,0.09480663733866523,0.15923933468599183,-0.7786898619442103,-0.08435027540706208,-0.4411404354482148
1.1306132302500087,-0.2849516962475277,-0.19809165902686904,0.3785697816513394,-0.02590773032498316,-0.28373002049121077
0.15762662339846478,0.2676545478307922,-0.09053874921464382,-0.16889199089732157,-0.006184778666240374,0.541653786048662
0.04799924156205696,0.012983795952074882,0.18475992673733327,0.1996399993592781,0.0739260789410451,0.6007317013040729
-0.05346178883805718,0.39492715932701106,0.5651437385611627,0.048182884113523325,0.22489311837596052,0.7138913769715927
0.038400261555346496,0.666905770364162,0.2692686156756987,0.1212571491586172,-0.9251230781741112,-0.3293097732911232
0.8054056469437983,0.43802645704221016,0.0355224542214581,0.26192585678356867,-0.9044783273421984,-0.3357092654400981
0.5525672973560755,0.36912159191246624,0.290843500295161,-0.4156327188660455,-0.6516091410817253,-0.7559285347219102
0.21570470002449457,-0.4935411117330222,0.17835634001154116,-0.8189208489212921,-0.4998182453157222,0.26862454319978446
-1.0428683575900106,0.20004230011442453,0.925850743927074,-0.25829590791849427,-1.2044336631105699,0.5508096294027927
0.511108764909727,-0.005229127499127351,0.6809293324879574,0.2752346396321272,-0.6961390172282118,-0.27952097108999086
-0.6842470779924941,-1.0570687969385761,0.6955731378884662,0.8113906440948464,-0.6034174437866613,-0.06783517101752441
1.0938456759004787,-0.9335742881487805,0.043279568610417096,-0.798775490297261,-0.13234769016584105,-0.5595083705595896
-1.2710508217241274,0.3702754421335819,-0.23822111897122486,-0.20375243161391426,-0.030229208839854076,-0.6332555326332401
-0.13762097627558853,0.07325271527400747,0.18166194096614585,-0.40793955228260437,-0.5571522952188666,0.6726136649084753
-0.007358286291270949,-0.8279032853959705,0.3183759095193185,0.05105353476732765,-0.27032409042881,-0.5027379485369803
-1.3246455506441366,-0.48167281886219304,0.5121692749857896,0.277952597485774,-0.1948252963971556,-0.11555302347393759
1.721971643856479,-0.2341688536796579,-0.040563901980492145,-0.21000495220442378,0.4836012681406608,-0.1159221281888767
1.4604067672595522,0.19725782809512538,-0.3965988269367231,0.6154377847127833,0.020980683214082252,0.5253215778908471
-0.46358376160908316,-0.004728949175587416,-0.32773451376360596,0.12485099299528674,0.8157092118714018,0.8063187276291536
0.7717211655645232,0.47362257831806415,-0.0178433437816978,-0.4784932542537938,1.6154457080266535,0.6998385149498528
0.37867606967021183,-0.7169603214134257,-0.21495341864686962,0.39743650619064025,0.6555786883392452,0.502000818590886
-2.613559463345258,1.0046662606536996,0.29203302736088965,0.035538835625014566,0.8169922924326619,0.19760665871289967
0.2503980162775905,0.7993215657052624,-0.22590339230101142,0.25913803690136805,0.23159555438421597,-0.04969230564681759
-0.061344079833248494,-0.1919795367177622,0.06771299362334571,0.11051551149437706,0.024342056761951447,0.3809953054392831
0.08321735347453037,0.7222691121128779,-0.7513883474443257,-0.6105213946519971,-0.5434066109547908,0.04041957610733751
-1.0768749198271783,-0.7767255990800208,-0.07066621656800753,-0.31856187583832735,0.047891217672762054,0.2595762719712305
-0.2693470462204049,-0.4366866639484355,0.3647715219554136,0.42024051045368094,-0.29853480677059463,-0.040883286788497286
-0.17825876338229713,-0.009127536116493362,0.3674220390022145,-0.012027519352790478,-0.4536609817341165,0.32489854390810713
1.1880942172123188,-0.31177865514088304,-0.4408454634543457,-0.4450472661348128,-0.1687001047975637,0.09753659529316214
0.33442706039101433,0.05855187374279186,-0.20296381378770254,-0.5194126322895217,-0.2895293859542819,-0.3919069961242184
-0.005555030202663769,0.2635215904588596,0.1142251759956449,-0.48460439873254363,-0.002755763914304432,-0.9265741409865056
1.5289699979109401,0.8462760649493785,0.1766464590269514,0.25718027049986586,0.22619838176084422,-0.47270295390229977
-0.5552479297636472,-0.461853156599833,0.4913380969643641,1.0959624364664111,-0.3097158829929382,0.7735504368682842
-0.3894303048753847,0.5471096986340338,0.6031443643857839,0.03421848872576906,0.1269171848523643,0.7701220969664611
-1.8167550113390598,0.6461897460329241,-0.21206974280612456,0.7054390333647693,-0.6326219028478692,0.5973161223275072
1.5691058462836123,-0.5955514861345202,0.006998380457585829,0.5674921073587555,-0.23322265409751367,0.9993298683815728
0.9643323681944285,0.2827740521835074,0.2564519124798977,0.20054335638682969,0.0714513066871444,0.24234583605838925
0.9168480445117076,0.9176466399323766,-0.4562394811973355,-0.18202792083086594,0.29074215257547265,0.18546733966122503
0.6688984464469374,0.41746648149322596,0.21785211385634468,-0.7935734246840052,0.6240226590905817,0.7286419529860103
0.110148587663652,0.5364458894262996,-0.48291120050190695,-0.08649856501391093,-0.10033962960706005,0.3378619755462179
0.21548893918232892,0.22922655041978857,1.3326137266244742,-0.44896049654644976,0.3384202103884415,-0.03421402906569199
-0.2520065902673078,-0.24412089883457863,0.13447592003668696,-0.1569613501677784,-0.09708781306887193,-0.14640918602570474
-0.20360042572294623,-0.6025759565139952,-0.4330489739675889,0.1700785110926546,-0.7580924570156484,-0.17938381368687698
0.05430361171369427,-0.4967523135643028,0.29644567717363224,0.359348144658887,0.1431733807257769,-1.0137744427506146
1.5118295115637772,-0.0009447061695025544,1.2897346071060036,-0.516820800235115,0.6692888399568683,0.035712158325953175
0.5556879018080786,0.6323991355779586,-0.29016946068866023,0.029753152953490694,-0.055006798074743735,-0.45277750921759147
-0.058460125758861455,0.0809240178629298,0.3302850592241121,-0.2633802211731092,-0.5468204044847441,-0.03234448588002575
-0.5793920504433961,0.472893279093483,0.39684040958727107,-0.22453194027582038,-0.7698499193076591,0.9381123137359813
-0.6349984874116595,-0.8436800276503522,-0.34856518986795426,-0.47076481625403355,-0.08194925048926227,0.27377586288259803
1.6027050111724899,0.42464716520299284,0.1644968201717355,-0.21611248483156473,-0.6781061019400434,-0.628902598059349
0.5066873042271038,-1.0549455319905703,0.2721378399614871,0.6718736350430881,-0.04171221023924959,0.4492398560196806
0.06755055831065467,-0.702635057059612,-0.07672782045272164,-0.6450509958597853,-0.5329330565146234,-0.09174862564182312
-0.34618184215272274,-0.4930601919323858,-0.20890055285801787,0.6445140959702932,-0.8322245031415376,-0.8449388827773558
-1.1090534117005277,-0.19576070964347037,-0.3966743991685184,0.053762522974826546,0.25919078252242933,-0.34192142349073124
-0.06686155746989603,-0.041498204970963654,-0.9745425904070287,-0.06067163850330669,-0.45567586948323124,0.08216972541756788
0.873658034470201,-0.16089976828666472,-0.21138893153110494,-0.38885525778392666,-0.11637715499316917,-1.126545049972652
-0.39253724683749003,-0.3304266503854042,-0.3661323783434542,-0.09791723952547321,-0.5352631890735545,-0.8738855017010728
-0.2272425830005601,-0.2369289458421206,-0.7383214000349599,-0.2200563477852239,-0.3177901267608042,0.011719648340969169
-0.22103435143897837,-0.1656465769845559,-0.47888805619388053,0.8141908328453321,-0.668851607154002,-0.5676430067795233
0.10959436799816868,0.26651462942661486,0.34362584607555785,-0.30128704721696564,0.3544621427103072,1.2339753526330308
-1.593010878745609,0.10857671413555647,0.22998765217421643,0.2726828761653202,0.05033661800057612,0.06495772509267272
-0.235398351965091,-0.25893977611278785,0.026545485731113205,-0.408517615414246,0.6669627669733204,0.5707717286067141
-0.8543955181540714,-0.09676222033178872,0.3650714332627625,0.43015079488270935,0.8804701512551933,-0.07776024946113039
0.8845850325626053,0.47946879250764474,1.063823434400847,-0.12339076065219028,-0.18390875464822065,-0.6808799753093977
-0.7705986765648598,-0.2961723199681726,0.17446774780710445,-0.11051446972479503,0.4715776982264385,0.6724551671873867
0.5770467473006955,-0.059708913720760703,0.5816722107366912,-0.041288882339352434,0.7291808255864494,0.29342039000264575
1.5244374527267601,0.6832498787573987,-0.03718095905606578,0.612783622112291,-0.010075172701513313,-0.6283782731091916
-0.3135962612816255,-0.4110257884777171,-1.317374687153638,-0.06396203940815869,-0.7301958099795927,0.9629879798603238
-0.6015762521234661,-0.2909161889485008,-0.7319379372316499,-0.19523246194806232,-0.7152676630835682,-0.29566045973177174
0.1914322591260928,-0.020981073418435192,-0.6867531995823581,-0.2594793615981962,0.9825377619431949,-0.751109802845285
-0.0020290276090286124,0.1213773844309074,-0.5624657063457636,-0.2902477600781928,-0.33116867852793846,0.3255824559623848
-0.9936163473397114,-0.7250484235334198,-0.4945330112664633,-0.4945501353658054,-0.5608572298097488,-0.07645069837104676
0.4609194157133795,-0.5451365501635679,-0.3548310572039681,0.5491698476877874,0.2866971989359533,-0.5042859521746698
2.015516053475408,-0.35048509323911387,-0.1797333722113365,0.364272524648967,-0.8608035313771811,0.5914959401494735
-0.25811199526572426,-0.5506360917328861,0.01335771648107209,-0.12649251727522862,-0.049138108244502765,-0.39606335796503744
-0.2028761960646632,-0.1231164687554448,0.4940282431284476,-0.13393084016815524,0.1468296384145119,-0.1027258687355675
-1.0449320235690858,0.7735916528800484,0.4085718937854639,0.08152351366164358,-0.342606163447282,-0.12220266518358296
0.3190884516865476,-0.2299015036231405,0.9429287838740187,0.3250178047999336,0.3407054170849268,-0.03822476605278835
-1.2469762247076281,0.6818932184576875,0.15104293028615134,-0.8352378435618883,-0.9598130149327788,0.3327038367194859
-1.1069310243514836,-0.48718307420959783,-0.3398169799950925,0.14261317435095733,-0.969392241375179,0.3810940332500096
1.2796672718437896,-0.05857331449296693,0.7159073524996588,-0.1814520255945239,-0.30538909180176793,0.1215960814926601
-0.9054530593946442,-0.21384047509836984,0.43458805276490287,-0.03949861420656159,-0.38428664786850225,-0.012165172669930335
1.0813575693313382,-0.5118174406377064,0.41798961584502503,0.26646225349473435,-0.4465885092976467,-0.9923792357579408
1.524358003782807,-1.3278205123649878,-0.1001085174910939,-0.3520978400864663,0.5530145433907081,0.1433541316837505
0.2593264574767428,-0.7449785443459278,-0.8752148609494114,0.6211479304807193,1.5755783323740178,-0.15886076054485154
0.5533914028508236,0.6205881022179545,0.02056875248341078,-0.13069425349351102,0.6769963801202858,0.20613437515815844
1.9522509436867783,0.7339545626707986,-0.5496480798188733,-0.44125350945904385,0.2015612232804506,0.1379408817531496
-0.19672840206571665,0.5843812667226511,-0.19269162714189472,-0.004886214367326808,-0.570113558294101,-0.49392365337640437
-0.5930057969416156,-0.5601240996398378,-0.11983038560290529,-0.00871396328347503,-0.6727243648965975,-0.006171186262776407
-1.3532310647829418,0.05864339901278892,0.42234061716577287,0.005988178025400033,-0.6886914435703002,0.08832429922901486
0.041707080346346355,-0.8002632558822708,-0.059497020408748824,0.23986015047805534,-0.5969876953268387,0.506478937383035
1.4791442109183066,-0.20742034814764151,1.0298457711715874,-0.0677235607278374,0.34676991140342917,-0.1898621402416886
0.9595953814008653,0.5744075923263464,0.5010540303437404,-0.40946829211123226,0.9051232053777722,-0.49535690027118684
-0.9420912414179574,0.30503025115374643,0.9341679669581728,0.5752676985726967,0.6066016700731404,-0.012939820041584588
-0.855375383832596,-0.4737727991004305,0.3271962282359625,0.4454351174550931,0.07271506442036055,-0.19141699889196762
-0.5041712293409636,0.3343148855476893,-0.120748245592801,-0.08168894867882817,-0.3355784091571511,-0.09838135729615091
0.2922680824953417,-0.7816591240701081,-0.900104019745707,0.10875002069877364,-0.2115077286959238,0.3512748486059019
-0.20531142710368377,0.08684352467300782,-0.45875075124045167,0.48458075188972594,0.9158179785802387,-0.35433978963788343
0.21445394544308127,0.8406462684482037,-0.32575441388935955,-0.5344079808781117,0.9408681196182354,0.7731832179507728
0.2967393780454473,0.5918170352983667,0.09403439356890875,-0.5935533705512677,0.9507840961635845,-0.29583365669860545
-0.2987735866784475,-0.15953685505662674,0.9593124613569292,0.15873070464955402,0.6016039824053154,-0.06339292867852947
-0.040173941602943734,-0.33201660791454696,-0.4420507472223661,0.05515102446593157,-0.8442920946525957,-0.05626594023088888
0.20659237721603418,-0.14307880781710486,-0.3456049689238352,-0.789634109447397,-0.2798069704283197,-0.3277251460348475
-0.08396970353317602,-0.3807276843173909,-0.5867598096390598,-0.03184177769245701,-0.7565009741087408,-0.5348791567490296
0.5035208649940508,0.4462955515035259,-1.0207135615373923,-0.3436334413675352,-0.6198252443756731,-1.0847198109163725
1.8708757733280048,-0.13009721328358445,-0.3727359960626603,-0.6073259869943134,-0.01159854178040104,0.6293714169761415
0.5919722847708305,-0.2503496850065039,-0.5790340922842545,-0.02650803265590832,-0.5732374980105098,0.03605699126435169
0.05581054640855185,0.07485143860219873,0.022398866702045328,0.08333218027344529,-0.29786838453450043,0.2871789278339675
-1.6861186233619148,0.13880870580164084,-0.690734964053574,-0.555446172861904,-0.9360211886258124,-0.07251586496699616
0.38795708601520174,-0.5857397425094427,-0.39441885803450294,0.5234926088269805,-0.7119860146401378,-1.4036939999136266
-1.9466784117672074,-0.33724239251742927,0.24472738834416302,0.07326946192933227,0.7915931640767139,0.2211385958366392
-1.409034086156122,0.4049472920550246,1.036790964456091,-0.10337296743557566,-0.19822789252114442,0.10665298768117468
0.8546392524687652,-0.2853961481588341,0.5979888304428017,0.1665468549466723,0.23071261161486786,-0.13355200194480737
0.7062350601366643,0.07819201030391251,-0.033150836616622215,-0.528725794992045,0.044586385470978235,0.6804102427377565
-0.14993899834888477,0.46734017055583144,-0.08411746341809566,-0.30022037385987116,-0.6695571887212856,0.08956555555786178
-1.7100111061522156,-0.2645772954761189,-0.05056722001402708,-0.24382612527623668,-0.20947048083616412,0.18078909637562104
-0.37134851689085024,-0.09671763517572499,0.9912624168522504,0.17867521745386664,-1.223538162834707,-0.7824125857967801
-0.678738318216024,-0.5982226398195059,-0.18954281415385132,0.7980426697623133,0.46768887475179355,0.28132116102422466
0.6368407461302101,0.5084456728750553,-0.05670087689586929,0.5115481702755172,0.471829693400119,0.17819140676170514
2.2577305324275314,0.7970452572342623,0.043954875277158086,0.31669703643376446,0.324058605166949,0.00867589517393852
0.21693048795465586,-0.06397556147566519,-0.2958369609910689,-0.138332899053991,0.3274037146221622,0.1269461780545615
-0.7793111280321169,0.5849867599362981,-0.27873991025643774,0.010316596807117816,0.3755156773886217,0.9437065182984552
-1.1705515303032201,0.6118646043182444,-0.17757664882261837,0.14161826779093478,1.7844694168578503,0.10560187265581727
-0.05609428076827262,0.5576703297701724,-1.501035334530275,0.7309527788932074,0.8146689021045901,-0.26610870580520085
-0.17679319351358783,0.6656358768995072,0.20242551439477952,-1.3089175707132508,0.28171224825858654,0.696498500174094
-1.1515191595274716,0.19935991753791382,-0.07065326976814928,-0.40973625889151044,0.48207082920668426,0.34930831649891825
0.1163552356921842,0.6643478552152375,0.3119877347667195,0.435457075988227,0.5394195126680067,-0.05518438748680973
-1.1509135213108617,0.8248264158599454,-0.5228348690009139,0.35672290952044117,-0.42277137974044326,0.6238062172959299
1.1121072717293008,-0.22401174717607578,-0.478741562100245,-0.2856402863827445,-0.195607140900089,0.28807254989701414
1.0626506057881553,-0.3575771033176839,0.8427876451939846,-0.4832893475357379,0.016476398726086722,-0.6115099977053835
1.0847512652964209,-0.07745686680663884,0.7812570629889763,-0.08479227014911712,0.3874300586222118,-0.5603882360782863
-0.4740504706085282,0.36609535335699106,-0.16328961832349898,0.9693622977175338,0.8445581490544909,-0.45847617181425065
0.5145205633180888,0.2855587787677293,-0.15041149334331633,-0.5760008608403363,0.8637641837542921,0.1329673201517927
-0.13206950521935684,0.35041234000506394,-0.02483071385128619,0.38636108632165495,0.6035657563307504,0.4373176939509733
-0.38881206140248165,0.20861945086309258,0.1489742150142185,0.21736470657966434,0.315228830841289,0.824604795437257
-0.3391456571420661,0.05087878513163946,0.10478951491460842,-0.5537422100894717,0.38261353213234184,-0.2883596212068453
-1.2997152730341506,0.8507754490979508,0.4352777601572027,0.024305418714305548,0.4148082736865254,0.24141725598208355
-1.4438636958951212,-0.013238020605515904,0.8791473453571206,0.055786940054216375,0.7046292192256914,0.5850738067956703
0.7943147908760457,0.7539654963377275,-0.05336067246991799,-0.19641532221757255,0.5894588671650084,1.0006490719596697
-0.19123540391952007,0.20919486221328526,-0.17204231073766071,-0.29739165823163444,0.1932504457145186,0.5827422486609626
0.21642485112762316,0.3568394790844771,-0.07600821507101724,0.20247916725753468,0.9273111512019109,-0.10420866899941145
1.0017103884541199,0.06240349977991999,-0.7451204647826982,0.371244351010847,0.41890387626697984,0.2798739107480002
-1.7331324950160742,0.5663273193452953,0.46031119414215166,0.07598851531165604,0.5771070935625627,0.2902760074786158
-0.784130073815894,0.015573847741201019,0.5567920306687303,0.28815265254856326,0.7498879552381916,1.6807354093548732
0.17533484346507067,0.0811282246619458,0.23355100188663797,-0.576390701769078,0.24717226981703846,0.719048583234718
0.39209478666557296,0.8820358275796584,0.14725821009462758,1.0103073497596082,0.27339993522930994,-0.6261523055105722
-0.3770744504010968,0.31823417008626265,0.6009083605184221,0.23745194672217054,0.448622685333655,0.9225755112934741
1.0291792326978486,0.38467984027703006,1.096095748832773,0.5667000331707214,0.5326355315265496,0.7354607963881783
0.2103949388296369,0.9855461206746075,0.7794445042447831,0.3524971118794358,0.4310953061066509,0.41397630126272394
-1.2133821388278598,-0.18094804438513623,-0.03745202447416218,0.3130456012237282,0.0449456512613402,0.8622449182917586
-0.9307637759906452,0.2877050669934936,-1.0426831332095299,0.07008701622645956,0.03303098564307956,-0.45932443004688955
0.8054710604946225,-0.47049108105722987,0.11437108788824757,-0.5362642001494833,-0.3303532591021012,0.19466354081764092
0.4638314564560598,-0.1036165004359618,0.5498779872395114,-0.49539498777516433,0.41881217918342817,-0.8241420563753148
-1.899061239006601,-0.4768795682385185,-0.1729469338896149,0.025158280102341786,0.12114050313446495,0.06294430427180281
1.3477123038624088,-0.30280226318958164,-0.16030681079111286,-0.5525975635196712,0.29126656476026813,-0.5940725691858102
0.5980270310938874,-0.014409896996143895,0.49887592089900595,0.4988402738156412,0.6610856042246249,-0.5647630284647142
1.3433429876964984,0.14963516313395434,1.0057734038698087,0.3158608382737534,0.5722221481911585,-0.19615117229436924
-0.383700881075084,0.4013520249078264,0.03526173922506404,0.03141105526787585,-0.4391666851691327,0.17756880281618764
-0.2957062213323259,-0.41098465957858865,-0.18729519587215473,-0.28441164666105584,0.4993589969565442,0.876431793419585
-1.126457084751319,-0.427760123710992,0.6169942855486742,-0.2129429877888729,0.4191088900682879,-0.05390387980204786
2.5369295701318877,-0.3145563863522187,0.317358897376721,0.17897844696075882,0.9865922340952546,-0.6553498991800872
-0.17545422540714875,0.8265986990084508,0.8202001578238843,-0.29395117821089883,0.45573763567525327,-0.8218918587965038
1.5875331920819455,-0.16083442260564187,-0.1450914640703999,0.717476268165184,-0.07548070321523631,1.0478339762216062
-0.6472924513872795,-0.09251327706426676,0.06397750759284657,-0.2662226687560586,-0.5548378941897318,0.9175270846148129
0.16384119233310074,-0.45098022679472977,0.1899605111505197,-0.8066002112773596,-0.03270067702502341,-0.5475642086242529
-1.67135248657008,0.019005768669709704,-0.4633358338218327,-0.35063487128327436,0.1687770632215258,-0.7875326693429385
-0.382867148766769,-0.2672777228238858,0.5515704591835815,-0.09441903314074646,-0.39528299807014655,-0.47841895187595407
0.9837549084000277,0.47204018197734665,0.0614115513838632,-0.7633954366220519,0.06808285294700156,-0.2072564224136911
-1.2517438155744967,-0.034085316120434216,0.05142503717462779,-0.12600213040028777,-0.007924627312750558,0.47996234274753197
1.072227544934612,-0.004800099437950544,-0.2068562954238598,0.04238473876173931,-0.06762027981841204,-0.15628393020883663
0.3372378158484627,0.029141000147103982,0.3961948103377636,-0.020233735601343627,-0.03814953842261512,-0.4874383748765429
-1.0439509249842558,0.05418568596329397,-0.21688621286820298,-0.28135642837392943,-0.5440783287406129,-0.5213028392982133
-0.5015972714256735,-0.991131153152216,0.010609842585650148,0.6717558851769712,-0.00952330385662048,-0.06389059267575428
-0.4590656767054133,0.022211221271292807,-0.04727875286620766,-0.2452240948618316,0.5286259438839707,0.7713108433923956
-0.04951933794250218,0.6193984183150715,-0.5608372732979865,-0.42822573401171105,0.21550253491338123,-0.13577689232637916
-0.5361439659430923,-0.23062464870464378,-0.08713618181444588,-0.1406482533373034,1.308574933610826,0.5297023227025612
-0.8272879008045365,0.6217875199633665,-0.0030454137022462024,0.05005349114283279,0.05286382347179608,0.02818151271528546
-0.30458770251481737,0.194780766003911,0.564210354033742,0.1235717125480951,0.5330300980680773,-0.15614194926101477
-1.026889738609049,0.12191976917929351,0.21494776492968107,0.07750755310888147,0.3766758477124744,-0.24636281470587962
-1.289526572643077,0.055956865307313225,0.8746370823589578,0.16931563841960764,1.2643775273800306,-0.012924758422898211
-0.04817648250735862,0.4850422790071976,1.0687490666497665,-0.0723355189899861,0.8496872093160929,0.1643640483264483
0.8828742255545683,0.0992588423931392,0.0341892607224038,0.39538872071790004,0.7626098504053764,0.3269087289674916
-1.529371705117365,0.7710215254398883,0.5645661934850839,-0.36775333745667016,0.3728085113576945,0.5224331520623173
0.0035081514639604466,0.23856727298469332,0.17023483507334486,0.5268688894093463,0.28351320703640803,-0.6942946705211712
-0.6499561948012956,0.64656177468725,0.24665828842632168,-0.7748829166947074,-0.6054927168879847,-0.1480029723774013
-0.9771454371346897,-0.8260871529454674,-0.7136104381401891,0.10138373887676921,0.5168716910999379,-0.18991242888338156
0.8534376527146189,0.5407437529274809,-1.2566864212391191,0.13261921762006085,0.08979184804116988,0.015441200495741825
-0.5181696890906662,-0.10025192767116213,-0.809305593995998,-0.10041354271250533,0.048325154394363745,1.3269498387804681
1.4983016830648794,-0.21840323003788983,-0.22353250213916234,-0.2737950961702595,0.12138320923726605,0.631718077110537
-0.7798393641463933,0.033338723793309655,-0.6678854771341668,-0.15343709570837172,-0.39587931900766654,0.7375345497515315
0.38650199362583243,0.06394680834259245,-1.5170587019367094,-0.45599069023135974,-0.017258596439987395,-0.3636601675439125
-0.22728300655720315,-0.3785590267300587,-0.5422243684669911,-0.665642775795891,0.8061272518064964,0.3422065988635125
-0.7540218091263632,-0.5117453871470365,0.49075944510008945,0.6525881628733028,0.235547830225526,-0.5926577208668671
0.5876750425777528,-0.01257723184238807,0.8073288611380832,-0.26866543361598355,0.0960329815019537,0.6907105418269386
-0.15498257307480726,-0.3171359225493129,1.1208900695683195,0.707277644424339,-1.0209083186384826,-0.2986592395373211
0.6032105807136467,-0.4639213291775115,-0.11979166703463295,-0.1633540913185879,-0.5082212906595761,-0.1471519373279702
-0.047291507216996057,-0.13845356554279648,-0.21493433088695793,-0.3056450786900442,-0.48206452310529946,-0.4885165834092662
-1.0858162553014383,-0.11141450231971181,-0.1795041132234407,-0.033464663493777955,0.41183819162441054,0.06276381452560242
-0.10206924318890695,0.4313793662814524,0.1133070868263067,0.724564054724201,0.7498365241074012,0.5920739563772159
0.05195516951614051,0.7111234702079772,0.03615283883497139,0.2237590317143251,0.167663441117649,0.5013687586904486
0.9584629538811972,0.23856571030917667,-0.720399346357147,0.3173351024583775,-0.832355200611375,0.9178954358565639
-0.9062690073351785,-0.5942133094034956,-1.0037855549105028,0.09521670509003771,0.10249432091589672,0.4784191545030228
-0.03932985326730542,-0.7680327327596688,-0.9031359952401112,-0.15793426051822057,-0.2444153640338011,-1.219712333182954
-1.721878730230039,0.2230368975294649,-0.232889431886109,0.3853901947429875,-0.09149922398608258,-0.8413722031709777
0.6514930603433157,0.18894470304426825,0.056655816931121816,0.10796915859141641,-0.2409621688679835,-0.20630839779892762
-1.0814829746406458,-0.2637626426707249,0.029427448297148318,0.3617093161761504,-0.09281406105855494,1.0130799356148226
-1.8063595210836054,-0.9546845765317722,-0.16915313237626772,-0.05428441426901177,-0.22175627206274534,-0.23166520921926184
-0.0592168342747372,0.1064056923558066,-1.1651661399622515,-0.2371219345825573,0.03336869857421773,-0.7808306762566958
1.1056849586628463,-0.5869670712332666,-1.0658249763672094,-0.16869762461656376,0.39795541185947825,0.9445307254740989
-1.5244469482118754,0.16347661401995717,-0.5071185211776733,-0.2508088890045035,0.43294363173515077,-0.43599493619639845
-1.0880355853884272,0.37531506858044383,-0.05032242248391533,0.46894830503956014,-0.2948490040321503,0.5326071133301324
-0.7432748910532813,-0.8153506768161447,-0.8165338512265239,0.4218517152891707,-0.635064296543435,0.7179330385521017
-1.1294966463420033,-0.7878157935433412,-0.05669664527788165,0.2637795926712078,-0.756707301060154,-0.26997789252450194
0.37942788833458474,-0.10226998118031655,-0.45547502813737495,0.10683959084281006,-0.30726570784719753,-0.8868674073988457
-0.8073674450444858,-0.11069333320971962,-1.284068594825341,-0.08773002218978572,-0.28307282745186524,-0.2328012206485733
-0.7215147364602021,-0.1845490130938303,-0.9877568956066132,0.09903647164129889,0.21628259209853934,-0.5872698186953952
0.5833053986823111,-0.2752349361495412,-0.8040892844773212,-0.4399182440999837,0.19004024337324327,-0.2356903200474514
-0.7555146309686842,0.6959275731788246,0.19844074402786888,0.0248506504855103,0.19049601081708695,-0.49614093975881324
0.43278009778072224,0.6864209506889287,-0.5968983203303858,0.1793552438944995,-0.19286426777255808,0.794057355221318
-0.9713851718820432,-0.19561819913203368,0.05409975591113153,-0.09572980010426359,-0.10120485387089583,0.8192457132545552
-1.2121385142152894,0.0012315429104648792,0.25598298470949127,-0.31167758136498624,0.1953836789480183,-0.2864605499150946
-1.8354492891909227,-0.7256892676120017,-0.34273504574138336,-0.08703522724988111,0.6000207722548923,1.0696736608193678
1.861202786911729,0.30128040752159924,-0.34213479798954427,0.6028022461733739,-0.2673819247755995,-0.5504528603468459
-0.32025903213099666,-0.3042906263886833,0.1356070013543194,1.2240376656505325,-0.08371446791451824,0.4574644618016219
0.24393336794842915,0.10216940329808061,-0.20077536896819995,0.14924458145021624,-0.28684889884451714,0.6930464969678989
-0.0310495089807992,0.04714956420556726,-0.02981566797516376,-0.13076492044705285,-0.8592335343988275,-0.02205060727446742
0.15996175700726273,-0.6779058985743398,-0.7563630580569601,-0.015077565734466003,-0.7163791375725399,-0.7507257527447799
0.04968647937437248,-0.7959470703195392,-0.3528533827197933,-0.07040250403706155,-0.29602157339494894,-0.8415513472090148
1.9082170392026987,-0.30783092714772264,0.27738055483901103,-0.5659122852169521,-1.4121427361175793,-0.7215650428188484
-1.0389265909571472,-0.41200804166213056,0.5620606956213243,-0.36779513377914586,-1.02137700775816,0.5586778332471009
-1.557462106098177,-0.9519293914680454,0.7376285123535258,-0.5214822825779081,0.052907189363470386,0.14555589528612156
-1.0119596684843548,0.16521505547446064,0.27163016577929777,-0.7478303984923391,-0.10250743094913423,-0.393317119772758
-1.3347090097585461,-0.3294417198860481,0.1449770642308506,0.22099903226942194,0.18836635730391063,-0.5524439408367681
0.7469620524819425,0.47588772948410263,0.549678830567718,0.18986894366747534,0.6590062722041425,0.20764270827685627
0.8203782095377569,0.21981718313608378,-1.0781242822593837,0.12953289096485238,0.7469452389851243,0.21962714399782446
-0.9613155451503265,0.6206680686310889,-1.2346306479303872,0.48400125168072466,0.10415593599543538,-0.12775766348495554
-1.3904357764629918,-0.2908575557277621,-1.0693010663169642,0.5612508475214368,0.7779591112517681,0.5913256632451198
-0.35479665314109476,1.043462129561495,-0.976355050606846,-0.4650440350794256,0.8811483591666774,0.8294668498645059
1.3911238778763935,0.24014336581855045,-0.6288801206551505,-0.98745359549762,1.1837389610487774,0.6910432195577446
-2.819569417798316,1.134289303961474,0.14884898886148207,0.22523933767876048,1.639850909747092,-0.36974906802010155
0.5266267690158747,0.1484681918803768,-0.18590132090786735,-0.050727576652228636,0.6724889821025795,-0.5015943944896577
-1.0757552274485853,1.3603120874680819,-0.003516627474138445,0.29383624478999426,0.32177694135747525,-0.17132023331543345
1.0403671465412743,-0.05706618162239421,0.2806088817335961,-0.7487121840672014,-0.4519945879634569,1.6518515118312465
-1.077923940876752,-0.27159384361478556,0.43697442597113856,0.374302632121661,-0.8137894325487914,-0.08617029182655711
-0.2854158272158405,-0.630681730191886,0.40962573141588765,-0.0034769078287807467,-0.8358158084782257,0.44689250302843864
-1.5062791006395633,0.07619076251233525,-0.209620577926089,-0.4625451457336367,-0.97860792109264,0.1587810502632595
-0.9772578504980973,0.2849244978440455,0.016717142021665465,0.269875513531119,-0.04878029870598771,0.24871234619773852
1.3858391630461182,0.22834381353499014,-0.4505589914574939,0.6153714232983684,-0.3719829899731266,0.9749559403926027
0.8205786858900587,-0.12834573808544797,0.9330532260933373,0.36647191638191434,-0.03054610866803592,0.3926117105757832
-0.40166815215067564,0.3781685960538154,0.43529243163604686,-0.47071280030035334,-0.5389555053153487,0.3257113696057842
-0.8701723702042559,-0.6962609940879819,-0.4919409056600924,0.3950077462720012,0.2786905538760588,-0.7560516968799421
-1.893807136511814,-0.16089099892709258,-0.46587847388195514,0.1467581467687603,0.7285179785900087,-0.49896899605435197
-0.3936567119009843,0.5246597297185818,-1.3876543852874295,-0.41687441846916673,0.5182885287289565,0.24901180769603262
-0.030903252586298,0.2789822480409354,-1.0916747446563884,-0.5273822087861996,-0.2425541712889152,1.2942628729003798
-0.08405435783448403,0.25400554840049616,-1.323298188129395,-0.8983037060875566,0.24794292047105637,-0.9098056001950007
-0.0937919279761702,0.29795113101221105,-0.38045364747593857,0.33813504891374546,-0.11678442360894195,-0.3929922560626794
-1.121809627226926,0.01222437054152134,-0.7222096691778119,-0.4111210638646617,-1.4231127274525306,0.4707173436104897
-0.06627388536561797,0.2213658086143233,-0.2452936475993958,0.43021332267437223,-1.4037902618991396,0.2670218870560649
-0.038673379535105926,-0.6854964529369726,-0.7148832817839939,-0.18490906341596375,-0.9056102727324462,-0.2571490539875867
1.2905620378031775,-0.2516923174481703,-0.1401181369774467,-0.030862427496668177,-0.3381883729657469,0.160247632978316
1.8667334543523622,-0.44850696984441807,0.023811664256419354,-0.010457443890962165,-1.538004235252575,0.31930257904320786
-0.13698902691779163,-0.7407916594841444,-0.1384536366057579,0.2624834384348409,-0.8940449024300658,-0.4970807612922896
-0.7663059511758866,-0.17263441229321838,-0.37095193888104006,-0.17729200910837284,-0.8181004128410401,-1.1774303420975307
-0.06498212976196366,-0.23410377281553574,0.1258524091490381,0.17192773620194535,-0.759718293709191,0.42730603667317113
-0.607621275254437,-0.42751832549760604,0.5851914141831109,-0.5264743130446471,-0.6673739472844106,0.7669751593603762
-0.7424338157462491,-0.4598539700399046,0.5134093144876477,-0.9072207895056038,0.3635223874893582,0.29875560818227265
-0.05865015192214237,0.22744127753210389,0.30326346162923784,0.17523699035854695,0.24835374552116965,-0.37223405563834117
-1.0433044311523152,-0.0668296387681229,-0.6436365447683391,-0.16267809828185484,0.667623600326762,1.0702739342062635
0.6061067511550176,-0.41021772865333755,0.13846103155619116,0.07970980746319727,0.16471902369193078,0.16415888835408043
-0.10391554918407729,-0.218711103457505,0.028962761354996064,-0.5219681518547951,-0.5406600178824524,-0.1065484478101689
0.25000830685995257,-0.5783192565273054,0.42418985728215564,0.09179304615852737,0.24236948010166276,-0.06297902591761917
-0.18294003597067152,0.991001988277094,-0.04347964053511788,-0.0038118016194017,0.04693104757570668,0.1312051265515417
-0.7272544472524123,-0.65760266695074,-0.23915696314078438,-0.025108870610787287,0.04434424449099025,1.1892154553306677
-0.9479595597488518,0.3013238413126864,0.9298708076540869,0.0762303236943538,0.6204926361189103,-0.7045897120954843
-0.23727600432454096,0.001898339645798497,0.38479964224779695,0.47131729068094746,0.616664332399061,-0.28077157810514347
-0.5487603374278119,-0.3515805185776396,-0.6972221324328052,-0.5486786360490175,-0.19771734572620125,0.755732624880378
0.23390133320957562,0.34679201854117847,-0.44868700817218515,0.5894360743731386,0.01043146112279994,-0.6827175966983698
-0.004431703197639366,0.0075891808129749695,0.43993881710652916,0.12237919253777707,0.197514609936701,-0.2689636687589885
-1.3623067479227293,0.3602214086569236,-0.17308116882475688,-0.14764384853752222,0.04468608211674287,-0.010154193523226503
0.06712129942835174,0.3336391991458851,0.3981767125742191,0.4855471883261862,0.728193852849737,-0.04510461374535235
-1.3428604171407572,0.23122917184288813,0.04587081654074768,-0.1563552732556041,0.5232737467603471,1.220474561656515
-0.6164776255192805,0.4732711084780633,-0.0776550540895571,0.7380302788392956,-0.2213701909712376,0.11659996580304736
-0.2943536092178474,-0.3263092142308042,0.5768589494368835,-0.2887915839764582,-0.329608935348257,0.5074695480849382
-2.075273277911311,0.4668363341504478,1.2066029767266448,-0.4692610700625271,-0.7425520563165798,-0.4282078788828683
0.09150744785998134,-0.24314698993588596,1.0211972085895686,-0.4625962784291483,-0.0561431365925566,0.27351443503654227
0.15098334971433505,-0.1190064218909887,-0.0005837468205616148,-0.011417412989364398,1.2563829950268457,-0.9042774005808983
-0.15802419342467286,0.8458745118077952,-0.23973193089926023,-0.10476465832393701,-0.017329583059822018,0.20535958630086787
-0.4243172724715942,0.5048760075358227,-0.4621595813716136,-0.4596514065974793,-0.2592360270696205,-0.4351031659546871
-0.37360366010814,-0.3264976746325145,-0.027959710706416868,0.282966703273891,-0.7002846182029256,-0.29023317052429776
-0.9765394686110568,0.2532765630124069,0.42524518173801584,0.5332362728536539,-0.6907550294938014,-0.31840962878699886
-0.2697003697288119,-0.25994328783905274,0.10600851164432845,0.4973648203584671,-0.7613452802410422,-0.35811796239400895
-0.5526118035148618,-0.7053194942742806,0.5117284782270657,-0.7247261747269989,-1.042640972357876,1.095452733984889
0.09168539268739877,-0.6947518067038265,0.28521509136104856,0.300460441783415,-0.39894415365609887,-1.7646705420401785
-1.2041360895448572,-0.37543576821846825,0.15594026100222155,-0.06249477738140833,0.903890296072252,0.03944958935414039
0.235589909011144,0.7818600207323942,-0.32775520670939223,0.057265669860842944,0.4633677293883636,-0.06476584216286133
0.1432188934776698,0.27482342296611834,-0.3385948084415483,0.4923354152943553,0.3894843941715155,0.8542195350047825
-0.1415628321787237,0.5043293652466599,-0.2911383141558842,0.2695374476666891,-1.0286640374278468,-0.09662576914553456
-0.439204823086289,-0.05144947541887701,-1.144753368016556,-0.47730295726891714,-1.0852355467204609,0.18065002433964605
0.5523398924701125,-0.4384176932349793,-0.4621796543496887,-0.01954099459155759,0.06956621750771386,-0.49621557445057635
-1.6646017067938645,0.0035936792589798122,0.5842365670618295,-0.48771192664937785,0.5677582941397634,-0.666011770605181
0.4604533381451202,0.653094352280525,0.5818591031081484,0.14531825940201035,-0.07685968844034025,-0.04660286703073743
0.24303746619037217,-0.38805650845802553,0.6176519396521891,0.002671100874875626,0.21086407967378082,1.6198919583559317
0.28337629253461555,0.5501647863636272,-0.29510231606354154,-0.14759356232155044,-0.13184043994656724,-0.6378264939490307
0.3833125924326753,0.329506172654524,-0.8091380503624834,0.5031332099715297,0.20209374210837927,0.2979557019712007
-0.6536444065928503,0.1861422946408382,0.11792488675487522,-0.36427038687379165,-0.41542364557482436,0.48587640488288825
-0.25946005830143554,-0.6264341181152855,0.43431928343727744,0.5146776627905232,0.32715126222776847,-0.2712158946191785
0.6370583312163494,-0.3982292948381685,-0.2957067521475247,-0.09339406736561086,0.07827351976419532,-0.02513733611076366
0.4306392440831103,-0.07904593841167053,-0.24803841791365017,0.042836093411733285,0.3072191051626116,-0.9966272879756554
0.20671276544264874,-0.0035006238871963524,-0.10268312526517755,-0.030609374283637754,-0.27190865098232886,0.06519569059388793
-1.5143202451196276,-0.2783818165893291,-0.8746743772264974,0.18988018469681125,-0.9176674294382678,0.165776584742359
0.5378871148832081,-0.20189165767594763,0.009053029003114443,0.0772777967560558,0.19170451768967278,-0.6068059169787924
1.1694709919931063,0.22003036892926647,-0.46850737528718195,0.08765450741483692,-0.13773297694259584,-0.0881019979340838
1.0096714930428576,0.0014375533142067798,-0.31061501662089225,0.0830586730225581,0.2463816386807349,0.3212985838556751
0.2338780487691054,0.34011814202579227,-0.4284539864449284,0.16653466366059,-0.39222794111771897,-0.0759270292680864
-1.5576786036041945,-0.5230552942078908,-0.42209745964668827,-0.13802138104046535,0.9430980545787231,0.40343943973091745
0.9425448142280201,1.1249028037882216,-0.7881640180001346,0.4508203882103791,0.5301670106259093,-0.05294156113095039
-0.1472546367197673,0.6645106364543671,-0.09786804452737469,-0.3726574764081022,0.3210656135862916,0.6438665642083681
-2.5325196480669656,0.31581171021745347,0.0020873148595621296,0.24705355402948148,0.613381108827938,-0.7624162166501056
0.37720740310720396,0.847340211577171,0.5975723552172774,-0.1268172547276142,1.4769914165620972,-0.13591319343484176
-1.4921717830795365,0.7622039909240448,0.437518293878631,-0.032942703285057245,0.2450077770367431,0.9380090645000682
-1.296440580195063,0.2600216107334375,0.8998272043929629,-0.16259511683338282,-0.8936220686717153,-0.2607446568689926
-0.6349588923738527,0.018303084348344933,0.14124214443350058,-0.5266718248534772,-0.5562779741854303,0.6163812132854606
1.272591177882884,-0.07330106374602863,1.0796525281581029,-0.004464238412228258,0.02058154586576738,-0.7872069972550371
-0.37084535417839304,0.30498358113057783,0.8072399277128001,0.9998372519649775,0.2023045150296172,0.3181241364015184
0.2709915877367156,-0.4190333758541805,0.616475803637486,-0.3709128197783874,0.8821179181996919,0.39532180279146356
1.7479679637522305,0.2655760155768966,-0.01922673236779937,0.6055601584017095,0.7880256398056369,0.3604385565821357
1.5940297626557918,0.6156795274659751,0.3754221572955225,0.3226365818572535,0.2010169283249182,-0.13171615003635995
-0.10335341582736501,0.2049095101656057,0.36210094462122144,0.7093429607234703,0.4535653572228612,1.1055438497867118
-0.2415210220605113,-0.08610053238218687,-0.2317407156250995,0.25779165345986527,0.2890238479951649,-0.026891211756832845
-1.2608706340895501,0.5551138368537395,0.3457852779405175,-0.051050297104431624,0.33858448147644504,-0.6766902561315894
-0.6944580741815911,0.7433398829601731,1.055810229865105,0.23925550215173164,0.08300798647327028,0.6496043409481813
0.4253583476127701,0.6097332437691747,1.4427796720898614,-0.31904117357897704,0.2116216441492341,0.9772562054367271
0.39573076180964684,0.12779871269818066,0.6004462969512051,0.44650960202500967,0.03877714151413397,1.066803715731934
0.11023823117395956,-0.26334532511703035,-0.626633408663213,0.4931832942054287,0.041408659902971726,0.04373719110385474
0.9948016575639254,0.29204822792814555,-0.08493168000350373,0.4636786734009263,-0.17804755721512044,-0.1594338683077689
-0.7723680130331807,0.01692778760581437,-0.0179280808813686,0.33382572253837145,-0.7992038737723277,0.08299789247348277
-0.05607652018346502,-1.1124593922926997,0.5512173165173739,-0.555403175265405,-1.4362571114876543,-0.09871042942634878
0.7312429884948122,-0.49597883774834023,0.2849179320300588,0.07480800010287977,-0.7575608303954952,-1.125696827218571
0.584145906227918,0.4847224962697651,-0.48932880994464145,-0.9903061489165953,-1.0006739597022016,-0.355828398046481
1.0709457757324194,-0.7487730453086177,0.4842890591633789,-0.08214164760541373,-0.25865416822464493,0.32667043548937374
0.3970204067650606,0.15378961438138622,0.8462189214532022,-0.02591767663249603,-0.5789976933515864,0.07008192071158353
-0.3094025555968319,-0.8803645753874543,1.1183171569916208,0.20388349601090763,-0.4611515775093087,0.9702174166319815
0.3621922602623995,0.7088929248045748,0.9019496329109706,-0.7605947359235413,-0.11549437353668358,0.004829747146921581
-1.0025951963841089,-0.03299887859580939,0.1657559860265655,0.8296396541392352,-0.03293002026450433,-0.34690904220070884
-1.6394593315431263,0.17513193106028285,-0.1846658615476377,-0.18520714052775766,-0.8129410213661045,0.5230400558296476
0.5806717808971771,0.04000961270149955,-0.6289658234334762,-0.08104699676564178,-0.5861623207539406,0.3438158656836338
-0.0551403328210084,-0.9271574539292906,-0.05031963289390573,0.38535237984433807,-0.469667502853895,0.0769406550722693
0.30840962641700853,-0.9171658954447737,0.46648022845550424,-0.8407620151871066,-1.2411779690910913,-0.8405723509445204
-1.697684363841418,-0.4652699723986735,0.7542150652295612,-0.09724779664693561,-0.3375929915490885,-0.5062102370259922
-0.36511402472543003,-0.13617523145461677,0.2260323444941717,-0.9976368245180689,0.029237979374486633,-0.510475512812972
-0.5998571137315275,-0.03970015374837235,0.7923943141581583,-0.2535194637470084,-0.1833113148480374,-0.7230759464176009
-0.8642121147366698,-0.5170260726869957,0.9582032519713508,-1.2555556963636378,-0.22569864786788985,-0.41157960335393673
-2.25501500646246,0.18586884327541572,-0.504306777870529,0.11007460382534354,-1.0247240707010747,-1.771044254121767
-0.33487348213705126,-0.734669122624958,0.1735863467355684,0.260945145927493,-0.2826827977231888,-0.6577701847953477
0.8973042881661908,-0.6079916349959145,-0.5154217030600143,0.30684053703373826,-0.8611857181573648,-1.0032379807377798
0.3809977218637382,-0.30945325898196496,-0.8333599193027245,-0.026197478660219653,-0.9064419817296996,0.18911096660808766
-0.6009466096658063,-0.5996814042259339,-0.7723602021141671,0.10420224059043333,-1.0979348404431728,-0.6632049703399993
-0.014875971650300183,-0.6683733909884937,-0.24918447188075862,0.17662564911928433,0.3567070792179048,0.3535239242871681
0.7568000802380088,-0.24038415324727896,-0.45349421479677865,0.2124055615688209,-0.25067572278157707,-0.0799687226354382
-2.7604178626541933,0.3568119833200726,-0.3083384575198271,0.3780139949637602,-0.11204563113367533,-0.7693841441729173
-0.12453654680663752,0.21235608740566603,-0.1689175347254516,-0.13709040964282743,-0.013937757902640818,0.0305924853604293
0.5432001471814378,-0.029223483399949617,-0.32596833451820334,-0.26216542835928874,-0.9088929309272322,0.2917444240684277
0.6821286252341751,-0.8022571986885052,-0.6906098747583604,-0.43567435489059403,-0.6873528247931158,0.21125644369451585
1.7007302070100299,-0.8004528538864778,-0.5944105489935144,0.21852133297408108,-0.1385988165201913,-1.5182898280535237
1.1350456790964805,0.13517805673734193,-0.5548734611962467,0.22275748538529583,-0.33954813456228794,-0.5003739897430959
0.3125628347462472,0.005210946161550656,0.12096857647512416,0.26336028130868666,-0.09478224664925294,0.11576242796272684
0.30197600611542663,-0.2407110897511443,-0.10766590227845385,0.13757377461259176,0.09440550340099146,0.6398444333756632
0.7869453479945998,-0.4749775400712988,0.35072605722901556,-0.031307686089460995,-0.16569211355432614,-0.17484215111062995
-0.5393269947423406,-0.2000195918993813,0.7047500050791685,0.21689384145429402,-0.2968658555345563,-0.5590159027309587
-0.040188054943185156,0.40523792578002626,0.24960235853068213,0.18333209845704768,0.6837736488196038,0.07729094696032669
0.9062390030785368,0.3419991056193494,-0.38231097082866794,0.1046527790289346,0.5970313791761284,0.03414617554498034
1.9574452148950907,0.4144155454728313,-0.22074453670436778,0.5054073753184398,0.18296105348881916,0.40385715411891454
-0.159267305731742,-0.5432174879411382,-0.9614368101317223,-0.36772946005335094,-0.4163922570682294,0.7059730335313799
-0.04840068932986404,-0.14363374722009753,-0.304464321142679,-0.13848102496213696,-0.5309549600386213,-1.2057720502246771
0.19848019378767898,0.26636979760491286,-0.8778402152129111,-0.5392230331281856,-0.7181000439945133,0.4546192728107252
1.3432036940080567,-0.38775149352580585,0.1993526074156518,-0.34624828530232993,-0.4742860304568803,-0.0929118731009214
-0.03031330358915025,0.12058072038049322,0.40329858934775353,0.4264385928630147,-0.2575809102472817,-0.22506728669393147
1.469359036471145,-0.03200539383389847,0.3395032955083931,-0.4483026301362343,-0.18495231639701465,0.4195804743982152
-0.9666572174287505,0.7292076651514434,0.24644378033634234,-0.41247921552024686,-0.548513071759417,-0.6580157295293766
-0.18603629573699512,-0.625427099053061,0.23614988180540863,-0.5666694608888498,-1.266987649481064,-0.23599196259627142
-0.19816515668552595,-0.0349047544260872,0.025525108389620285,0.24888021430573065,-0.5005185187275027,-0.03738353241797543
0.78650572409622,0.1550986900295454,0.2797317269571918,-0.2167284347193712,-0.5107432891173479,-0.2548655449570296
1.0452603769782782,-0.20717653325212543,0.876184867255637,0.29384379103182195,0.11094043073904786,0.4178425195188467
-1.5094443581182324,-0.4267473497406703,-0.2695421187332781,-0.0366746127889971,-0.018745634184272622,-0.36929986548788624
-0.9151176258112247,-0.3576398754600952,0.5161715679738298,0.010791583476399434,0.22206132225557537,-0.9034011643852178
0.3368524787764621,0.2131328655669878,0.2506789533084639,-0.857987357520769,0.35659402373055554,-0.40563608457996375
-0.6586936458858148,0.642608268095737,0.35153304442693617,-0.5175441382827326,0.30312450517534006,0.018131118595323237
-1.522427775647643,0.31371318043162766,-0.17768300891720604,0.3309243743549527,0.2207394157910662,-0.13817121657347362
1.0384799720234792,-0.45736213942792947,-0.02491502775772414,0.17963082851271195,-0.5019355293546662,0.2647967364031215
0.49397008415364824,-0.28477367453156516,-0.8501582116428535,0.6027149349363862,-0.7045268749677656,0.29077045445401384
0.4931774968607472,-0.40641717247228126,-0.0550675999386292,0.2522854805106609,-1.2734951077889192,0.23799996541092067
-0.4754457164460954,0.22451493610969953,0.15130382333856543,0.5748370116780109,-0.7823976508613205,-0.21895253713782892
1.028938452167321,-0.6116614050836895,-0.4432062570980057,0.46707073858490317,0.6061067466632677,1.289757190566284
-0.23995999642712024,0.1483351744026315,-0.7223595968380707,0.2773883353500188,0.41905821218728123,-0.04925234787614738
1.0964352778229522,0.20529800624502953,0.5820987918046573,0.38933685247968686,0.47528859081744435,0.03476023547400023
-0.9116651509426222,-0.09394589133807024,0.07917746370393677,-0.17713112020643848,1.3273981232010463,0.27160662594772406
-0.8541354476838009,0.8590331033846543,-0.518070799222606,-0.3399111146846499,-0.4200120052334759,-0.4271138857552898
0.20466321059769635,-0.6857131347229544,-0.47454474017724835,-0.11495648732779976,-0.7300765071180851,1.548867899647348
-0.7023321457970587,-0.977902101205735,0.10151527028029,0.0807054018488344,-0.021016730465032885,-1.078468405178054
0.6754510653688304,-0.02088454114638181,0.40740402694666855,-0.09370577668725019,-0.15395868095434703,-0.875673337853687
0.26008774412905367,-0.6680992845253491,-0.5864335225152028,-0.4988244700847242,0.1833656520521212,-0.2283040852651034
-0.9229712178630985,0.4888680662863957,-0.6757403204999743,0.21308085770435292,0.193049550365345,-0.5313309742908093
0.07286560094510024,-0.6481284830010321,-0.35570584836703484,0.007635434226430038,0.49604593365773825,-0.11735892902085876
-0.35127768818736665,0.08831315031589934,-0.8238087066456834,0.2903982075619362,0.22093881264344595,0.13505232253245775
0.9158328291770471,0.8892813739768415,-1.604233047563881,0.2979691433329283,0.044800656184336776,0.8628420039593396
-0.6325529831782043,-0.4467216679527111,-0.780719111425196,-0.23822338161117174,-0.7247416780823637,1.1027064035211476
-0.43917309547287997,-0.2695718443526185,-0.7856021978356849,-0.6015728471661597,-0.5259970770884718,-0.5677928281680744
1.2112369053763345,-0.34629095572549495,0.3868363402324422,0.7831937413293916,0.8003503835831953,-0.6943170540508834
2.238593389242513,0.7314885583240114,-0.24113687345493118,-0.2200232985510806,-0.7483542508148131,1.24603262994735
1.999008664227936,-1.1035175189547248,0.015894534556867984,0.5149829738613569,-0.30918461013254145,0.1403499341578385
0.06322301166060816,0.16991025402482957,-0.10164836255834163,0.3662324766425264,-1.2868374552364148,-0.7879037750998834
0.21885470706822427,-0.09412094363260748,-0.033123857919375436,0.012925343086946053,-0.4758338571945504,1.081333988586406
1.5334586622826605,-0.4673920107923673,-0.1661955443052284,-1.0365854622898438,-0.5694510185088124,-0.4829307300494108
-0.12443480624463125,-0.6466617106470984,0.39227850874379805,0.14486424497664743,-0.18031120233552156,-1.7320616804092257
-0.9763491371373664,0.1507132609461006,0.026136932141105684,-0.4205436543002444,0.14480760891244404,0.09905772881028096
0.11687559743629844,0.3607043864544284,0.9206413960408173,-0.6433071285983284,-0.16820550968616169,-1.0858559096863636
0.45151678053213146,-0.040993149051084386,0.7397191016960443,-0.13828682602744125,-0.08936929243791138,-0.21429856713961823
-0.8291496178182481,-0.1610524476006912,0.7489131574684453,-0.6919057461237953,0.788165746592676,0.5313322199769428
-1.6462311414991517,0.42110985992796757,0.6498320871489881,0.8666738899921296,0.7092084024329055,-0.3613490007361844
-1.4367295145541013,0.09355881936020027,0.5563945334656656,-0.19959113326891154,-0.598028968358957,0.5587540992663199
0.665429284172329,0.364487933732393,0.4267165141733184,-0.4286092799787996,-0.6995369199751876,-0.2746680575354554
-0.7583765163118437,-0.13487694978669504,0.3069581715108434,0.28721852332929854,-1.0011640077786284,-0.12466422329015606
-0.14134709237111392,-0.32501902895081625,1.0829212977205644,-0.419286022710094,-0.4852836129040924,-0.8293413081046082
0.21255868433783848,-0.4649406334680436,0.20013596690437357,0.16401565235953466,-0.42910596668367074,-1.5822656017540941
0.6191408790947098,0.279657221456453,-0.49285393547153944,-0.2791881850675499,-1.1538559381026077,-0.4965019840221983
-0.3349027987134741,-0.6261939729021037,-0.8231976010058553,0.020249579969235876,-0.15242415748615734,-0.9872517299317702
0.49871570048060176,0.11028036159263242,0.1490752707703623,0.6552429804122988,0.09603613424530294,-0.4894186364982796
-0.8900602921208429,0.20826646090619597,-0.03417026657209299,-0.11221795791025162,0.38233572245874536,0.3254762693906122
-0.36171402567801186,0.5688041793214977,-0.2943212138083662,-0.020098819436652253,0.5243245309365444,0.9962374462088577
-1.0244155877878707,0.9448089029424502,-0.9418869823158308,-0.24696249851227828,0.12087821166329632,-0.4925310477445795
1.1317672163619168,-0.4259181300018807,0.20379846926192918,-0.020171050399217072,0.3095432342913197,-0.0684096349877073
-0.027083228066991226,-0.03428974298332921,-0.5937025836197222,-0.4896115194019678,0.05453808537351677,-0.4707412768002609
-0.7393074876302995,0.004362501282683243,-0.8241244379913284,0.28680475239098785,0.03346142681608598,-0.46810819440244683
-0.3523717980651465,-0.09750195076201859,-1.1032767179445233,0.5957201106468081,-0.668309384126547,0.5189823670769526
-0.22172848072327495,-0.8165876409401704,-0.8967257994683352,0.425108480649619,0.11439544082848058,-0.035772179449483354
0.7005197913250095,-0.06182051003110785,-0.08662503168408064,0.36889947255005684,0.3457234025430046,-0.8783541705665843
-1.595636178185236,1.8209416649046364,-0.10380544814146439,0.26514531745099534,0.6924492998350513,0.1312102422875354
-1.037205841625419,-0.3425472824458082,-0.5829408235967468,-0.4067396108643168,0.8539834495143583,1.3549705865896338
-0.3781072515574971,0.8058262022651811,-0.9190987068713496,-0.17659523503811933,1.1761488152492647,-0.6698325358664151
2.5323058327678063,0.6029850310737928,-1.144041954879071,-0.02750674441920331,-0.13743357095812314,0.5660000553119767
0.9556788925319947,0.04439160448100676,-0.4618070555653814,-0.8505577684266106,-0.3728075738827474,0.3318499487800909
-0.11145167913094357,-0.414255015783187,0.48539809090710656,-0.1597155378675898,0.45418631597208126,0.35465988434665363
0.7119995824108395,0.058805988384059454,1.1165431586061199,0.005255782138211082,-0.5467206864877889,0.2760490460325144
2.057436169630336,-0.42676268098523595,0.11483104639733255,0.9584825081649158,0.026069094954835004,0.23038152718117608
-0.23374392677539008,0.4213639627499789,-0.03297997836037651,0.23740891820261825,-0.17788429751298718,-0.4388811731857259
-0.36641334409756016,-0.42679755541305986,0.06980939417028795,-0.5428535617156893,-0.783654999439326,-0.34036363719500307
1.2119435432218957,-0.17371152810195237,-0.3324293217518398,0.2915689152811709,-0.906387816158817,-0.6156611507400798
0.49417549813294265,-1.2289386313810484,-0.7505670001380713,-0.7734639012714413,-0.07189969447252598,0.35517069425383874
0.6713331553225568,-0.14763016947216645,-0.06829368894099608,-0.20173506154262333,0.4308948125576279,-1.3248882797927526
-0.5082223992805806,-0.06224689446223519,0.2281086770500127,-0.5745993791882412,-0.1918328747658243,-0.776003620804814
1.9242031323427422,-0.5975866379027106,0.5150163855748426,-0.45680117657632513,0.10989603119624912,-0.5718353454662487
1.7095908015936603,-0.02007233896943761,0.5103300190030738,-0.9872393489021213,-0.5541495797472751,-1.1949062940746806
0.5659477888727499,-0.7732209018510273,0.44408040269171845,-0.3321762330860616,0.1514421064933984,-0.02860637935203514
0.6842898381472375,0.28054619240215184,0.003812988830365044,-0.059229462878663694,-0.21840714251853643,-0.06069436652396365
-2.0272608722430356,-0.19351015925739304,0.37851640755422156,-0.041312507407323396,-0.4204433293326401,-0.5581863935702704
0.6377097934972082,-0.8877411530086112,-0.32137964490415394,0.35648554449008724,0.2558536565571041,-0.01102595364594354
-0.19410858722532306,0.3229312947628512,-0.25203226871029094,0.5681560940579697,0.3765647024784814,-0.6123954300388642
0.43390570582822213,0.9504757314659997,-0.26201310029073144,0.3342192841400466,0.04356927941341429,-0.06383502393517138
0.6824594118460978,0.014922287642537163,-0.3193481933946844,-0.017853689174124485,-0.3532536426103356,1.8338866124729667
-0.3412917681082754,-0.041173026649845706,-1.0960572386269558,-0.2996499178700388,0.31891363782531645,-0.09338660148133021
-1.6904818001870843,0.5707365418288953,-0.816717544063539,-0.6092186071220923,0.1647059926969548,0.4945929323998913
0.36787456507423494,0.2475398236320187,-0.6151808787574441,0.31647855916063405,0.8166865012885972,0.3637306709974015
-0.7413836524403951,0.028252966711822147,0.2180326166611945,0.2017992386694274,0.4180689382249403,0.6134528623656792
-0.3301940927243394,0.13837432506228453,1.143407628032362,0.41388814501920207,-0.8135041034913839,-0.548079274732785
-0.6045098440941945,0.17872021397161963,0.4402826018293051,-0.3108652634039805,0.6375068355606501,0.9467105539834126
-0.34157425525518803,0.46176967507375644,0.7970176204690806,0.11016137766166308,0.6918828909465415,-0.4689323182391534
-2.3095209572659416,0.38430671745081724,0.12386300657283733,0.8577328752150272,0.6974340493404637,0.1386639948903983
1.2169471272315173,0.44134821740564983,-1.1557731332797765,0.1580921578446754,0.1662667295863517,0.5929190840196128
0.253346102326474,-0.17907300425399453,-1.0044019901393788,0.0949525559992282,0.8173190733405711,0.17016004408464794
1.111399262918864,-0.6393416738556645,-1.1156899822977602,-0.28886545858400214,1.102647250811796,0.13382433628603824
1.9798418298099358,0.3836334757764984,-0.7494716868835931,0.05823696848413812,0.9140491769818275,0.5700590637936582
0.022593122562750742,-0.043257159332267314,-0.4969591777947424,-0.40930812039996994,0.36599015264561624,0.5669159298702208
-1.8024362558405755,-0.08252824081212318,0.022316304683611066,0.27361328052253514,0.1727975393232571,-1.0524296789878829
-0.8938868503795847,-0.24424069303423032,-0.17004032328433996,0.05283457219691929,-0.04993487237054281,-0.2834214470839473
-1.2069044808967102,0.2599245387741781,-0.49592548892634397,0.4880500075238453,0.8677553754286369,-0.10748362661253469
-0.501874643144999,0.8691806010502345,0.22704176988599514,0.8972437287514045,0.8173578456478154,0.23164103370601552
0.07964797806597748,-1.0339801759199863,0.23721452438301344,-0.4937259939762283,0.37734140287587825,0.8850278121178923
-2.002187267023239,0.6631750383664804,0.43090851007144715,0.4248080164265939,-0.10352185237422035,-1.0279381504403557
0.34247549334155225,0.12180161477762691,0.9243722114138041,-0.29454835325544093,0.8212282236262218,1.2998768515782833
-1.5103566532858779,0.4230984273651103,0.3783467687670551,-0.17667428495451282,0.22009642697027962,0.49047688662222805
0.29736526280001135,0.36121397813175815,0.5770353965453008,-0.26183902207025733,0.7190061207871229,0.10337295319156553
-0.1094911451769814,1.5168398233837666,0.7262075315166455,-0.02396925329066668,0.15603226391631844,-0.18120190183496815
-0.3136312391925775,0.08137015208550134,0.9375551365797763,0.29344149638675265,0.4518850028126362,1.113767746331459
-0.07304305594131319,0.12668420472388525,0.8865439947922925,0.19946643879758993,0.6072994942548098,0.5881746023119332
-0.5397780157316924,-0.04495251313198573,0.8257570990880885,-0.27103729103176655,-1.2395184633701135,0.04063443149386092
-0.6124714434041737,-0.20435054219144025,0.5024217737905655,-0.06377301143557931,-0.15904203318705312,-0.1238152724494676
-1.6827563908688876,0.02751240945059555,1.1307708621399515,0.5902650979709128,-0.3859029485947955,0.024842570507775108
-0.02962731484932925,-0.37123911550296285,-0.45637246702837664,-0.034351896670014634,-0.005487656224346965,0.7781202813843549
1.8455337106233174,0.3535112614808864,0.006580880760556712,0.23340945072168326,-0.13476458070059982,-0.18391373333130773
1.9804950628846045,-0.21597082593165207,0.15379442374730512,-0.1828257690602611,0.05917508853886305,0.31805122773575617
1.3218175965449428,0.5558098855213521,-0.40022490932403804,-0.1075023325809709,-0.5998542661139373,-0.214713909263038
0.7058016008515581,-0.29931610286358873,-0.26763446503627664,-0.05180717101020557,-0.2882242786951482,-0.11198788660239573
-0.6764801240799883,0.24760857122065374,0.3321943531825969,-0.7394882158493098,-0.4901595151519521,-0.7310750525322776
1.4427507882162613,-0.5327051981086437,0.6621590750895187,0.17885841029496147,-0.3191547633735853,-0.6699929559868099
-0.056127554440968945,-0.36359317287876847,0.369515537975871,-0.3833954897395502,-1.2671538824268642,0.021728296494081062
-0.06887550976307337,0.18916474847262538,0.6226434159857902,-0.28383698064930823,-1.0608507701116214,-1.3994759712396663
-0.29122713183926474,-0.4623217853829157,-0.8785325632791798,-0.21770760926617422,0.23905504812437306,-0.37398505239954716
0.09196189901829563,0.10607067497450173,-0.9853745213519773,0.8582409201954309,0.7956444097501625,-0.4639774569040344
-0.43521490158805637,0.2236900031542813,-1.66783351076225,-0.1314128410318926,0.8200391756224493,1.1905754572413032
-0.08378216937310629,0.37540957300686784,-0.9656107313617484,-0.43136969195937236,0.9910162072154076,0.33530625313735385
-1.0845991087272615,0.7991229215774571,-0.7831465855685706,-0.10178126693365598,1.1096555801503054,0.3576463883211698
-0.3736637047405186,0.7928768731238696,-0.10927218383020476,-0.3099572702126934,0.41701918201307786,0.7468640822994893
2.280556469949822,0.39766185509985086,-0.5298088376327728,-0.34570521317962366,0.259523756506477,0.1445797657122755
-0.0695940279619468,-0.13586522043206548,-0.5304266643422529,0.1029540448426849,0.49508686400605095,0.8647025464551606
-0.23866056477176292,0.3188255933945256,-0.08464566953637828,0.4438632077854267,-0.5559028790996514,-0.18036890342319076
0.5323742791050526,-0.1202429800261581,0.5155431699494495,-0.11100055110576906,0.03449013166209064,0.11653671280085087
0.708121821703462,0.23344608853290327,0.1337606113012818,0.15019906216298348,0.052973310741663414,-0.26221335710793414
-1.1137688591720734,-0.613879174398618,0.10456080702407433,-0.2918838713256065,0.22554743866822255,-0.19356882995149546
-0.20715878280324507,0.03399678936952602,-0.04373781345151155,-0.3663901953908827,-0.01888736141130952,-0.14207710056911826
0.9182758409347652,-0.0003254724254882647,0.12384378962090437,-0.4452631081880198,-0.8238695087423804,0.7323513053649611
0.26983762907210557,-0.33867097139898006,-0.15841036225169525,-0.07376519058461785,-0.601236711004771,-0.19955632307286295
0.12195404350177193,0.03165346432812527,0.7024958507945197,0.4763194349563101,-0.1794679833048884,-0.7116384823067383
1.5540176686087332,0.28371684325911656,1.2043244930912054,-0.33060271446992917,0.2629311560959723,0.6269696127669024
-0.6777727596396438,1.0730482463381064,0.8177181720735809,0.35354163115207904,-0.128188020681401,-0.07259832351721116
0.08274589510763317,0.3832354666551773,0.515028687873025,0.5472715566164211,0.4002651271542572,1.4033072788454675
-0.5200586652550714,0.036685387550971504,1.0020968963866324,-0.2989828459200713,-0.40767659410560164,0.5072223678951032
1.4903082290762408,-0.6371542480228408,1.2324682164711418,-0.09664150277943785,0.1325865619694686,0.426655258485073
-1.9518603992765322,0.20866700232855107,0.3604860632555465,-0.9954452301851195,0.027940553865949916,-0.021153885498689684
-0.6701416954837595,-0.3667057335469884,0.36140052644699316,-0.2728697520098355,0.308233153069968,-0.5613945025982452
-0.5291569660279176,0.23606987915741798,0.3159827384928563,0.678302096766788,0.19929030393976235,0.33356953052812616
0.66353962317159,0.8116365574249684,-0.19151939319704103,-0.09268068941526253,-0.21710602479362168,1.1123821600796413
0.606275476109527,-0.22718891917163436,0.7135512712620102,-0.013272980038502039,-0.3697275208349441,0.028028971455667018
1.3951942602387315,0.14073684817838764,-0.12215606332657569,-0.227896035514288,-0.3754601427305111,-0.23478375237584131
-1.5740328423373253,0.3905739313292136,-0.2836983272942445,-0.9349112071025898,-0.8601487791795371,-0.3237529205876453
0.7504750090304797,-0.13749219926237338,0.14751360702021687,0.47014915400785184,-1.117995765537064,-0.559495198669888
-0.29327986428830616,-0.22534047429130374,0.1880122785819307,0.036104634143562034,-1.1043248252013917,0.2231193922446349
-0.6656252372581756,0.11213325605309321,0.786853222882547,0.24660438713794972,-0.30683213535097725,-0.7108729532716395
0.539568533372521,-0.7466999129969359,0.5338301920990807,0.5720359419334768,0.10102588170039542,0.2096179150494523
-0.9201395827356486,0.0970854203996663,0.46063232939639076,-0.011842873115196884,-0.38806872111894086,-0.3726759636569881
-2.0769132953143226,0.33513079027684045,0.2802874641589119,-0.4223606379336645,-1.2441914378707364,-1.0280563361549433
-0.37021848892263526,-0.22690290571849878,-0.3305316698031795,-0.3251176298216962,-1.030052509325511,0.18362950896557678
-1.4977708516419035,-0.1966523934016795,-0.6357021054426852,0.816084492818756,0.5977681203272722,-0.7643308946866567
-0.6489158210706784,0.546152042556679,0.02307081355991769,0.322031794316888,-0.17021826699936127,-0.5800611748588814
0.3715547637511007,-0.6955082286581554,-0.5481225649394523,-0.281421534187879,-0.6597839416050644,-0.01552994119407436
0.311999745614158,-0.1053666033813436,-0.9887262232011904,-0.3864760256986626,-0.27322811507390643,-0.8010667075909232
1.5868994489785668,-0.43309175566320823,-0.48324210441469767,0.36594149570099643,-0.24551650065155267,0.21224003872509462
-0.19965474694348667,0.6563296507187371,0.10466989834992727,0.774331838500179,-0.22062089933116458,-0.3084647590528007
-1.5333315905478553,-0.44460291805702573,-0.0018776537214270847,0.18793259514573904,0.4896570573193752,0.7321010410715734
-0.7560968566356783,-0.3604148984696178,-0.3471782722329146,-0.2128357122189208,0.134341088183252,-1.1842496241768208
-0.9193842246262718,0.5751274953349007,0.9713723192192557,0.16824991396126032,0.8248466146993426,0.20232243931300026
-1.2178251584582491,0.7491627922540897,1.1260651110978985,-0.1662874477892787,0.9245259543978059,0.630342823488167
0.43536719501544086,-0.05208783196093819,0.2992453975799904,0.4687868880515549,-0.12468448758770567,0.9123682509548873
-0.6452323379652398,0.5153917400208015,-0.5315534021300821,-0.1558380884829188,0.8129973057258619,-0.07311369393027548
-1.9773728166870077,0.22374746771540072,-0.3002787718452837,-0.5371542260547334,0.8990263583683726,0.42007671968563154
0.6969228031192131,0.8607031960545078,-1.1815176678399986,0.09929816689730096,0.5209633677299719,0.3101450303944726
-0.11142656870670702,0.3356342748137477,-0.34342233773111386,-0.6875788957108111,0.6247994525699784,0.443969468473455
0.3568372783525386,0.9679598251310095,-0.20834207916747938,0.12790225674392552,0.9418303884778048,-0.4500276868563313
0.10572154469998292,0.961062244478349,-0.4690120911543443,0.06324612561332175,0.3771631880028835,0.6042702512113316
0.6316547341483746,0.3277638220632178,-0.6170122944221142,-0.17807355131977504,0.6297710990242273,0.6536476551947158
0.038018747015535724,0.9946596134885434,0.5347518477947661,0.4261319909438609,0.2346967180497137,0.15159950109713216
1.2362024834782115,-0.19414127411839635,0.7093128391664922,0.07900286349064348,0.05545886508577017,0.31363059632712437
0.42498278997722555,0.26035833475620257,0.6103807813874514,0.2824766370772691,0.0350934410683676,-1.645006021065532
0.3920676233884034,0.08769609634951865,0.4609396671167109,-0.2953344952240107,-0.8832919108146006,0.32132453315204507
0.40986691768255656,-0.3165596459167197,0.9131961975225743,-0.01722236419763848,-1.2955453020742915,-1.011625144642251
-1.45663774256872,-0.6607704432616478,0.7805886881296269,-0.38989053988168637,-0.6306618399452326,1.4094514905705466
-0.16463575180371992,-0.6919517522873018,0.19336016569180706,-0.3271719123583684,-1.2154924267700213,-0.7446171403867448
-0.2593164895494978,-0.23207303724887426,0.05725354315289091,-0.24033872328079417,-1.1312375554699279,-1.2264024167414687
0.2075467211604842,-0.09845470807926299,-0.3791663342559255,0.18915927149448122,-0.7579520969402754,-0.40438751261270867
-1.3586941642962918,0.45503382874664855,-0.17973469008278659,-0.23398380054483814,-0.27140142864365563,0.2501253732452291
1.634114776892911,-0.08162860459779397,0.27331661794957696,0.03674832103686,-0.6122279062777595,-0.05547472402367873
0.10438866415652721,0.13913314958304634,0.4204495581805477,-0.08453436136142936,0.20813232783908348,0.06066072946041675
-1.211317540650674,0.21109377964390946,1.3855550433162602,0.3764640524325699,-0.4477529395171608,0.12472659789940804
-1.7088869635788377,0.05599049186687338,1.0207628689281774,0.6153939545413496,-0.13753427480263145,0.1665372287091763
-0.28128729372066874,-0.24323060793639645,0.6091347704521906,0.012150257521691575,-0.09637868675140127,-0.28607118508205936
-0.08967541292646578,0.6242338042939629,0.6768265905247829,0.4584855676857782,0.8030355095974524,-0.6231407865072487
-0.7182920859743898,0.35172481768206476,1.0982986724716475,0.8863426588952656,0.04381245190491839,0.02197983521763447
0.09211382792392302,-0.03457385223408967,0.9698000086356762,-0.2152117654959364,0.16254111383951614,0.7768237906880459
-0.6411757672395606,0.586022279496937,0.25300394608419663,-0.5634582490862765,0.6038985085755217,-0.3594604961928437
0.5516582517062987,-0.13726213648853697,-0.03303756650336062,0.08736076747620722,-0.2889066596758497,0.02220230519231721
-0.7245418183888837,0.04084443930224224,-0.8424433460799621,-0.48091268985865193,-0.4135160007021293,-0.5092137288813815
-0.03850022510492524,-0.8779822406728732,0.37261545705124244,-0.552432131097303,0.45185013178925226,0.020767926935639724
0.9788391733621384,0.06681992072294515,-0.4094421202186765,0.1095599768348261,0.0995325126451623,-2.012127857684033
2.5716688829102927,0.46498832634075726,-1.3059735122087677,-0.07130834342589973,-0.5633297936349495,-0.7701941549479926
-1.0076431926306066,-0.39280005720974,-0.40649205511773734,-0.3447625504837375,0.0721751110807139,0.4692881901190056
-0.46450777008709926,0.2564357839168004,0.4014876904354987,0.03659264223232006,0.11230547694361585,-0.5642277847545731
-0.8398356977999346,-0.0531001213318637,-0.25722037499219663,-0.06141967228474705,0.18430472839197873,0.6333570934576971
0.7843283217692749,-0.5214454156519249,0.11539040352333207,0.2281330231279924,0.5272017771437516,-0.3513616821988039
-1.1480993057175632,0.7644928324107951,-0.3464267942080985,0.3100861262094472,-0.16247426574848656,-0.5800639600336086
-0.4843570455930865,-0.2800965785339873,-0.7420000333031781,0.5711305283357595,-0.07437228415558013,-0.14791028406772622
-0.029601283237510274,-0.04021028376808845,-1.285927105145668,0.12578820545567068,-0.1650638062696332,0.4371056541620302
-0.9786785394797441,-0.31551073883858616,0.39370426773534006,-0.6855975323866725,-0.25370325281912376,0.1478919241266755
-0.9573250423091814,0.32455895973529103,0.6235563768524869,-0.031360314985805125,-0.2570703661710296,0.29388110415128066
-0.47562288812186493,-0.404257037035348,0.47834498369309375,-0.5426651872607565,-0.6571155127681196,-0.6863401445454228
-2.10044024033736,0.45291454903970535,0.3726299473863355,-0.08975053866527867,0.10624123086380516,-0.5780498796770633
-1.4454782170733342,0.21907228983219162,-0.368203503750952,-0.17898294556968009,0.5467768859344239,0.5801139527650893
-0.4130340877931743,0.5849694014968462,0.09657269316813916,0.026211667773871544,-0.661587461427831,-0.135887985192974
0.14823063634199898,0.2840773378229057,-0.16025377584412892,0.7501489963735398,0.5434074207069935,-0.21286680892535365
-0.18575998595359344,-0.1968497504644544,-0.40737427486191086,-0.3040146961236231,0.724446132951782,-0.4316225758034573
-1.7739686948393945,0.533923406323633,0.7228587829666663,0.11575561506359106,0.8935656931191119,-0.44828140761513713
-0.46378629175999775,0.11044782854242852,0.16249061738742254,0.6260409908104546,0.7546259465026739,0.12036674201574465
0.7984376405061764,0.30190357419345976,-0.35549693730956206,0.2282313681437255,1.0263189963506871,0.10921633864925961
0.5558655119913222,-0.11715444019366378,-1.3027997981594208,0.39532792479063117,0.7867608749492433,-0.5029742796047048
-0.07874786152783442,0.5386613309082289,-1.5838336717049677,0.09609474506669746,0.547199920199244,-0.5189510198677458
-0.8873698750982034,0.10235632571700481,-0.34765083627355226,-0.6138535751160247,-0.45874426845251565,0.17279683477919727
0.6312163709522058,-0.02468863751609604,0.2525647526588263,0.2652040147244065,-0.546410532819082,-1.0396474572489687
-0.5789289812099466,-0.5245934741766105,-0.45700796010459416,0.12088619218167075,-0.4648813984576129,-0.8745620562737761
-1.1692484024740184,-0.3204889313283088,0.13179160218446748,-0.4693132727427425,0.13984609693488648,-0.2636098491961301
-0.8021862351617889,0.04896054621067871,-0.20284952020578806,0.276507555652385,0.3532428593290743,-0.5966797557481311
1.4483452917741528,-0.20636831808342132,0.6198824919624251,0.192848898169472,-0.9757589433756662,-0.6154786151326779
0.22018003820169318,-0.3750028135636365,0.6779070315720062,-0.41067589242013225,-1.0962392931890157,-0.26728406391734855
1.1592470530477048,-0.5853565696842427,0.42626542279575075,0.7722704687678696,-0.6004868226076969,-0.3850411597201561
-0.47933631330936793,0.019629154249304004,-0.2718473559221786,0.40183861967763346,0.16355710524784528,0.8513234232451077
0.938149339185143,0.5527330591613367,-0.6055918080442204,-0.0017219279096065158,0.6115394574817519,0.2950947450556787
-0.6015040436180767,1.0278920409955308,-1.8041870601765149,-0.8318936693830974,0.01879498368815874,0.06310437211308945
-0.15742736903283047,0.6638920146071525,-0.7581255387929122,-1.3542077502656689,0.2971791779902969,0.30536094171876393
2.4863502599556933,0.15523878518015924,0.05077322449155364,0.5777586965984276,-0.508234745037998,0.5149053230320421
0.7671486322996173,-0.32415566836025045,0.29513576783047424,0.1573269171096879,-1.5611576759983001,0.17000937645023823
-0.5011703753276925,-0.5627376040345969,0.11484831232447923,-0.42133651492855173,0.7611330028708296,-0.01012898669798891
-0.08481903902671983,0.32653103387263016,-0.10041254265113003,0.2869961754697498,0.22569242478635232,-0.38742436983627115
0.32622342088564454,0.3219781514725922,-0.6509278355964552,-0.1985659125329053,0.046493793648432535,0.8851889901533986
1.2104575895159044,0.15578495825543007,0.06310016283179304,0.7201553389721932,-0.4721372942785361,0.8938519199659969
-0.48913309167015023,-0.525961258242756,0.0034140875070530624,-0.5757903936439618,0.21273721938268314,0.658692890700031
-1.7413190846044793,0.11506025988445624,0.1249756788772674,0.12976028706296744,0.3634440172421829,-0.802350217616858
-0.2796418131263074,0.18185294683652053,0.29911710498665817,0.33069123126085986,0.5982623268952298,-0.764530988055645
0.015385457163756576,1.0124772411735348,-0.2435532161329054,0.11927697047135055,1.0213880700370486,0.1897108260771795
0.10953796873523998,0.7320341729913618,-0.7557591536502359,-0.6790228615954494,0.6924820199140792,0.9346463390856175
1.3166901361826624,-0.11051018697009901,-0.13254625521819569,0.023102839250168983,0.5666734360670529,-0.5813591389576434
0.3166870783059282,-0.1696983765282058,0.6780247808700439,0.5432011814636201,0.3509284489803103,0.5199402489845019
0.8129169716359846,-0.20272271690534616,0.013796665995956248,0.0850968878828193,1.277516309257279,0.706680267890392
-1.1011136939248025,0.4295826935792442,-1.1284376553205977,-0.0072588212070697385,1.139489646757493,-0.6260257987463288
0.8679014884245477,0.051663591981743806,-0.39845675793821844,-0.34875993198734556,0.014852669951058273,-0.3588195855957819
2.096219831656284,-0.29299751865607004,0.5871373198578262,-0.13374988295693802,-0.6569328620320809,-0.1067204965802388
0.7729092902501778,-0.44987147268244326,0.6897343551318456,-0.21384186498703434,0.0806850963064435,-0.2117829032466317
0.25355571994071757,-0.15828631939811874,0.7558837506223377,-0.9322830744980151,0.38908422122820596,0.7160668373608131
0.15398818840774314,0.35402301607951875,0.8536596894388035,-0.2505132818539478,0.3261994789028213,-0.9684139595025466
1.7871422390260032,-0.06379925150601298,0.2605897019503369,-0.4770852568733536,0.05186645323137226,-0.0440789519422804
-0.9271814833908629,0.039868752721032415,0.4185742688212829,-0.8341115659106649,-0.2215136979536828,-0.33292609915081167
-0.11110235795404999,-0.8216778247768544,0.14830793855226285,0.17057166953107422,-0.7238014898171514,-0.7145495360285661
0.4602075929382135,-0.10103836772953914,0.3183365896932423,-0.17816973588373614,-0.5720045011059164,-1.1780873872542716
0.744001107813199,-0.034885274698778224,0.11593508481509548,-0.1914936230443843,-0.45013438964717656,-0.3284262928550228
-0.43732790570838587,0.05722259499376822,0.4879067424039367,0.41370047980612906,0.3580882021182854,0.12957455366046966
0.3073213947272354,0.364041680356325,0.6291303478805086,0.034944885959909036,0.618171548671744,0.27089148716311495
-0.2779214813511223,0.2203942241234278,1.5169914826478346,-0.06554348796829226,0.3159247893489021,0.21573064421242985
0.12047113280127958,-0.6112602433629699,0.8806000839848952,0.23511774921224676,-0.4076029932065063,-0.6970074359852596
-0.13209154037389578,0.23440239895962428,0.5696593917120173,0.47968215461094305,-0.13349143296006394,-0.08887301572997924
-1.1415936778555495,-0.3961234051827588,0.007857458369662895,0.06272630190814958,-0.6541403074926537,-0.7021639622082684
-0.021113585023446714,-0.06999717460055832,0.041551348842178835,-0.13493621172299594,-0.33309854086750046,-0.16155957317447597
0.8771515220618357,-0.8991476681763977,-0.3472901801608914,0.04843796606786451,-0.3985642375320467,0.6783977109629723
-0.9670182915416742,-0.615083531401639,-0.09232739390203391,0.6818105507435193,-0.01636428722046887,-0.9036197415199283
-0.24109174877483452,-0.393461738790129,0.3547232950314744,0.430748767746687,0.04548550989309946,-0.08863622085624681
0.6647800644571485,0.018661503113229175,0.2667226618128188,-0.20033505812071506,0.24881298877422664,0.16930892995327468
-1.0698651067471732,-0.12206943595067302,-0.06901729862415018,-0.5942959173819468,0.15708223318631054,-0.4055239047107101
0.18263833750815855,0.5669092188250958,-0.28207956726215455,-0.672839343004131,0.08594482917210633,-0.24666280262240808
-1.0601298189534365,-0.1514418057665375,-1.2470027685037788,-0.9571984083728555,-0.47995927283697926,-0.8578501386087465
1.1346305008337747,-0.30537365374062764,-0.5464800760807897,-0.25539277782148967,-0.2011000146653199,0.6034407183348223
2.3128213818798624,0.5529883119163899,-0.35386327707609594,0.3041320454484336,-0.531605440234385,-0.47085161580777024
2.0222552842457637,-0.02448822477110807,0.41940989976631604,0.02543295679299462,-0.1874690773601792,-0.060766866385262575
-0.21918067777313757,-0.514378738830586,0.6953072688225972,-0.30876347809624366,-0.013505470021970625,0.473154600173736
0.7401991287406264,0.2537086918472954,0.1629672146975957,-0.07384604192500371,0.01646222568078425,-1.1954358119025137
0.120997728500156,0.35653320204832895,0.40018803823476434,0.6611960080008749,0.477421195231981,0.30482645858547575
0.10210589606928461,0.14245377655869954,0.588611564957961,0.7444879930782992,1.0333599144553627,1.3457214662590817
1.5477570609378302,0.7635080424378808,0.6858506319380218,-0.322933711907136,1.4365237648301827,0.9519621879364999
-1.319179576184154,0.5310025335699174,0.5061245607468002,0.7271198865793547,0.9250018272614166,0.6051137329852755
1.0552945974661148,0.6937388339245659,-0.09483800559475009,-0.19617001145019322,0.705407884839906,0.39231595032961
-0.048975995155734274,0.48413250799351915,-0.23894866798276226,0.3840708400914227,0.04903687542421814,1.2839598166241017
1.4085406206041422,0.4866678887639324,0.47786904035232364,0.4936249578536892,0.5355610780512692,0.25575255303517513
0.18723336889944325,0.23161975682761343,0.5857366683483913,-0.10058324086687571,0.4288983257261707,0.2368117688189062
-0.6726719945261853,0.44547596417629043,0.1588732114545713,0.038729900179635,-0.4029360758469176,0.15175075884405617
0.27714037675138314,-0.46123265461044294,0.24878170023908192,-0.017739188468458754,0.16099297895066106,-0.5214737496069339
0.7359670950296834,0.7101400435006874,-0.9855382978568688,-0.770712411906346,-0.8897502145173317,-0.04773726917036014
0.0357636741111941,0.2576228414470602,0.24584086055643828,0.4939557662265842,-0.6737597751329221,0.590468297594944
0.4880382765565979,-0.6257745084433219,1.309222981293779,0.23180860410399956,-0.02551350747108433,0.13179776454328723
-0.521675175701983,0.9111443835506353,0.004657129108036284,-0.5012068994670862,-0.6489286586712616,-0.2919066395822482
-2.133883900845073,-0.4181116156843315,-0.3261592161401184,-0.15897405265301362,-0.2518750075437678,-0.2546726785856972
0.900023583773342,-0.024943903434010636,-0.864373174831614,0.8832219728733687,-0.4924350820886371,0.21862051266076793
0.6991597361842888,-0.29421872625842727,0.4861817604535242,-0.516329605401542,0.00347134383155992,0.3473880285961818
0.1481783846143336,0.6602340775780733,-0.8210195653976858,0.08862650358276189,-0.14001174891945706,0.19032097235188983
0.06841056221032339,-0.2668676909111962,-0.5920794662460984,-0.34022479498718994,-0.748389469826306,1.044813697355503
1.0362957693547372,-0.4924340033637613,0.702326305204198,0.006135821338875552,-0.7335659134837045,-0.4591546398410521
-0.4571067254765605,-0.19879404416117422,-0.25911273410202734,0.043084275699392355,-0.3084140049789827,-0.883818061620766
-0.7065340653585184,0.19866005824943309,-0.17389511575700625,-0.3794017242334137,-1.0114197354749532,-0.22606262721493403
-0.18854986949598598,-0.8314824009475348,-0.29806027722020856,-0.7079646814302077,-0.7837936852044896,0.8480165375713459
1.1890971885515316,0.4835365632728237,-0.006892094835391133,0.05830185152291715,-0.24467103266578089,-0.49090466753563305
-1.387112904264485,0.0701897829548552,0.022026625417823863,0.13689418215902877,0.4864139523273959,0.20126440626382608
1.1918299926140086,-0.5554417993739841,0.16644341540699095,-0.038410073821411525,0.840761479607526,-0.09612787672700711
-0.639252854205514,0.6880774504838141,-0.05093215287029658,-0.35762541427398403,-0.551537813702078,-0.4458961584827156
-1.100743499724022,-0.4552267936859013,-0.2611363438516105,-0.735946228745789,-1.0944879472916764,-0.18514097227945464
1.2600618361423188,-0.39729165821418677,-0.27178997107298974,-0.0002779924370969397,-0.5331516987460885,0.5178244370070282
-0.09689009479619475,-0.5140324384237542,0.09830752646112176,-0.2119328645974961,-0.8608928105362564,-0.31062338740310136
-1.3002343643849232,0.2853468844225979,-0.23596984603493165,0.013202290981886557,-0.8415586078604611,-0.5451288736064279
-0.3587330590564334,0.18764655754340775,-0.22746549183992038,0.18120057017016064,-0.5125150244212323,0.7549028733633801
0.9310524308870369,0.16353440622542925,-1.655906295962321,0.7881700538481496,-0.07616158121573544,0.21703423245188866
1.192074192621773,-0.2712568479256284,-1.6690579000314747,-0.7975391267298847,0.27378222451187195,0.12154845679796661
-0.42709868192105066,0.46142768826614877,-0.2888957957158148,-0.2464941967648458,0.7555096506607267,0.794671711525297
0.406320759097275,-0.2035955369777604,-0.711099473428316,0.4949421299217323,0.3570556326072273,0.4197679149711622
0.7140846323944298,0.18990625596946203,0.10720949971411803,0.13573037370076962,0.24249657141287867,-0.8491008384780443
-0.6446264937163554,0.00029549343642223946,0.5700387612361177,0.017979044999874894,0.5974704659893091,0.3380426952849004
0.35503607516644337,0.34088991832828236,1.0902269082905498,-0.18705837107282483,0.5349877865024161,-0.7235570313434742
-0.03187791475556112,0.19932342859418206,0.26796529525458196,0.17753258384423484,0.3243630380727595,0.5241161354643861
-0.5360244104730933,0.46564177400595286,0.37356883715008976,0.11113727966274606,0.32188660568043115,0.19769279461910505
-0.49214793537892493,0.7035302508153429,0.44430804038893956,-0.4363188566482031,-0.6801304977331757,0.7655948673721079
0.06703448186721092,-0.3033476950633498,0.25203756516997394,-0.24911017810242736,0.2375806650499933,0.8084475359883998
0.029853486958632845,0.1909798899356484,0.24265851822918352,0.3936034511837652,0.20254700277196966,0.15218804620863635
-0.5654899533243374,-0.022060118807876172,0.2615843950218438,0.07900703204359383,-0.6488554306644649,1.1953138998246842
-0.4259451084001599,0.17346514060731927,0.34900634212741927,-0.025436624257343547,-0.34430525166542136,0.030913229745966157
1.1133372383403377,0.20890989488116737,0.2797146765615523,0.21306835184462322,-0.8943212922392831,-0.020335172632346632
0.21382713517698357,0.18653939403216724,-0.4040975688763654,-0.21410832358137263,-0.3131100684740564,-0.29275361354694457
0.8850943665882824,-1.0457574606890248,0.03557255145878241,-0.18193093354218373,-0.9271601155238572,-0.2908053663995189
1.2018222319374203,-0.24694377723100244,-0.09263823393284955,-0.078728017001039,-0.7111102659246127,-0.9712707788621229
0.5888422596395486,0.05997960715836803,-0.24666334718052246,0.3927167458816367,-0.011204217847471443,0.19779697115210826
2.2708863133824324,-0.1092647081243277,-1.7433847216965102,0.10051581844298366,-0.4775318964049231,-0.586354576264858
-0.8253040317638951,-0.4835997636430769,-0.13118608321927294,0.15580673411727786,-0.05758012322466219,-0.16883648471664411
0.8084095930822921,-0.19203197692445537,-0.41566460859070187,-0.5184465985683914,0.25410634106431473,-0.5152750660582861
-0.3181439730310917,0.6766863524311485,-0.23495759785463355,-0.3834138100281585,-0.3825735325086288,0.5866421040141147
1.855783263371278,-0.13781437187819978,0.3604670244182731,0.4420658889185559,-0.6311933770618359,0.18843084336428312
1.7004401213924243,0.50167141257685,-0.38476233080611577,-0.5878693930806781,-0.22803534167872713,0.40361112092808954
-1.9542111820067407,-0.26321266121558395,-0.1551120639861558,-0.16893647456315847,-0.14037314463630685,0.617915368404513
-0.9688662425118804,0.5670423696823291,0.25417791685016533,-0.4774705112651478,-0.5353288281292037,0.1399562451862158
0.6643129107943418,-0.11316814651769369,0.2532277810066528,0.5006688378332369,0.3659963071640957,0.17195655684315495
0.7898672098844762,1.0943533901334703,0.6480734372551189,-0.259953975381494,0.39043265917024533,0.7650507840376989
0.7365642161592768,0.020684197168368806,0.5920158246607379,0.4560073379602413,0.31929121982362174,-0.14805300946763778
-0.0708653281733429,-0.4100715447975486,-0.35201848993663387,0.6083288576933651,0.5519863801135323,0.09431511192516788
0.45512082456347686,0.4877678545294378,-0.014336493673578005,-0.03137364250950039,0.35058705505141197,-0.14918698095127242
0.6530214357863233,0.6821179762407015,-0.03280706069949102,0.5371994353110896,0.7374014456900948,0.5004615533134202
-0.07787126953732391,0.6418914563389624,-0.07894729833595018,0.3587215497680308,-0.43335907379875116,0.46049998140880755
1.0273019683616285,-0.17062310981087603,0.4020286711127486,0.43546809348001814,0.4658257328123784,0.7206248654128564
-2.259497249109046,0.12019169818660341,-0.6282432696169594,0.21837732130297496,0.03483536429171574,-0.32157284720450363
0.6337935195699923,0.03612311824617113,-0.4952189291847875,0.0321511793468411,-0.4254195210606907,0.6851560129215991
-1.034052612285726,-0.10795171386809863,0.18931262131206195,0.06800946470326671,-0.09202784222327051,0.12930518210586633
0.9586778079693892,-0.09444596784967187,0.9064755989120521,0.14874888840608833,-1.2506255277891392,0.5658801533042324
-0.2286844248912001,-0.07704507824755841,-0.05538381759331734,-0.1772873407929445,-0.41335754559669263,-0.9130296388193624
-0.8887872710840246,0.06172778562329717,-0.1690591395012611,-0.30800768073761575,-0.7685335452915518,0.8116953416353403
0.3739021567442434,-0.5344659998752921,0.024778542408516777,-0.40966995983638127,-0.7484008422662632,0.1471670635403908
-0.9113334978457667,0.043113138380478144,0.7965477819432137,-0.3507269229467971,-0.4433870529637955,-0.291950014113258
-0.9127678975553941,0.2802908954008955,1.5887865218579007,0.5123352494127265,-0.8859408315374246,-1.0158700526655704
-1.567294355953092,0.024878949086911073,0.11574355146899906,0.01510554224202132,-0.892512579061022,0.32786457964514626
-0.026707754798113225,-0.2739424082403438,0.45001968777202545,-0.09684817474226347,-0.3489022461846556,0.6213039282329155
0.4968235216908353,-0.3026405267310607,-0.12573183150466918,-0.33184053790201223,0.7012307971387812,0.15814516991753919
1.0230259861312425,0.4619360103605958,0.2004900345100072,-0.49660313685534235,-0.601755516782891,-0.6915781466387637
-0.14172786178901123,-0.13731896257908371,0.5309817040530633,-0.08992727800487038,-0.6948395513436396,1.0817909455787493
1.0478552084476458,-0.7541942400762208,0.25404164586495787,-0.35908695921734013,-0.8985537523438675,-0.01904451075783649
0.017960975134801903,-0.3015519026726819,0.1608713746257749,0.012043508116429485,0.07043458616614268,-0.3998911822107489
-0.09328848097955465,0.38230932596286965,0.04974928473013493,0.32310595088088073,0.21521356035873773,-0.41543512838323365
0.5735629478577897,0.26515771883952255,-0.8260224931206737,-0.9628459701188962,-0.2636501680454257,0.1530087375477761
1.0583927761257572,-0.5751602246493439,-0.15647256216286298,0.6499097707144341,-0.3820295815086304,0.497443197837091
-0.34143445445859266,0.32935873069149985,-0.1765471465552787,-0.39626533154563326,0.5009315352188008,1.285035851908681
-0.2437616219559586,-0.1458171637488458,-0.5269823670632546,0.033966037238855176,0.14848488211487615,-0.5894811543360997
-0.16083140469983928,0.19603021574766233,-0.23847750161833672,-0.056561134503097944,0.6437970091280679,0.7265280222615643
0.08276912699183876,0.2249079068368917,-0.5400374622044803,0.09133315447596756,0.8331440846051152,0.13717993774705314
-0.9004082096051503,0.08848634554890195,-0.17980487148418733,-0.2495921916951726,0.41591072769675796,0.4172735176351675
1.0280060600662873,-0.032153090453426236,-0.11913802841243011,-0.26368067444005483,-0.34909040787821977,-0.05092004834943712
-0.4004096317783333,-0.44177360158265855,0.052539220585570166,0.02584110140219574,-0.10652405710052015,-0.7876218907517045
0.4624434567778641,-0.7088029920552807,-1.394448128356626,-0.37094401293567875,-0.060080173164518705,-0.8382536922802831
-0.8254725722239247,0.08844641432000871,-0.3640778805511003,0.1640481370434287,-0.6166146439058775,-1.1752923569915037
0.3588039528088937,-0.14839793057322434,-0.9534623178961121,0.30954494869717647,-0.062267562151493566,1.0478411850397422
0.3915930157503348,-0.07708473541247218,-0.3278038275955963,0.10096037642590334,0.1219700809938304,-0.12933427123684704
-0.4206814067973341,-0.664413624359098,-0.6005025419595744,0.11764280829822807,1.0678459452363473,0.22407906626455099
2.0208894329971416,0.35756462011357554,-0.21694392040575194,-0.03951753266150809,0.060811552869915075,-0.8827139233938344
0.3710399612419042,-0.1809209105740021,-0.12613288053905317,0.24910447777529554,-0.16843105304731817,-0.3276058479481366
1.7769289229773846,0.07242930241539738,0.1596918597090733,0.036714155778972385,-0.38733040537449653,0.1122635695959979
0.9591389238981252,-0.55952406626511,-0.4092714544314667,0.07283311493149607,-0.5809587646716909,0.4300629028535644
-0.6622748070560666,-0.26906288986877275,0.3328128953386832,-0.5679523616267128,-0.5423885763350862,-1.416561547667167
-0.3821868156578954,-0.909346295361402,-0.26912674485746146,-0.7447678382579309,-0.6070688008676433,-0.12696646318545746
0.43610206735723056,0.6108901068151522,-0.5404674428414742,0.14923419367225405,-1.1476246125378107,-1.0089506553322831
0.06117253183875087,0.18672948538862233,0.06045574687976801,-0.7365765382939087,-0.9605298080730279,-0.23466799405872912
0.04946114175893247,0.14482210909709065,-0.04790809172747114,-0.6442377211204571,-0.8719255984168428,-0.5585780492273714
-0.28620495437455035,-0.000849759015297824,0.08269795426769364,0.12378033131667943,-0.16802912750384202,0.9138689740372496
-1.808476355740995,0.22994610494615905,-0.20922658501865082,-0.13845272638018344,-0.011228423182042688,-0.11298844969720537
-0.22543264342069147,-0.4705493207386113,-0.3523152470165811,-0.25204860590443645,-0.34327072481933,-0.7073046860949541
-2.2181214639227598,0.6126378516492843,-0.005245179495661556,0.7199933379693911,-0.9838511916934478,0.14754150403456967
0.3718195687849371,0.057359556541187906,-0.12818747607279543,0.05400935974726056,-0.8050620695299411,0.9127933378356186
-0.726057787427706,-0.7100895306907143,-0.44457494190593944,0.021920104230442362,0.10654010191566943,-0.8288628275022003
-0.7154167261721429,-0.13479215204914685,-0.5717929956174329,-0.08660152200544385,0.2794930033565892,-0.048394241862559806
-0.21930379562997881,-0.8210010862947587,-0.3465907523642404,0.23355215328522885,0.733834368088093,0.11199586505121795
0.27267234629586407,0.6829021632301358,-0.9674758558295865,-0.34599901234709673,-0.3049122744087215,-0.7417891514665559
-1.4320061777359552,-0.005953758234102824,-0.21158132467264823,-0.597868732632971,-0.34365561251528465,0.3931404096760702
-1.7486011895534066,-1.090468216853205,0.4069713378594542,0.23879172581662422,-0.03618545685537719,-0.24018855132408998
-1.0660658714998135,-0.7374779930543672,-0.27402182828323485,0.5699453638690383,0.6489889961399185,-0.9004567221676703
-2.0417275241987234,-0.22532183478442652,0.6200132438667383,0.0871199076725585,0.27560447755750284,-0.0761801699533051
-0.9668496098892981,-0.21933019968821965,0.5528351998415211,0.12559091525674518,0.6390977593517578,0.2394365154636739
1.590883030522966,-0.07999545232657046,0.11405681000204365,0.2343553344870417,-0.1737402333074275,0.2892540364230881
-1.0565859164970517,0.36876535461300913,-0.3829911442842656,-0.6437829740414295,-0.7807249787483377,0.09765728644494012
0.6514051749001837,-0.3395610735097466,-0.6200222780837448,-0.14732685901643855,-1.2917363143362905,0.6524929660393264
-1.3716348082651353,-0.07083635385781478,0.7930107494850599,0.4674971290950988,-0.767283092485977,-0.5509672809839554
0.2991201525724937,-0.5308716026015508,-0.06276727283003503,-0.05223551451678948,0.389944619484929,-0.028310901383188064
-0.31973381221268193,0.4938973438333984,-0.1256394352323726,0.4892319833156946,-0.13358173819980218,-0.5531210134689901
-0.05981278553427285,-0.694017758641989,-0.7776105465278933,-0.29872115544641487,-0.06961721414423282,1.076368521827971
0.5687775943675412,-0.4881276301612768,0.7381193733222935,0.47697222283058627,0.12428100672695719,-1.6817286865974501
1.7562401253161792,0.34819377582032457,-0.004620903443455671,-0.6980016223639123,0.792085707043308,-0.9577204695033429
0.19470634983327353,0.11131645887447905,0.3951630681965595,0.14115704452986103,0.3443299252781116,-0.38399458534232855
0.1243589513960949,-0.08477031497064164,-0.7865912320692101,-0.4063030428178343,0.5464184438605841,-0.56824551626296
-0.9733677174823148,0.513786689396164,-0.29695966381440775,-0.10548622334907873,-0.1552597804477256,0.2962835712008894
0.5833396553323329,-0.8983476191034426,-0.36871271171697345,-0.5130510774644507,-0.4308929785162662,0.5964479472790752
-0.24607233054527072,-0.6730065151606004,1.307754548187,0.22812293339476009,-0.8660700506462955,-0.5346088563205473
0.8320070429084299,-1.0508215123876823,0.28924820348092584,-0.4487663827885457,-0.42165093150134475,0.10785452746922553
-0.0437064504849727,-0.3586506173372413,0.9299425192445171,0.05165095493032573,-0.3218151116030342,-0.28680997721631163
1.740855703809851,-0.06405372081523529,0.6798557057295941,0.24652347907095878,-0.5618471377700991,-0.5764448355713165
-1.982916503137466,-0.16987874593336857,-0.35196201462994153,0.3477200528701643,-0.0548512864116133,0.07727800570331946
-0.2965993601550742,-0.4636459625187749,-0.5234585950939618,-0.3771213896355038,-0.27165467694276546,-0.2685193024750201
0.8814816388012593,-0.6665094229944861,-0.5285960541509235,0.04511115795105133,0.39211408358459476,-0.7479212767834952
-0.35069219708498706,0.05044036528002338,0.4500706061868564,0.4272662657954026,0.30088568255562853,-0.3737776463158749
-0.7921730690054608,0.43614257174691673,-0.036605856279711385,0.6763651328182319,0.8890223162998596,0.7521265207215186
-0.26588060573958244,-0.056343038274941415,0.34302552905973877,0.2576440076509431,0.4862417662325128,0.5448093073257743
-1.3799287476073374,-0.03007557113610282,0.4840794255825406,-0.4251317468636824,0.2159485656879852,0.39430924929873695
0.11895377168976948,0.28966200298145595,0.8617764975639626,0.5273623506509545,-0.05748162352244171,-0.6248494494756411
2.440461840173224,0.41697064310567733,0.2399072383776271,0.1744403426287579,-0.6067600202077782,0.1339651151574911
1.145031498226728,0.06879943874980876,-0.723956045914526,-0.09914785945871299,-0.4138264999792197,0.08847977408095745
-1.1090091065152694,-0.22522286841996683,-0.06420331193788203,0.20409283679143322,-0.8397443477017608,-0.4055586138914679
-0.8733410823282927,-0.43770411295974593,-0.4638817581523277,-0.10436795737629836,-0.3166512064623814,0.029843858992158342
-0.40472780902245364,-0.4615033467187588,-0.14093383043641933,0.23402236856480943,-0.6372306844537318,0.23332302560634544
1.0044161277339365,0.09767146209473593,0.5828104735638248,0.3091389223022959,-0.7576826880010277,-0.21658148487865564
-0.8214870091691876,0.33489147611708797,0.515537256035636,-0.4129369093754119,0.014852452302924368,0.46292910706143486
-0.6902314189475338,0.4503271787586819,0.17116716418955846,0.3715243411366492,-0.11237713964266335,-0.4843847650908506
0.8847494335149046,-0.6404566279121803,-0.07155504485871558,0.35638811311478935,0.04001154005619295,0.365396446124629
0.8646525704751467,0.7273532363647724,0.028550556018135373,0.017768914467496868,0.17017436991557935,-0.434516963852293
-0.3738146603894485,-0.11971134522680765,0.8598993692791694,-0.5546138125216611,-0.17899682830934494,0.9632299186495519
-1.1177634143727924,-0.05219535356128,0.5492467941150099,-0.10167633486680941,0.12847382766962442,-0.697315028123745
-1.549744823262707,0.1136505728771979,-0.12668739387380112,0.624032059754618,0.2631085758011263,-0.4626417744277087
-0.6989901269101042,0.6868025656614029,-0.31888782984259256,-0.504388363190968,-0.3878322848806568,0.685248043475569
-2.230528902271529,0.05836860666051227,0.5377646398140072,-0.9295341064840825,-0.27737163846539015,0.00525124408135294
0.7498198819099152,-0.16792767205884335,-0.5650679440862002,-0.3041069394093328,-0.06744484295998465,0.11674511081561667
-0.6300306998045586,-0.25385137004479885,-0.12025548297045574,-0.5588516956748185,-0.30585523299532846,-0.32736451867326927
0.48129366424513825,-0.01974314021186588,0.9743082388634106,-0.2166297286790138,-0.5173728239682871,0.008417789939421272
1.8683248876013339,-0.9911664482028781,0.6917190395950309,-0.22011754116406523,-0.38679377831855444,0.48190112760574355
1.172995707132864,-0.4167591359917958,0.21262105788198482,-0.9878927803796238,0.10484503052399335,-0.48454766050322967
-1.1511348379469908,-0.09385118924511789,0.2520085872759489,0.07370878526115188,-0.2459008446996719,-0.9503747885212241
0.8692489864766937,-1.0851683366068816,0.2847308223089555,-0.07495022967126451,-0.23574429946858264,-0.3338947158963091
1.1578570275164373,-0.3404150978797164,-0.28322336968156625,0.09581660576304234,0.06910008947604866,-0.1524511961167102
-0.7463565180960922,-0.257054861271715,-0.08252119207132576,0.3855271386420906,-0.7420793231183163,-0.3050670681198003
-0.9532969230720043,-0.1657035285981274,-0.45129631743073306,0.10106499212043742,-0.4267599940564947,0.3082009331771577
-0.1096918973385416,-0.3439569393940177,-0.6440932487202307,0.009071136341924389,-0.35986425295021146,-1.105211746638299
-1.6014233495161816,0.3379336576618321,-0.4493129603610668,0.6846398539847852,-0.853317200384287,0.6178581412251848
1.470734949301553,-0.01425234362245148,0.16556328006190374,-0.14027376616249568,-0.6766051970613789,0.7692039953389785
-2.4053637930304905,-0.15897199879829454,-0.3727862916800768,0.6925847381799575,-0.6380537672947115,-0.08618788931045578
-1.1068074157420604,-0.8362842830652706,0.9184512010251912,0.0028680965499385674,1.0340631994290088,-0.2976544385750483
-0.2695651640091679,0.3895262389110011,0.38178979462144946,0.10582661050502451,0.2443835431748289,-0.044826617315192
-0.22708709133068325,0.18294950587812392,0.31109466922776996,0.09583641163131301,0.11538260104278832,0.5517079988634619
0.16612417314262437,-0.45522682676183196,0.1502590690192898,0.3273956596081191,0.2984206983407281,1.0042584885531547
0.2714485686748367,0.7001246469005878,0.15828709640209337,-0.16005828108324288,-0.5570746014510128,-1.6272246358059683
-0.21361201462544818,-0.14573403963271112,-0.03597691173140709,0.5239648196982277,0.01377971776839887,0.6561540651829059
1.1368863187699414,-0.43788896829719,0.036775909284451624,0.06744975612189787,-0.9770251877698023,0.4504212348056566
-2.1393761696371945,-0.23179761652070452,-0.49627283600262745,-0.7665635621210676,-0.797766117396365,-1.2050982700736252
-0.0001645139169606655,-0.5662484341681452,-0.36839490633497357,-0.8726995446444487,-0.28058981331851224,-0.44062116118956546
-0.7145844117153977,-0.2072790181823896,-0.8477974280954317,0.17263568865306766,0.17689750966394127,-0.37774522897843693
0.13251343514348632,0.5918363690836306,-0.6906644465007113,0.21360907408076688,0.49157825434817976,0.5965979644167559
0.22075983794627882,0.36662519534426297,-0.6615530513276306,-0.5385293782759042,0.6930172973094944,0.3957677596736478
-0.911828876494789,0.3702973778215172,-0.5990625671992889,0.330858497976001,0.06720829287947178,-0.15844423399531293
-0.6409489965354924,0.0779056121354626,-0.24359573068830964,0.37464356017598255,-0.6988213528357645,0.7497687625556602
0.7925867232518442,-0.7331306055516191,0.10746835868470286,-0.04834305830694762,-0.6157807865742021,-0.4715207873115374
0.34905626865098566,-0.6821108042238433,-0.5628106206891623,0.6792106653072612,0.152997722173858,-1.1723497316610638
-0.6802484366024778,0.15537567448678602,-0.07412298352472996,-0.28220649040697987,-0.509272948671823,-0.12307426170032755
2.0398909593419425,-0.07424902318761076,-0.12010769937309186,0.5891868853383918,-0.4838884098261642,-0.318146388745394
2.309177648495082,-0.27807333456908273,0.3722162320563239,0.8672972564554532,-0.20577741116328158,-0.8895487215532706
-1.4624624789603549,-0.2498253493890365,-0.15677573871998673,-0.1316242003389374,-1.0052691973692154,2.061663240099207
0.30179496030034325,0.09204551473819567,0.08739504966890149,-0.16543690427363264,0.38078523011192655,0.02898794828296475
2.5089944356323914,0.2919153940296222,0.8645890855250896,0.197394794433891,0.2704066844855798,-0.7619083885529646
0.7838986291848924,0.3682676465434408,0.024108868635237868,-0.2804952116879958,0.29606360016223554,0.08794404081068616
0.22106014291254644,0.4403935034923379,-0.05484404792185725,0.04027326306541309,0.06690749838609074,0.18464076691690412
-0.20805683335943306,0.16230269702511135,-0.7348573634552867,-0.645884046586994,-0.4950145255812494,0.40714367777583693
-0.5411942858767205,-0.01529337611995052,-0.7019474240785906,-0.31597878927831313,-0.6571075513555631,-0.5938906167890262
-0.2125147026197359,0.7549326079831311,-0.6934385638056858,-0.8435883485655983,-0.3078098283727907,-0.15363313714007143
-0.5507294124081377,-0.3308977726553271,-0.47511105613338445,-1.171368631640623,0.30960130160083754,0.7639631945309313
0.7449083585580341,-0.37369730079618557,-0.7883094370185477,-0.3881057181216167,0.11511275168264883,-0.9240437688321894
-0.3981536526914417,-0.1777427176474104,0.02085707168150014,0.2935163211199102,0.4651749142060674,-0.5758572934453217
-0.4411515120100576,0.4900921834897352,0.05446166812735665,-0.2555015583750701,0.2975837023026976,-0.06720003026801613
-1.2021606868290806,-0.15574445351943997,0.12290356968484686,0.6831616393751677,0.18093273081950345,-0.050286771046119255
-0.04958987438030339,0.5814982887018665,0.4243883878729601,-0.8855586178234712,0.17831259876834896,1.184931790734618
-0.8941216734390032,0.1454389402232716,0.09244245397279253,0.9721225577276359,-0.5366293078260548,0.23168996396859642
-0.1807501687290939,0.23536004864617488,-0.5798774102320144,-0.5649001862765034,-0.5126715375127451,0.37188719517612295
1.0418155527215323,-0.4017696577799762,-0.4509255257910663,0.46240659519215604,0.8054765290412909,-0.4362954647586449
0.3659248863111264,0.6089771527230051,-0.6396129061622298,-0.6355039215495403,0.8865835615168881,0.24654166115200593
0.5047252947854309,0.46880518550411066,-0.015668458146094133,-0.041691387431190344,0.12310632357305484,-0.14575799948511947
0.35609089975780356,-0.04714128176366511,-0.3138750717309091,-0.5433263077232022,-0.2873737115857874,0.22759648498278046
0.0591757301914933,-0.2124133451164505,-0.915229820000222,-0.41918501526703583,-0.12254858148648419,0.16145396975031082
-0.12732823067162988,-0.6287614348542891,0.4876347484428969,0.5606606136289028,0.5802883175121082,-0.2030910385237976
-0.30780621590166646,0.2849943080669121,0.20106317922285044,0.4307642275389071,-0.022076948642218208,0.10043336934217179
0.759117008833072,-0.19196936757832592,-0.12177403892623301,0.23940722978386864,-0.36032336854821523,1.252644564045573
-1.0842398092882488,-0.37013356709022904,-0.6026903740081452,-0.30430779141302944,-0.19814057723498538,0.16098882434061684
1.3407225862255443,-0.5413315656082244,-0.04494161484436188,0.5383855576206522,-0.8192481154079352,-0.2035569439947292
0.03407806268481745,-0.541749079301356,0.21912868003833558,0.176759487218153,-0.6753249079401027,-0.37299949380831965
-0.7487003905773738,0.010268551448576857,-0.457645344691213,-0.4638143992143482,-0.3546713798947337,0.2523375147522583
-0.48914607904001295,-0.2115991356223607,0.10178900904230126,-0.031906916967779426,-0.622050770628166,0.11742677782289604
-0.6769904011881117,-0.8642776351474033,0.36389797397966134,0.3866311340526344,-0.9733161420520229,-0.10077054935756921
0.16020649902804115,0.18123900152218847,0.37149073927644644,-0.601728928821658,-0.3383695228269864,0.1584314629156346
-0.7178430444883082,0.3247647934830252,-0.23655589836139876,-0.537554534927927,0.17397266591612798,0.0504217223370102
1.1421311987837366,0.10614702886268639,-0.2725309295473311,-0.4567667139352196,-0.07379138542632185,-0.513882512954559
-0.7816389926142432,-0.28241771930730336,0.1719900614618746,-0.5995437747145413,0.36411012967534084,1.0092284458580736
-2.272521930414174,-0.2154262771395442,0.6125237775549334,-0.2609630747435802,0.34282491796764186,-0.3064152843589844
-0.730998492725895,0.23524279733946896,-0.18530779578261714,0.09542420255803585,0.9462857673892864,-0.7589436369476957
-2.0085211732996573,0.5019508292563751,-0.557849697552371,-0.13370760357468028,0.06681119521912199,0.019682188099870074
-0.0398688505726567,0.6117827357364986,-0.14042223309819235,-0.18929304344658784,0.1274968870178015,-0.26879709774191163
1.0591579783713116,-0.15596890512835387,-0.09300807221016978,-0.02441749454705532,0.7681278882227411,0.09818521736392813
0.6477598002656734,0.030420749494021793,0.13600688200121114,-0.09830541797293552,0.4936653254264933,0.34327896213069226
-1.3375895049472426,0.5920294808038145,0.5902746900890177,-0.1430268949895779,0.6841556369519629,-0.21681776708595557
-0.7622552815679994,0.30172569444382075,0.7356010859970585,-0.621487639685994,-0.2512181587767724,0.09484882036853906
1.7786335355666851,0.06830268568226741,0.0040492206875848424,-0.22476401607619342,-0.7346061140625038,-0.2646313924419574
0.3185114087343339,0.1923509406531866,-0.14110099474714635,-0.20721843071712798,-0.7455648657260123,0.03140922416163245
0.004118692634058828,-0.4970648428297181,-0.7286599013933635,-0.14317951388824474,-0.6216472501989979,-0.2707865433842882
1.0560625611935577,-0.3814535080550375,-0.3102108613995634,0.05910944931246488,0.43851668828440066,-0.563387273862194
2.4527411254301583,0.4471889422875109,1.0742241810607949,0.3052642931115143,0.995425854021717,-0.5698751600956866
1.2965732775797387,0.45018777858467585,0.4460903691871033,-0.1808786564796024,0.5851346574691308,-0.008118565314234882
0.139415254770579,-0.5370617927316343,0.4602496009282576,0.09395244898110178,0.43012236885767224,0.805890039326191
0.3546881759848233,-0.34594997312444276,-0.1020744622166046,0.2277642506549848,0.3172827462619874,-0.8469886207527694
0.6170797910982172,1.09924917787217,-0.6804571439381266,-0.23965861063521524,-0.012297076223065362,-0.7509026287956359
-0.6126984965101239,0.63077198990681,-0.12920029142004183,-0.7716553714040189,0.09086742822855154,-0.23319474738333978
-1.0587194727174403,0.18221043152099203,-0.23450444971620776,0.3847877982058166,0.21578355345215264,-0.6778121138444876
0.05244908348938066,0.44382466625434547,-0.5369215310695661,0.15961006043251258,0.028181192827183926,0.04143930089854195
-0.9472112294631205,0.37726946607214884,-0.7840860200344802,0.9686686693568209,0.4316227638879251,0.2279658790613967
-0.06146241903506856,0.012938453976122838,0.388936232609626,-0.3809693384956852,-0.3920789214952831,0.37168768968680277
0.0961230399920905,-0.2525771590237445,-0.24978248457473742,-0.186563160067419,-0.4772601701598402,0.16397482170310929
2.341037321882936,0.3071148725297246,-0.18073643666643538,0.1337350444182358,-0.25423080211957333,-0.1651685919645809
-0.8510499946565668,0.06494962926966347,-0.11454834667913036,-0.34554834765086556,-0.11121793349263098,0.7839663324969094
-0.1217889319709347,-0.27079013620080433,0.6979045943844585,-0.6385690985483552,0.49484650787235557,-0.3279581744144129
-0.1643028895845328,0.1831098907161416,0.4096033648594673,-0.19675871693658914,0.638402531924809,0.31247371913558264
0.4373105333753307,0.6652849508194968,-0.13793858212882779,-0.5065484004754969,0.8265744135823888,0.15289638692157126
1.0467243315836225,-0.35763273328316997,-0.35648250292314493,-0.6577652023599081,-0.06587415438083777,0.38501851173648316
-0.4904835016266552,-0.46760886276260316,-0.38303780612663685,-0.0926555974018702,0.08626625856129913,-0.6252976882669546
-0.8213520301050313,0.21246213373469894,-0.9627793214714456,0.10879912573338481,-0.7856983987399815,-0.7891763843835476
-1.6407106159316551,0.33768161258859963,-0.545610514222402,-0.4310998122410973,-0.08288552369118585,0.45853539930824383
-0.9262044968028467,0.5137721706206071,0.7502470814302862,-1.0895432624327446,-0.023613704847167415,0.7253904637707633
0.5364408345765945,0.2797422969777259,0.35550212396009656,0.5346002139450582,-0.9457539038028476,0.4500167143123568
0.045647041823202894,-0.711256906304252,0.7508977989045579,-0.15761109649569952,-0.5020873989796664,0.35005254928616775
-1.0154339949061588,-0.26202505971706735,0.559810795230347,0.1452459843554368,-0.5015061332968704,-0.34494143661873927
-0.3727674764848574,-0.7311403233712361,1.3899266730173299,-0.28569777433386734,0.792370331327293,-0.7557246324050232
0.0314729477902652,-0.031017677790941833,0.10923453403610017,-0.7782938768434314,0.649396199062283,-0.7000043944959132
0.5036789316089304,0.17420808639067706,0.43285590011645436,0.3477224296018339,0.135774067076335,-0.11293115697446504
-0.5933943528385258,-0.3284507086070879,0.4257312483275558,0.09931087267320776,0.5186424991112919,-0.08224016300672377
-0.2504400576578742,-0.1456265193255199,0.7023911227779427,0.4650434182957217,0.6453374339437439,-0.7458974958709581
-1.818434733340209,-0.02956997006496631,0.9113492429405853,-0.48721729659160984,0.4087939000223469,-0.06560877460630621
-1.1513858022379435,0.43699463446191533,0.42919277028375674,-0.5720102698959354,-0.15949681508321015,-0.23091104521634978
1.6177156581788448,0.015403925863776327,0.200254081243183,-0.44321873306492265,-1.0147727818030796,-1.2099193526343655
-2.1881406726948454,-0.07542357574493497,-0.21664384050493468,-0.20224929054621163,-0.6347422750749115,0.5421426731283502
-0.33780255263402675,0.18822181113892422,0.5848167781788935,0.1317631316093545,0.2056772228162262,-0.41533396974652104
0.21919822934425529,0.203074615858701,0.5966388130638313,-0.07003597351169362,0.5644590090195417,-0.6217771551366975
-0.3743492453270371,-0.2302405630517762,0.6163358100326239,0.06959589311906932,0.4404990675906171,0.43483705608819023
-0.8081575233653976,0.5276057193483488,0.2392893877942099,-0.6441139824468164,0.5914131936463785,-0.2739144149381541
-0.061078532387332324,0.849461175201963,0.34348127820666247,-0.7246637070131043,0.7325684829325017,0.01111008923449136
-0.004965401502279523,1.0068813684144116,0.5096558588135693,-0.2789580653640017,0.9550430062781915,0.020776100657100477
-0.08211740493189977,-0.12664645397747837,-0.2803543758104272,0.6349309547349654,0.8660926337256953,0.9396263711231703
-1.8777121211521157,0.1090640904711826,0.08522459491826836,0.29611748506529906,-0.6540313343130534,-0.5368948535057176
-0.14740362795539622,0.011621820924720194,-0.0910077991905749,0.1026752835463406,-0.3938066150089312,0.3041462700742676
-0.8551126902915559,-0.285485236950882,-0.27826196103628453,0.27499748205450314,-0.20960084797187895,-0.055971666541290654
-0.5477358748135395,0.33876401272419376,0.3559108993641441,-0.051877537145227845,-0.9589997323933593,0.48042584330656113
0.22697476334145322,0.16883719480364312,0.20364336227326044,-0.1893563163281498,-0.07296826801373912,0.20627313012779122
0.6407287504805665,-0.696373881048961,0.0020598398525644157,-0.06834386182003062,0.05058741749996437,-0.11348540916417636
0.8967773342418733,-0.5921351158253542,-0.4033434144423427,0.5392025071235346,-0.08682891017886085,-0.24043442356834396
-0.49641305697888843,-0.5261054915477982,0.7129213622412511,0.1820801305057429,-0.4913503200924727,-0.9799773032592043
0.9240027767201172,-0.41023984568682687,0.45167027419809624,-0.04423742110132903,-0.6094857162908451,-0.2369666049975272
1.1737275326239913,-0.8360746491569649,1.1287852227025865,0.3088500810233811,-0.009457025347254067,-0.9425744150385795
1.1366379245460594,-0.34679921016587395,0.5898949069058778,0.17498986675503703,-0.6381682787764076,-0.6708476352839536
1.3897679388114335,-0.46003782009342187,-0.040947230584354066,0.4837088926944215,-0.6145488961327883,-0.7386883322927168
-0.1456825059189122,-0.9590482569303316,-0.6496176224128439,-0.15297106799232862,-0.0393969591497369,0.4575151527000799
-0.17413191507326234,-0.31983751378208286,-0.34327605504029113,-0.1599427193312873,-0.27601867420275406,-0.9484264075256
0.8250507793943487,0.20536736575146425,-0.12456991778185186,-0.20184053280137074,0.4559193817910367,-0.638462723744925
