X0,X1,X2,X3,X4,Y
0.0,0.0,0.0,0.0,0.0,0.0
0.0914151239263294,0.30018047832258293,-0.5199920531202478,0.3762258865564856,-0.7804140754615346,-0.651089753431159
0.129767244876515,0.04812861135408212,-0.31411891210786547,-0.1911273318681406,0.14376236869703232,0.7118900685072278
0.14957645414487983,0.26486408382672727,0.4693849298516568,-0.31965267947625425,0.021852748789853355,-0.5030894720270841
0.41311154453706156,0.01580092706882366,0.11585252346237059,-0.1399397758482129,0.6767705074102748,0.01224431380143172
0.2846131978881294,0.46079060094357643,-0.14131101820540362,0.15407808928004318,0.2114340540233436,0.18448921769765406
0.9271074781492676,-0.0341291728957373,-0.24560081365392888,-0.0951137908273629,0.1898673617480368,0.9332629938049622
0.8929232408528052,0.22647200061306472,-0.4937584825774427,0.2431725286820118,0.19906134301980533,0.21915257587737252
0.6932703286661969,0.5824282681679744,-0.032046883239872925,0.20071143899813754,0.1510681181482989,0.34327993342109
0.8969443975877653,0.5316099566757118,0.024175469772483853,0.5437294244194033,-0.5956810812382157,0.3080776112383727
0.7558326012999267,0.4281097380619857,-0.3121862831899258,0.8637815028316143,-0.33666225836830377,1.0193849742945595
0.25097166981518526,0.5186007868219582,-0.26109839994986517,0.44854380157470414,0.1596161186411717,0.9554848850928368
0.146354148140654,0.4937733543919727,-0.30950541631724315,0.18277866345833316,-0.614713889315115,-0.06905991575395837
-0.1294815376598294,0.1447827833126185,0.1557287471317091,0.5230808188230937,-0.294703225061511,0.47974479265023795
0.05819558053037163,0.10502117242706696,-0.10795464572060648,-0.19237898477035126,-0.08293003977334507,0.06740324696659653
-0.30055631314634024,-0.1528435877628666,0.21109984667660897,0.057508233704608454,0.149116805274121,0.23906671328281354
-0.10094078045450436,-0.3496531127054656,0.014087211748270885,-0.10830907824399293,-0.5904938349125683,-0.8132942775341677
-0.49775066416082503,0.09934522241667204,-0.49439725027625964,-0.5370181784967571,-0.14563013691644755,0.3723642465260089
-0.6046298554792529,-0.6720974705004459,0.22043860915066538,-0.03250241193871599,-0.5777677220747364,-0.26108033580763795
-0.3525374142420342,-0.18900845586920878,-0.7975286288509748,-0.24095449431731178,-0.14948453861845162,-1.2032478801261541
-0.33089856192787337,-0.11845196400333895,-0.5040049431871936,-0.08576336972522725,0.3217001049879763,-0.3242700811401518
-0.6379478097144329,-0.11054046356801796,-0.06156366547799999,0.48444904809450523,0.132442521090954,0.06979014385484925
-0.19895694234856437,-0.6386692989285587,-0.6128506268048255,-0.42590060834621896,-0.18054938745350718,-0.6203866838474155
-0.008411658304243091,-0.7076966832102017,-0.2949665365908343,-0.725566281947296,-0.1197347117418521,-0.15577540780666627
0.5906076092032929,0.16071677832785272,1.3684412720264145,-0.7496635896178465,-0.9708051269288575,-0.5792018316594121
0.34672528061019514,0.10952584589805253,0.20285375151808166,0.024042034597372253,0.9737686011256234,-0.033873048333184747
0.29913482949858866,-0.46183800951562576,-0.4569707509574813,-0.1397602406803061,0.05962848027990447,0.9678456592977899
0.3382171859404544,-0.02023734171650765,0.3542785302242844,-0.7048965113246227,-0.5688350052759413,-0.7278277111329065
0.9767581056710037,0.5383259930588107,-0.30440978054490775,-0.3712895420930644,0.5143406172394114,-0.03315960954601058
0.9297667363735767,0.3241397852308461,-0.11170419723118934,0.4475918771222376,-0.3037573043542751,-0.34736154937037594
0.5463854640776908,1.1894965443883199,0.05278269969170294,0.22606653804479834,-0.09213700933642877,0.5040884825995349
0.9381859865897383,0.16346038611311958,0.12552606058943905,1.0372637562181155,0.1926156552613266,1.6683455384832593
0.9931563177563101,0.015647912255576935,-0.5745766976834185,0.7421013659490597,0.7396767125490945,0.33584179050331797
0.8782001214155137,0.15307551783639078,0.5583491368160756,-0.35006685145454214,0.02750003880225038,0.03628138693382696
0.8766635613994923,0.6619498923688816,0.08578329178256637,0.6395305034436821,0.2595736174871285,0.32410220368753984
0.26161193109018555,0.18870602872254683,0.001375786569710935,-0.15655027798501042,-0.31694763005847376,0.4881623553409157
0.5363826937969894,0.1692197556918783,-0.6627836228988687,-0.099314758972158,-0.13051892311689997,0.5865080493625817
0.6978173248981673,0.2600273445782335,0.4698639668517112,-0.19376716682234207,-0.3546569759117473,0.2099077969282782
0.7507893324342806,0.45488630759005005,-0.4012348460611699,0.2213050043446788,1.1949352017542527,1.062311296798896
0.4948163272666346,-0.13490320127423294,-0.26406213459293904,-0.00883965179036958,-0.03425193698833176,0.9877387270605554
0.27609117594355204,-0.5620258155354811,-0.40629186041178,-0.13251796885507955,-0.5305906185810009,-0.3618038501121108
0.013032942493275579,-0.5374366509765214,-0.16901883524981248,-0.8678310059241369,0.6891821006466072,-1.0768847521683762
-0.3160027310431163,1.169846633192128,0.8677511135857133,-0.7373449770183974,-0.21490711681513724,-0.4657771819905513
0.2026065622785614,-0.2877127770027137,-0.2331032051384047,0.8958583470207616,0.5210068752209328,0.4096111145139206
0.16245967292374905,0.026294439777270737,-0.7573788657265124,-0.2504113845049389,-0.00037332620485949763,-0.21030504920517915
0.30392122968729074,0.15964753482163585,0.27914424919196057,0.15384978324831677,-0.281689407259458,-0.05667511096168506
0.08745381962443652,0.14343809844697863,0.24199040559424218,0.9170910909830559,0.7409996606668812,0.3508314856278905
-0.14146334328399374,0.528929473010208,-0.4836086143134363,0.1768187392823447,0.28885352359434124,-0.49675899727929457
0.1367682011834605,-0.5290502797361875,0.08212758481315058,0.07585481352512441,-0.08795656398276669,0.44952965206997075
0.049116845442394,-0.018730030572677858,-0.027105858589035255,-0.2035001350271063,0.6214478231225231,-1.6309079722234427
-0.021938233910511265,0.1478677031402762,0.08012445310951291,-0.15813084781485487,-0.7135310564270472,0.08983667994804843
0.49626683033874425,0.3323682651329686,-0.742893366525215,-0.057476237679019465,0.007520042912266243,-0.47038111749823763
0.39592997863198126,0.5308221949983294,0.42715428739191474,0.859108774730462,0.17380740898099145,0.43495825375416025
0.9191103364823188,0.5687532578980123,0.3476428655867238,0.14678271608528135,0.19748004130044786,0.2805962572678307
1.2159855168607747,0.8644063388564558,-0.48485895188141565,0.20811620594694238,0.6075559836216173,0.817596589719823
1.7621793641548151,0.10077520785516847,0.21992966000489772,0.40542190026894753,-0.6627464577904927,0.4083793778004644
2.2155478941378317,0.7777354470613906,0.38474580345031734,-0.35509934264857534,0.10108470115246342,-0.4161108591112617
2.0142058109188574,1.7914535509253775,0.27142847681071713,0.6323723124204712,-0.7626174820591131,0.5900683746635308
2.0358158828886306,1.8550073592117973,0.2883736857295617,0.07043146474079154,-0.12786997935215538,1.7391823407705829
1.561337563052448,1.3688321748134415,0.8244866297456229,1.2661372739432601,-0.11302799031689315,1.7265164358536007
1.8818790298491594,1.030562894910947,0.363784998992271,0.7925533831194111,-0.015543453997503509,1.2642593644322107
1.8361222701134519,1.5290571166736135,0.3008324318744289,0.09186701466410979,0.09551038746907736,1.6998878152029728
1.6130458014696827,1.1825958388005484,-0.32087527908283153,1.102282634530935,0.1249033949740353,1.762380381289257
1.8700839962396407,1.1894740814114468,0.32464744972018145,1.5223591595387083,-0.2104147871795503,0.15674073148640733
2.351360304694783,1.1652025754809976,-0.1314554805623584,1.1185573146499341,-0.5110448365354976,0.6635159977965556
1.8709769235591267,1.5866708252236672,-0.43650478918141944,0.7922764248656072,0.05792747950647815,0.44482605528549535
1.1779458925693334,0.9338757406801417,-0.1037746440592347,0.9770897212984784,0.10617953481594028,1.41747322114559
1.4059858181820895,0.9187934177821867,0.0834732938397638,0.18506856519211784,-0.1133544231562773,1.0452279831941214
1.652144360807315,1.0520583932020988,-0.1718285979603569,0.35306119212494175,-0.013627549395346626,1.1134354830172026
1.0542262494910681,0.3984124575072606,-0.6997847434254876,-0.40741725133827256,-0.34003721524621344,1.2170761827428218
0.9687610295762957,1.068222748378958,-0.11104038205672019,0.730280681660707,-0.30756907126065086,0.8334564896382993
0.9963990271065285,0.3434964768662833,-0.4520112265307471,-0.058103230836527575,-0.39966969431614907,0.787831784326268
1.237474532920109,0.04496681011310111,0.7247815476237678,0.32887922573710926,-0.5970220662753126,0.460365108787041
1.1981485377137908,1.113803516379459,-0.6980184486366349,-0.21951688006694187,0.07635252370008525,-0.40473567084454143
1.001863554707524,0.6431913862537122,0.004539685756468154,0.6883665591027219,-0.13443863788311647,1.3741382252096224
0.8990277094482103,1.0280070994533077,-0.7370670026959255,0.18900042428795422,0.44765285213353806,0.8484324946996502
0.8596864503872068,1.319821649719446,-0.04673215378563009,1.3447957613481551,-0.26707434702525873,0.8564003935622393
1.1825584976271224,0.6490400192796262,-0.4368501625193626,0.6495656856781804,0.1068704230687694,0.9106294802333558
0.7056882496344317,0.26258145338043026,-1.1675467667514547,0.14104989566407988,-0.2920166996672498,1.617813300413951
1.037486260606621,0.5624963307610418,-0.83130958819625,-0.03154056784991491,-0.58076424191662,0.31878481077321613
1.223237595699239,1.048032369457716,-0.41902211840088266,-0.17552712507644075,-0.32998821033359266,1.6831221244756709
1.2901615184868214,0.7705506286888266,0.5909006177828215,0.7563270228607767,-0.19032212511742969,0.5957607305153667
1.0563167994691955,0.43348203541778557,0.39242086481362304,0.651509408869785,0.6704750488914927,0.9495492505590265
0.970442179402488,0.5103208574629523,0.3447090490984349,0.5909598678949525,-0.5755940877606003,0.3310865633940623
0.3731985808652887,1.1278101995670564,-0.644117700384072,0.6132344215201506,-0.14990847367454216,-0.21673916742789612
-0.5161600704872067,1.1920851534181343,-0.4649830640815389,0.7378588083689872,-0.4814759945734246,1.2059775709031377
-0.9844475763855396,-0.26990505308602863,-0.2881566005732794,0.5616023159806477,0.1303292230434167,1.2281398630214164
-0.7839497709531404,-0.2315423824671045,-0.43063312128736353,0.5166222525065822,-0.5033224480898768,-0.4643006702233056
-0.3832144700570706,0.0911586942547386,-0.2248619297337392,-0.2927854759904258,0.4097649819933391,0.0586499164277276
-0.30574582306026205,-0.37463687301191084,0.7149004319148304,-0.330869491242614,-0.2693704551048374,0.2021424185027586
-0.7754735447144163,-0.39895602088325455,0.5332055809000099,0.27180662778747,-0.6717439491942565,-0.7547895460332061
-1.2814139900846468,-0.36621776638507253,-0.2531530589119733,-0.2711686606215292,0.111931204780798,-0.27731966197206753
-1.220397517898664,-0.48610853769116774,-0.5802139386451459,0.08195750496165732,0.05275395149765108,-0.059436313280377906
-1.131472117656066,-0.7670761791602023,0.84347246977199,-0.3658875561794146,-0.5334966076010096,-0.8318200601842386
-1.5048136539363886,-0.7071554232544681,-0.19135691568386226,-0.24982003818101536,0.35784581132966076,-1.0294872309808225
-1.2347582847303995,-0.9667475153306399,0.3122992614453151,-0.6147441694931188,0.14282840205837494,-0.47596801398938
-1.6691964625549138,-0.6360406460084873,0.05969965044139209,-0.8432516722604215,0.20085706171310325,-1.588557754208278
-1.2683406325512625,-1.1025248112541342,0.6418848876621335,-0.17263858786861438,-0.9400889261433931,-1.2763777840167339
-1.3564743085969015,-0.47524578647849397,-0.34350104441478957,0.2476562066721305,-0.2138919327068674,-1.2422906462810746
-1.2858397981039225,-1.3028343101741022,0.7025077609253736,-0.1380084443164702,0.5911191225593277,-1.0842547626229402
-1.6701605601576721,-0.979739244004518,-0.0010509749528070655,-0.32637663998559324,0.3776669922984847,-1.8408675802378767
-1.5155374392874288,-0.4923174493181075,-0.28908473616366737,-0.7409046365770269,-0.2550665032220171,-0.5131646573965748
-1.2866594945863479,-1.5835613905263806,0.1373242611190016,-0.030944948687753326,-0.5293571151352265,-0.4492555497016515
-1.7137798252060659,-1.0946352584747578,0.2643583521072323,-1.304834555367399,0.34045775904056047,-0.9969541971364168
-1.897972865623935,-1.2045288637515363,0.8048969301427018,-0.534474559649005,0.2133087199143333,-1.467528014606857
-1.756631977603956,-1.3034390482608447,-0.02525709453955169,-0.057207375954431705,-0.09427564894789253,-2.209902737985522
-1.2733508791003878,-1.2160868927421062,1.267086847941636,-1.4264547403784964,-0.1342964282941982,-1.0726810214892553
-1.330328031407065,-0.5321860704696417,-0.17656796657843338,-0.3982404962566186,-0.09092750875106814,-0.9295988811855793
-0.7145225368232976,-0.9331268836716413,0.033009776244999914,-0.3228943209978294,0.17547552015605117,-1.3573382009593438
-0.665205325930107,0.31041648308843967,-0.18532904185790508,-0.5362325353578038,0.6803589549458079,-1.3019274637605012
-0.48902757588926926,-0.7467420947039771,0.10410141933824288,0.226166687398996,0.41087591798947815,-0.10547407458873373
-0.9966163706401983,-0.6543857834505666,0.022449012562749907,-0.5103074228175415,0.00900545986124876,-1.3076955680808438
-1.4813138724364017,-0.807057300851991,0.24776812153158762,-1.3530906284535102,0.322917219668354,-0.4749773976235391
-1.6954763196473468,-0.5544651649361061,-0.5840846690696445,-0.2637884014018237,1.0521481616862645,-0.760772999769978
-1.5791653772687424,-0.6905754449080915,-0.25868936577517593,-0.027198501968791533,0.26705613579822024,-0.7279235951944637
-1.709787619151931,-0.6311785378896497,-0.31715839518854283,0.2540620536646471,-0.28701194356979065,-0.7039492259228471
-1.6155644519909913,-0.6450511102352026,-0.21802826856301355,-1.2163001851924435,-0.457545376842175,-0.7568145274040836
-2.311671255706835,-1.3354011175329652,-0.5472277027533061,-0.40296741692513344,0.3579750492389,-0.9389561583177259
-2.620915371788181,-0.9673333048475612,-0.19264558143275634,-1.0580840852124447,-0.583121034669902,-0.776396527713504
-2.687376206507421,-1.578007939791027,0.26594867092491026,-0.2030011931879538,-0.4910894781893589,-1.00060086435116
-2.750583210816368,-2.237816903051928,-0.5281608607745922,-0.5147043557856488,-0.034001484517227135,-1.6766460566337695
-2.7794368918933676,-2.5626450646385903,0.4055611704422737,-1.7175639274872947,-0.5804189210679439,-0.9902937055118798
-2.694660797017579,-2.123726502786513,0.5053269713632955,-1.7291368824275057,0.3413499548659937,-2.279983558025478
-2.530039151358341,-1.5055389876286964,0.057762595944762574,-0.9986156174312127,0.5132377441792884,-1.6018454757065752
-3.0160007496758716,-1.1173253317544016,-1.106305498886999,-0.2776794565095736,-0.38514416942743,-2.283379679842265
-2.9862903033737114,-1.090562640831797,0.133527463509165,-0.35214363703662044,-0.5912088781890776,-1.3119968799733845
-2.982854915872515,-2.1978013443157534,-0.1095741128898787,0.2742209399294162,0.7674783462325184,-0.3010125979155298
-3.259110035215253,-1.533862385724348,0.3946374282816758,-0.9218824224762555,0.45603646166155937,-1.1385090876115638
-3.0371057643239525,-1.8191494579283094,0.4368443701706078,-1.4803756447478476,0.19130340227689324,-1.6283643761744826
-3.4210580516159586,-1.1306653222400898,0.9719616207015943,-0.3658864888459099,0.27682311481059296,-1.0422047534978423
-3.4174420974354107,-2.490023379154368,0.39298712465936797,-0.40653613932050886,0.4129390196504046,-1.552557730639068
-3.43280123098039,-1.3314407918033901,0.07803135546940615,-0.8873263581718203,0.16177302550033362,-1.7405835523036688
-3.4195375175491307,-2.4926516175435487,-0.07804758575695202,-0.7261411469444667,-0.2672267604732429,-1.8233642311754923
-3.2661709731848703,-2.76640551507671,0.17221805423953188,-1.2953996637698253,0.3670615200571886,-1.4330866069156636
-2.9584199203192987,-2.2977207150985826,0.07112201972258947,-1.8166822884815792,0.20672918359595577,-2.135463742502063
-2.572220586837779,-1.8279434148040479,0.5713264310878187,-1.646542709093639,-0.09919383091532336,-2.044793589708219
-2.6328455604546,-1.442178426114708,-0.11754912471248233,-1.1155548039662682,-0.022695861055022137,-1.6177967859392053
-2.7534433344933618,-1.470425727131911,0.08678745707543137,-1.1768608134939837,-0.23951609943115781,-0.6253028695119447
-3.1020671883136477,-2.3968040619930218,-1.032290987362636,-0.7235688849352878,0.04708189404325211,-1.4411616807530931
-2.737810239635097,-1.702866763215859,-1.6461045127602598,-0.5738267502750816,-0.86402870090174,-2.084736764770649
-2.9636778148036833,-1.7731909457902741,-0.9410043768668424,-0.28043926813412756,0.07651286509090416,-1.5321243718536994
-2.392159750584342,-1.0767302782017776,-0.26451307456774026,-0.9239149327565338,-0.3239786203282793,-1.1426282061720128
-1.4385036467740817,-1.7182016623311906,0.34628886505207246,-0.1507659909905456,-0.25053824466083274,-1.275760766018809
-1.1659232388064484,-0.7516718222597266,0.11942945340119812,-0.8535067424194783,0.27314879666300285,-1.0354880122109225
-1.747013318618073,-1.0923617112159891,0.3691151703251262,-0.9527555653536279,0.024407283817006274,-0.7402317966504249
-1.9550651679897573,-1.5850780577192065,0.5262504799315251,-0.7089583551170182,-0.08630358584314979,-1.0737735026269506
-1.8714058825955857,-0.883326029811363,-0.34607133083231484,-0.7673380815257234,-0.5462783093521542,-2.3015378671370654
-1.875101670474379,-1.1642115749872048,-0.21430505814287149,-0.45285599751776867,-0.048204596528853644,-0.37470484040152113
-2.2084331407496465,-1.5623905454395806,-0.6502773138932588,-0.4665391206261197,0.4122569282014296,-1.1664746208661292
-2.9589430939975427,-1.6582745735681925,-1.0470796254731654,-1.0042868277178763,-0.4234663764591941,-1.2143445565050834
-3.052466993244277,-2.045772778671073,0.210545917629754,-1.1740644705743135,-0.22728163478108152,-2.2298992847761574
-2.9355594816482764,-1.890457191913833,0.11444036715205963,-0.3875759464758315,-0.16466461106598557,-0.7541112009800057
-3.0031889164167063,-1.7333678565910355,-0.6041761123394962,-1.3757266760844238,-0.25492619226457625,-1.2410761682746871
-2.8365142898216686,-1.4069512918314635,-0.49233668382897794,-0.40368082508706415,0.3328502576895179,-1.3613687988761907
-2.427485676195959,-1.8290711933443862,-1.0881002191357223,-1.0502777484451022,-0.14924432908063434,-1.3916947614065123
-2.477333028780879,-1.5243793242857269,0.614657374361308,-0.7490186697961075,-0.528147819623983,-1.557576515896184
-2.4755280246500573,-1.0202768030496565,0.4085592452949721,-0.10323206310153166,0.3697109825081899,-0.9969976849210398
-2.8207873774057273,-1.1092010288365988,0.07862940238068135,-0.16375094615796693,0.24806759123600894,-0.30196640128124275
-2.6735573647075817,-1.5767287636605918,0.6237419498438652,-0.6968798406467133,0.165788263725482,-2.290863191959397
-2.558691643792067,-2.293519781786716,-1.6370838276542323,-0.6076569414539023,0.44050851484426423,-1.8939884768263933
-2.7723222563557486,-1.7288270389043106,0.1941453460107963,-0.24959176593216403,-0.6556014723322314,-1.5837428412462384
-2.2872599368061666,-2.0643309460897696,0.12375716189994868,-0.9083045001298713,0.06341384392828214,-1.967427283113449
-2.3640095582084135,-1.0026128592087262,-0.33396889842873373,-1.0183207233707825,-0.06361543489904856,-1.7706139776130883
-2.297072952686564,-1.8182906263928007,0.2082164303162698,-0.9179414826528719,0.30828412678951855,-1.2134936545597084
-2.722125580465626,-1.1928958491988635,0.2843712837864333,-1.521431416099083,0.17507925831195043,-1.1803943370566352
-2.609809644953747,-2.194982987515675,0.4013021270166276,-0.4640318626009535,-0.007299390273605308,-1.5328515986312516
-2.3486429621278293,-0.8481377651321046,0.8600278934421033,-0.5715683451554755,0.11662717815457757,-1.4993375685280868
-2.118596100592556,-1.3568801021120798,0.31859734268236195,-0.09456762981557948,0.32029809896646844,-1.1298104073259465
-2.242938020343314,-1.2699603438755513,0.4125343916715798,-0.5423560603087048,0.39547063395382076,-1.1656070918719346
-2.016063571254372,-1.8396880469705796,0.3131816192306711,-0.05805825546327792,-0.03528414083413453,-1.8792267303980892
-2.329576684130263,-1.1887688152896099,-0.41656809456995963,-1.0293842257037846,-0.009460139363968695,-0.9953481267771496
-2.227614075772452,-1.2338146275466808,0.033053506951155234,-0.3479305404439096,-1.0098085745389611,-1.3231725645460928
-2.881677095119294,-1.3384216343532092,0.027946015484244274,-0.19869440385746828,0.4882751598689104,-0.8666618772896657
-3.031785418338364,-1.9401733120013018,0.2509643609181422,-0.6697678777539441,0.40563293297800485,-1.2753891381991986
-2.790081826565614,-2.200987977855347,0.41398999262159386,-0.5805290047136905,0.3798122825158589,-1.5080887380407655
-3.0187788639739095,-1.8891141267005773,-0.30540601150130686,-0.8834562036108895,-0.21665406991192163,-1.4960941616029149
-3.391305522637427,-1.767408216554742,-0.19365609566981654,0.0334949946732781,-0.6730886668086697,-0.8514094665286042
-3.3463527984412433,-1.9874441482271743,0.14748913030703661,-0.7058133809992778,-0.13893648001273373,-0.5001121624576067
-3.4832941417086603,-2.265558527149955,0.6103640251817348,-1.017822812674102,-0.36978936879327307,-1.3754430578850452
-3.0497563546307003,-2.1687307645067597,0.14443111764409342,-1.5786260488021484,0.1524285486517707,-2.687634942667963
-3.3236197506463485,-1.3022485336818614,0.15672235834779574,0.03931896223842135,-0.1768615869707229,-1.2740492714726561
-3.2504940065258543,-1.8211340696973481,-0.02860711586884921,-0.6263576733689471,0.10684723358400572,-1.1039448663191112
-3.6699269044655094,-1.6889984506030216,-0.7803947360216955,-1.0212470708829595,-0.24987840621000634,-1.458448337437251
-3.4314472285908213,-2.4643781173356927,-0.14393644929330954,-0.35398204304193087,0.3195163067839746,-1.2413947090255761
-3.1393481751875942,-1.6068286105926872,0.5777990636189126,-0.9865493878227969,0.18176423911262932,-1.5714290083743128
-3.4685494775517074,-2.425934493563178,0.5237012975154667,-1.1212540873463657,0.7525456525708001,-1.0006347624146212
-3.0223299906459484,-2.542029223041731,0.02127319741099387,-1.3091421256097262,0.25029303790241636,-1.9950360135281293
-2.682225847018938,-1.672584205666399,-0.1742532532784246,-1.666465471294708,0.18863619018192276,-2.170608818719311
-2.907169848504293,-1.6830058068174514,-0.1701906570709538,-0.9443541545680381,0.6388351955957036,-1.7199715865088316
-2.9803386815574946,-2.1019848498943667,-1.099782675926357,-0.9467322731912668,-0.3424173332990387,-0.7705565144537289
-3.02982001417636,-1.7635213553143496,0.31428732188121916,-1.0361012903785527,-0.47543164945554317,-1.7535109510727072
-2.514181513261402,-2.6185103062812876,-1.0655191668112434,-1.0990290100796203,0.13152608152751522,-1.2002431234516044
-2.3722553538531597,-1.1008914306601363,-0.5117787064836581,-0.8971769918795514,-0.35258453421587116,-1.6813371311773664
-2.290461774823521,-1.1442264767118937,-0.4342751253365392,-0.506200466298597,-0.20417554389166848,-0.30330031293117354
-3.025723413385547,-1.8491052354438606,-0.8391246226807466,-0.717417497383469,-0.2755533180410278,-1.7064814974744285
-3.3212708230787946,-0.8324644112009713,-0.6821582260660091,-0.20385583862307166,-0.5003496161461584,-1.6913905591791425
-3.666032022235283,-2.0395145684106866,-1.158712674432436,-0.815372998898096,-0.3068035030912075,-1.4439847639493402
-3.8946243597283603,-2.053135374227595,-0.2733002546783154,-0.8527685007085375,-0.9916806634357894,-1.2449292324891286
-4.134687868708915,-2.3410300864842934,0.2344388809001586,-1.5771226867449766,-0.23579918370380137,-1.5103434411399939
-3.950798254566535,-1.8681011649849277,-0.00016228445216172338,-0.7675107348475232,-0.008886094199837685,-1.736796960494026
-3.3706602090100795,-2.86167890506892,0.980193615055865,-1.3046638269553241,0.5939026009126757,-2.0670645613625247
-3.767422548997583,-1.854305441616213,0.05096101916723603,-1.4717981351788987,0.13185199786010915,-2.7316806124970956
-3.9811236683213957,-1.3478003784881252,-0.42446650857930046,-0.8081482923338845,0.3750880294287899,-1.9840919837444806
-4.0369106714772105,-3.4493575349605186,-0.4841169432589676,-1.2251038999832091,-0.894034075423878,-2.3107966416176566
-4.395518363766642,-2.439920869968068,0.5172427567131251,-1.2084532625517896,-0.029253746543236897,-2.390802031609746
-4.665787462358014,-2.3458253246302467,0.4171483041102729,-1.4506193518775112,0.43071325093171664,-1.7873867084557682
-4.830653248697039,-3.273123810174117,-0.4362397249024156,-1.1383104455465387,0.2976632691598351,-2.473526448033383
-4.822677646299209,-2.651115663352103,0.15439660059851804,-1.0158098570380631,0.3362964429182511,-3.1333255171641152
-4.317601783437802,-2.475657462797755,-0.21916927209830198,-1.298363181255616,-0.10310111114337983,-3.0643723513453573
-4.369071136502707,-2.2036413757255726,-0.845442399282295,-0.6311116685431781,-0.4064321045579969,-1.9714838070754774
-4.5866885931051,-2.3116448003554755,-0.5678750848530834,-1.1172359926001514,0.35768225705948664,-1.9729987029223148
-4.286887693362753,-2.433701951965366,-0.12165581897703401,-1.3346854631097165,-0.24697356896186642,-2.0110715976783453
-4.537704827816489,-2.3120330137863063,0.29454402159776616,-0.9794290980204564,0.5661239339762443,-1.3793246046905197
-4.650188234771229,-2.9720631723931783,0.274889365696419,-1.146674380447331,-0.12208217100843945,-1.1022166844885257
-4.54107878966834,-2.3126655121201862,-0.02654775434328538,-2.354277750114754,-0.6956852916675483,-2.026527207199537
-4.52293825523313,-3.2552057151284237,0.1172588238273947,-1.1656262404002395,0.7907846624232227,-1.913049373620625
-4.472026291690286,-2.871592093887635,-0.18434930790425041,-2.479282013244219,0.14995969789942212,-2.2055903184690413
-4.94471208984147,-3.14620162790754,-0.3860132385246831,-1.821936524867323,-0.05234707243294008,-3.7961001471888474
-4.760430958334351,-3.0672682891196468,0.2611235634094362,-2.565384217947587,-0.5529727458108291,-2.132471129944127
-5.593829242552923,-3.3282588863875144,-0.09542463707392876,-1.2118060239258888,-0.16559615549361006,-2.714726057400223
-5.424191116802195,-3.4374743230019016,0.8894855287428314,-1.5137116953447127,-0.6321920464805458,-2.0981162460021547
-5.652343771223604,-3.2634137880210012,-0.01353142342102337,-2.343890899636891,0.4473022230687078,-2.37661239824224
-5.564463624174417,-3.4409299804660263,-0.7985082091156696,-1.3348953328187043,-0.7566080757547725,-3.524939928414625
-5.301500542949961,-3.1738895416539483,-0.10450474563605758,-0.9766670671836885,-0.1319821722437868,-2.48017558095524
-4.488276884784463,-3.5000534312173746,-0.13825370273606263,-1.415826211528121,0.13379451350113492,-2.778080495285974
-4.797995990650918,-2.562228742715469,1.1134461002242202,-2.0429408681695174,0.3110706398174144,-2.929357841091266
-4.873860424546267,-3.3955505016832266,0.6151702660245126,-1.1400634897908655,1.2105603631823891,-2.173353549253028
-4.986724055681306,-3.088452244065804,-0.06900156040676722,-1.7993603220607257,0.09494549330649626,-2.260748677578235
-5.506686786644002,-3.143909043465808,0.4102995570840368,-1.3934470077547532,-0.4783957882430524,-2.0374091340395624
-5.13299629859244,-3.909913982303817,0.6028851300002479,-1.240306093306483,0.3260618578878983,-3.4214060563187756
-5.1402855137236845,-2.8573676696262034,0.36313278351670564,-1.884052444372366,0.35764661873905107,-2.3722259194780686
-4.77247534075048,-3.2111467301692835,-1.32458764183636,-1.4945442458306821,-0.5555863156841062,-2.518281572933896
-4.397848009027328,-2.728924828974339,-0.9406602223462032,-1.971902756003217,-0.7985998662064148,-1.9574691677826856
-4.560615355060875,-3.3871960518407915,-0.0510918221985486,-0.6195353899292174,-0.1352031104158817,-2.593068128408133
-4.3879514020609065,-2.263356916335462,-0.7202372611334698,-1.823191936118968,-0.10206453489879333,-2.8027256607500615
-4.562146822884582,-2.5304081011948547,0.13126412747416338,-0.870979201606515,-0.2916127802476165,-1.8747075167319232
-4.687801446062093,-3.3644602603029488,1.1542451589470233,-0.7608291211722336,0.5996686312780536,-2.4586588343011497
-4.0190193628953015,-2.4242252649080913,0.844018689156766,-1.6710212553411237,0.37480760029133875,-2.688075332083538
-3.9018601839994465,-2.338885930592613,0.9537987442639779,-1.5766900817089617,0.6673783006166983,-1.737688688840605
-3.7054623254651107,-2.449487362462791,0.6588890765416846,-1.5410386321485383,0.03424212544927924,-2.9279588001564463
-3.634377742001326,-2.3992724770909497,0.15594233134920857,-2.4069912109694234,-0.23537135726099373,-1.6165324176669313
-3.833765542020265,-2.7369008171908984,0.22707853823318327,-0.6241540456017823,0.0047658685178128685,-2.2565678990127243
-3.1360316044557597,-2.4228855737269823,0.8263436117646569,-1.605738482543593,-0.039386589314539394,-1.848127661475896
-3.167598844731021,-1.2947464623898388,0.05028101102766122,-1.2571267435746258,1.2503730819207906,-2.132370164495879
-2.632003326463603,-1.5153750775388335,0.19374401466361174,-0.9372176518020092,-0.32139128462390026,-1.053607569237781
-2.3354373537240085,-2.0937593299116406,0.07825145539931495,-1.3017908852851476,-0.4933569550090518,-2.225738906287477
-2.3025917458898824,-1.4066287270043285,0.5859973974738071,-1.9510455678909613,-0.04500360197409351,-1.9375682948399962
-1.6737921208222506,-1.5378260885736077,-0.552769737217636,-0.020973291284338558,0.4143902955281421,-1.288297242512106
-1.639416789715087,-0.693231460381936,-0.0008591518366585227,-1.0927075718439103,0.13011553667622555,-1.7692717578295967
-1.5409063978656257,-1.2301673091058953,0.08911273609216602,-0.3556898403212267,-0.24935972180088464,-1.3489249572514004
-1.646990820349719,-0.7954248530820761,-0.5252604968581809,-1.075117852213893,0.320435903633287,-1.5585636024349048
-1.816879295024021,-0.4581358006598958,-0.46987985316504377,-0.2655964482944013,-0.2947977197610301,-0.6299730322867595
-2.449036999222927,-0.2911219058925074,-0.16253075076996687,-0.17612929776887887,-0.16078667359828333,-0.12630980512914936
-2.1803554262286235,-2.142352792250167,-1.0474925716759198,-0.061444436511795084,-0.35096292506699067,0.39938850765453826
-2.274907743194191,-1.815418822474773,-1.2815131393593349,-2.1710468039773136,-0.512647243583533,-1.6122723491608468
-2.4022465561287603,-0.8855367113098369,0.1549855777070689,-0.975864780579831,-1.3664827227344762,-1.6134664266794057
-2.2356384875761877,-1.0487560339540098,0.20119145839059316,-0.9086995942393346,0.8654963855568831,-1.392349008661769
-2.0108716094159313,-1.713488967453733,-0.7833164096894979,0.08216944171312957,-0.023883345844102705,-0.5867777994732083
-1.9397849928001576,-0.660982835676483,-0.2874740009069357,-0.9514080135876266,-1.0256218069011873,-1.5764114906795266
-1.7744274741896493,-1.7906942957742698,0.11151235290917336,-0.6202284256015219,-0.3476781400436729,-0.9308451861069384
-2.187201550770115,-1.3561006786176006,-0.2807318481869873,-0.586733843982367,0.3682534655597669,-1.512459763766853
-2.3048134895313344,-1.6389509734442989,-0.01425739843653949,-1.1367831721757766,-0.48838122284508173,-1.4426972102127589
-2.6538556294690157,-1.0910018242053172,0.07675256000047553,-1.4543148070414462,0.004348525111797543,-1.5982685306969098
-2.551403023807975,-2.1737530896540616,0.01655638394834863,-1.0504566316455248,0.042470454234179306,-0.6856052591834012
-3.2156592351208757,-1.0549930121697275,0.17783020508529457,-1.148086895309516,0.22670355198991576,-2.1882986927004016
-3.2514690949039387,-2.867132864440075,-0.7571076976284874,-0.15039018559475364,-0.32286588905565894,-1.3106850996133792
-3.6674017708849966,-2.0204165369802096,-0.9321171608304841,-1.725397309874296,-0.15165467985351555,-1.8258408512966824
-3.5711468769876147,-1.5693337805582432,-0.16033475278492337,-1.4372457761080593,-0.39482081081336073,-1.365565858588641
-3.1917849341862037,-2.2676303028549167,-0.7589822505077635,-0.24141845193221745,0.13909774096565677,-1.4320758634833017
-3.2570903422166007,-1.7997833352755925,-0.41959513800620174,-1.2347648014212518,-0.32062434862088307,-1.620467394520588
-3.4605118007646505,-0.7885563459637923,0.14018614553885864,-1.6106863233682263,-0.03823304552648876,-2.010372819428743
-3.2872910275088754,-1.7715651708418048,0.06533458032558806,0.0759244576216157,0.13304290532281599,-0.46916919497803344
-3.9905803956454786,-1.822349755748389,0.814826523055688,-0.4546452431228296,-0.4618164658063734,-1.6327032231054464
-3.946798907402046,-2.2811208021832914,0.23592901224797488,-0.477368813502208,-0.38015751689886446,-0.9251288661020665
-3.9443143344146683,-2.956525438195184,-0.031112226887881414,-0.9393409337408997,-0.871271535513225,-1.4157981999596099
-4.391946085056566,-2.4142561355799694,0.017395288242372593,-1.0104474601800386,-0.08390695836070863,-2.6984393674317313
-4.543926893847927,-2.420648863361582,0.6416599708500436,-1.3613800603992492,-0.08762045268885635,-2.7767020782527134
-4.427384633592465,-2.425637549974574,-0.6874098625927197,-1.1588757946842847,1.2114447081695865,-2.6529359993350354
-4.458183260904654,-2.179874924038913,0.6929208916837154,-1.4913035956192469,-0.18537697368770883,-2.044609345179943
-4.373596500686407,-2.7106381176230863,-0.14146395048730026,-1.729158412130142,0.33121773742071897,-1.748293188802097
-4.441822324479572,-2.228745155271259,-0.849964630438584,-1.2095090436144222,-0.34699161927531086,-2.5564944293942347
-4.892023145314123,-2.880217933230599,-0.7676944530205274,-0.623004252723569,-0.5957872085304239,-1.6028674921098285
-5.053518006172597,-2.9917720880459946,-0.10633455548022078,-1.090886326578202,-0.5210023164956341,-2.9893179540797106
-5.468102715581687,-3.5317347919747792,-0.2978391136154449,-1.3318012377511768,-0.22884108813531945,-1.234203084592441
-5.989417094122826,-3.73204283875128,0.012464855270267139,-1.963227932140461,-0.0625678561099603,-4.034440413144842
-5.918369259086418,-3.775025575821133,0.955193187718164,-1.762098276653436,0.4149546193582666,-3.2833751167815324
-6.092657315645863,-3.294625267693861,-0.8513102455454269,-1.9327801518021253,-0.0229962654679991,-3.107849030931977
-6.267761422687718,-3.4130779269440343,-0.5196061392213909,-2.1826655983764685,0.07840201621133264,-3.584914814485542
-6.466571845194297,-3.309714948955661,0.8055912552668714,-1.667497366473841,-0.584054541889043,-3.308590381723711
-6.444589250818588,-3.9162914789669627,0.2604389927498606,-1.6671904801115043,0.23648645822470293,-3.538039042031121
-6.599542473466838,-4.414087269511599,0.5354437248183814,-2.0339679440991927,-0.22372597440839337,-3.185885964611269
-6.716132427786883,-3.757092222404001,0.899329949932849,-2.731764901066684,0.482668694572832,-4.087377400018909
-6.889231339200143,-4.226378424564184,0.42670849503341557,-1.5214037846728183,0.04992795536778144,-3.7589673022984873
-7.086142607264576,-3.6938621813009607,-0.1548068256674948,-1.8616706948379709,0.8546609796181948,-2.281063930647147
-7.395357716844278,-4.7221656910161185,-0.011232484036603992,-2.157973461749787,-0.31395573436926566,-3.672782172431201
-7.710923898713802,-4.9239019974611296,-0.07551193447110863,-2.024232061853006,-0.37159440858164733,-2.548123537188023
-7.84633923400312,-5.144690813014695,0.013355240617193523,-1.7795142954795091,0.41759549853272304,-3.905543081410636
-8.25037999863699,-5.156375958808773,0.1093400110474682,-1.9874033011180035,0.32901998898814655,-4.087418338510271
-8.981292697611186,-4.6751235465422445,-0.4589059860152749,-2.0930345027151245,0.48740392901583995,-5.00169066262227
-8.890827005567315,-6.05210984479961,0.3700858124368823,-2.3407235794204166,-0.07402543508272746,-4.050879125817476
-9.446475562187675,-5.465418375442399,-0.051823311305799646,-3.0852838842189065,-0.0773542451952749,-5.1602000418065845
-9.458387446891768,-5.789656042455272,0.20568030909311566,-2.8965687590684,0.016212290779463373,-5.711835991022942
-9.315276908723831,-5.659155057496036,0.06142254416645529,-2.5105342981898504,-0.6988540883820531,-5.9086467923686925
-9.233135755126776,-5.521095367957526,0.014868335685678701,-3.0144283588169962,0.2903104873625546,-4.24824940820862
-9.087941066941317,-6.382957208121827,-0.12595372849658795,-2.4528532007639114,0.4946388007613086,-4.4468160592233765
-9.351833795151569,-5.108552756980211,0.2991110782849025,-2.567952104941279,-0.40082546108981826,-5.317153298186521
-9.127652179808532,-6.058031317911451,0.11843835920454965,-2.3884298644794244,0.3511090848400277,-4.30239111320303
-9.061776701654548,-4.885279733598695,-0.09382144308150019,-3.389292532440796,-0.18755296142369168,-4.95165812511808
-8.79809049334428,-5.9611847208989035,-0.7768330179717184,-3.2577312698932346,-0.024450487131291762,-4.995636481854597
-8.913455526349654,-5.535471384319706,0.0976391895543385,-2.888079551352106,-0.43046837028937623,-4.814091528048984
-8.770917106145252,-5.415534017169974,-0.31667509122100346,-2.350238333071655,0.19640642392337423,-5.439734863304992
-8.574231687793837,-4.697545035702748,-0.6373078385844201,-2.298127472648577,-0.010715846121041067,-4.417328890222381
-8.636941364602063,-5.292850280461127,0.14806962412468802,-2.2545445695954167,0.09385061117401244,-4.258623038549292
-8.821799186599272,-5.607953917211707,-0.5527618531248231,-3.3777832648071646,0.35115936525608704,-3.476901296160028
-8.39420050355818,-5.003137643337082,-0.9788708002507052,-2.235134418636431,-0.40382873354539484,-4.888179006165319
-8.996568418799582,-5.461944193908795,-0.1602931560868908,-2.421714814503935,-1.0160294889758341,-3.9013075636880883
-8.689214616171574,-5.852710083843922,-0.4396778776836511,-3.59338131397439,-0.17068267606482715,-4.840672347228139
-9.15452043987599,-5.3935169224488035,0.09460601485099052,-3.356649425380054,-0.3977001133296393,-4.639259183418255
-8.973639356749423,-5.245070256539653,-0.03663122629394776,-3.1611232437790973,0.05079044623120842,-4.708795508084943
-9.114590309299041,-5.6963569959074345,0.2067398000905246,-2.4186068451593794,0.20609101809493768,-6.078466093060019
-8.757498598246006,-5.715173795801874,-1.4617943426492197,-2.4380392842506153,-0.04421877006476643,-5.446124941917788
-9.085619716761007,-6.023100971167059,0.07491457036554394,-2.40599045751613,-0.6067585766766036,-5.328231107557714
-9.260554238451814,-5.104881749713193,-0.4861377994411575,-2.7185793616783944,-0.6576986254042011,-5.139763876331448
-9.519509937155098,-6.096372190321656,0.5009136443973379,-1.9107492329825906,-0.20777301558323805,-4.969958236492796
-9.722692192357881,-6.221553323099261,-0.2505353270650239,-3.0102553512686776,-0.2908007625178022,-5.93086840748903
-9.836595133612333,-6.134479662641736,-0.9765886963284485,-3.474417816990973,-0.44870055963633526,-4.257682380755009
-9.819671663461461,-6.612516398704317,-0.17029110440086848,-3.328825084775637,-0.3045144265547746,-5.84872556540301
-9.547252810406066,-6.006349452422946,-0.6524356242707756,-3.540678855342382,-0.002388178007580996,-5.9476540404534255
-9.628520898527347,-6.02210678920016,-0.31379573317022547,-2.809137178812628,-0.1656188997733401,-5.31095524592536
-9.757658398565933,-5.871446236642081,0.30413329530893085,-3.133732309730455,-0.0836422813128398,-4.209922564598474
-10.159765260972295,-6.611863503634802,0.47616843512035656,-2.848813855029591,0.7516864491670647,-4.805797796334939
-10.108577737410357,-6.083440276387955,-0.1373742038654308,-3.4067568779787436,-0.12392326912439955,-5.627886416790673
-10.049063389222425,-6.387659370720088,-0.4248207954249494,-3.585817513230847,0.10134032888938613,-5.0077736258816605
-9.97956525595147,-5.994290978701164,0.35513900773684814,-3.0370253104137412,-0.04839334791495464,-5.592876823182419
-10.138811804390365,-6.168519545512286,1.21361801021701,-3.2634965737987565,0.31565953247478207,-4.981184070567434
-10.560249268673463,-6.120964912774552,0.9254245303469724,-3.528632210842431,0.9609608498283537,-4.984174868200149
-10.939611866257836,-6.0726306138576005,1.166218779232954,-3.0645609026372944,1.0062573343875008,-5.2636162102800945
-10.948036788789047,-6.33102694403187,0.019715575758891657,-2.845674119999208,0.4723595676490661,-5.5652028774253095
-10.909057832539224,-7.102211800767108,-0.028984720153401443,-3.754238412545609,0.23394758182746447,-6.586365254347915
-10.847434674450845,-6.02213605677157,-0.24773694492293266,-3.7484931840451043,0.2521997976393978,-6.296276704919554
-10.813310228405003,-6.6934830912003385,0.29409718198314583,-2.6124460745864235,-0.4965739288117663,-5.192746773674441
-10.536518311568647,-5.721408186348837,0.4182479004901112,-3.6521172725244333,-0.4340208277461768,-5.966339540463724
-10.338385541604117,-6.281008323082222,0.3744358372817227,-3.3098869128172703,0.4740460775276688,-5.712973301026786
-9.990700666891048,-6.056450866333849,1.5410499627544494,-2.907260907278014,-0.04736957264553468,-6.2947785605461455
-10.171516475800114,-6.573222230700635,-0.08413263172303986,-2.339281456368665,0.7255649923120889,-4.921850088310106
-10.26422318535899,-5.717089612584335,-0.11167533073863013,-3.299545962828404,0.17862452252067715,-5.401042147323552
-10.366869052578604,-6.949633536162246,-0.73695968202252,-2.963169566718728,-0.022071455498158976,-5.634891536011951
-10.377211512088994,-7.082524633970914,-0.194211623111505,-3.8408666318729234,-0.1318783153148206,-5.560164980631318
-10.723313987008922,-5.817364017109208,0.020960538316415978,-3.2304331333890977,-0.11579896405017583,-6.344015390003663
-10.912117332309274,-6.355946802948198,0.24019805294975333,-2.656920406113724,0.06113374057502719,-4.631902776819453
-10.883739572421964,-6.198941291238908,0.4644037739507692,-3.4997840535640243,-0.6271783975683971,-4.474492455890579
-10.806741953208286,-6.815771542340663,-0.71792181556283,-2.7907209286715227,0.07389077712715048,-5.645224829596007
-10.386477395114396,-6.803306515026905,-0.7390201178607543,-3.3233311811510244,-0.1309867534035791,-5.360084841069555
-10.113105981743711,-6.036132861493273,-0.12241672501746785,-3.5053369612394856,-0.270528725849616,-5.705546824837324
-10.048576540998,-5.845805316268295,0.34954488628614,-3.0003796295865635,-0.3726170839834031,-5.243058462385782
-10.056981876466724,-5.146535801742639,0.2014542557924412,-3.1324117695506413,0.3087335621645998,-4.457946576641627
-10.027581302236909,-6.185404842572625,1.229358836323815,-2.4436322119433003,-0.2389405956402163,-4.718060959656686
-9.952901129117912,-5.888910847732715,0.7919596820510093,-2.589056481552418,0.4537574102924573,-5.22895731830333
-9.141705596934095,-6.259533295862166,0.43470672933631815,-3.222160928765585,-0.06028809299213245,-4.430669859950232
-9.251018784802067,-5.510426827935764,0.19409325662913826,-2.837169684754709,-0.1648149454190808,-5.8861077288047
-9.18372959264759,-5.417598345642184,0.35870761933869,-3.0789949056068133,0.34863123948821284,-5.080380148529264
-9.340191186083505,-4.989774416127741,-0.36436447655939413,-2.4554305564101524,0.3854803980070254,-4.092411603060348
-8.496396411611888,-5.899465344000946,-0.963922394922896,-2.74135724173368,-0.4860736395768348,-4.76826288201432
-8.586292330828497,-4.963820899952168,-0.8974785761215712,-2.929053343429027,-0.19315749206369628,-4.69816868750164
-8.405390274800494,-4.303318037443631,-0.45594804124841254,-2.388138003383245,-1.1039853314985466,-4.854578505878334
-8.927541171508839,-5.091956254501629,-0.1281170977988701,-2.339029297881599,0.6219912284608407,-3.4542725901870597
-8.70971166307494,-5.756182659437708,-0.5039718733107126,-2.5312559276120328,0.0179560167413423,-5.194233951072849
-8.7638037699298,-5.311886664153415,-0.14415552055646136,-3.2034474946575244,-0.41740282209274104,-4.877134236676403
-8.736563762846785,-4.825939779977531,0.2591491351083456,-2.7736824214876075,-0.24012468666872772,-4.4605270765374945
-8.553310287923528,-4.9257808669216026,-0.1393554760969391,-2.0211357535263765,0.6203342403068075,-3.3211021190706425
-8.81323512952136,-5.127475094106653,-0.034857538162826135,-2.5021198608738042,-0.3154473582828301,-4.79716833451857
-8.785431295712659,-5.253543685413765,-0.3946350912228041,-2.8813549637328677,-0.4538063536028671,-4.2227193439483495
-8.74015483767071,-4.396913270860544,0.17125045829362526,-2.515856030222544,0.03617867033653019,-5.080667733343159
-9.126227069831623,-5.613484814575747,0.8427898608747544,-2.616034264017729,0.052860614830828906,-3.877692305357838
-9.396979021764611,-4.983985954838932,0.1003503489058763,-3.1291398508205925,-0.22035304939656686,-4.242952838958445
-9.2492899481832,-6.2710542195095345,-0.2801542056525679,-2.789842319994891,0.018258364822641995,-3.8446960786915203
-9.560264540644098,-5.279516104951961,-0.1263062024515071,-4.088034045803536,0.3014527849145328,-5.81791593575836
-9.460665892607018,-5.302324167800921,0.08544971406991991,-2.4193883001185643,-1.0014386776725952,-5.314461110785429
-9.419204353801033,-5.485355243661503,-0.0718550288389175,-2.3354154616325786,0.2775605801998396,-4.544580878773447
-9.973105457137178,-5.484975353025038,-0.24929713307908388,-3.1788565228509427,0.22376788051306357,-4.086176660419173
-9.935045364248426,-6.4950986193670275,-1.6066790730799232,-1.9880120130900862,-0.3183339704429848,-5.785211315537307
-9.564471147755343,-5.519051022965964,-0.47532592615214053,-3.1367658395957676,-0.4592479747471018,-4.961468013626686
-9.355224654179043,-5.35028015426953,0.996117446432407,-3.391661238621196,-0.01146576434929486,-4.233625083903297
-8.9944144122182,-5.1471570144321745,0.08553274240017228,-2.304043117314283,1.4274539533608548,-5.137695347699286
-9.146634585138328,-5.592737507346429,-0.12739970150992527,-2.9295868071215283,-1.0708571053094285,-4.511572582158373
-9.035827167228357,-4.713828277671352,-0.28483083320593294,-2.7910184285868698,0.4654517414696841,-4.663082090913974
-8.78790497426038,-4.873982447575589,0.054171527005001247,-2.3345383987827155,0.08451594995314113,-3.9538188561209853
-8.874390611698576,-4.378988486077155,0.21874261756383878,-2.5451500006259713,0.18945456794329982,-3.483259757503005
-8.532314627415293,-6.27798984820209,0.07148099412883425,-1.982813115579191,-0.8002926564236856,-3.093868324971184
-8.481472466057314,-5.480233231721596,0.5212813081746448,-3.7599979134210666,0.13289415130800059,-5.0062385483932905
-8.628934713904464,-3.9819091228214845,0.19871503281877534,-2.406306396913175,0.6283119656151854,-4.542194190454759
-8.185096070748806,-5.999265351412796,-0.035421326604739845,-2.0663890146131463,0.40418029712611087,-3.994128502606528
-8.238005855895604,-4.310245941712031,-0.3565112694825785,-2.6998498695437725,0.24644771761568768,-4.508601793812415
-8.249180631661243,-5.416877345750289,-0.008175239581021787,-3.0296997623562425,-0.08257205565502178,-3.665131991925481
-7.88640126113363,-4.321508984997167,0.7832153361668772,-3.1076481101926956,-0.14417610981231646,-4.460556922791386
-7.126829857810977,-4.284081891880825,0.9750142027070212,-2.3158696747182996,-0.03999371799529894,-3.562896780864206
-7.457028237081285,-4.322009094287355,0.17328608532195502,-1.5048761102912893,0.2481267598989375,-4.9132430460183745
-7.305694842782544,-4.457164532473672,-0.2975251009553767,-2.1956864274805272,-0.040167164198325306,-3.0816989081961834
-7.765554306288356,-4.109801740422574,-0.34776464276379315,-2.474216176374583,-0.7625327240901395,-3.444443429347361
-7.428625917155895,-5.4436708231608275,-0.12682699665064112,-1.7725129715317605,-0.8030610096733926,-3.464726432784094
-7.694865064578543,-4.633939557125412,-0.617967741878675,-2.7951544341513177,-0.3084140988148357,-4.047971828564532
-7.828685878116192,-4.504449772489734,0.3047051132723085,-2.595992661201229,-0.5935630502843844,-4.906052169756903
-7.741465924756145,-5.646089738095121,-0.08588223964398652,-2.466510835352627,-0.23853156639305745,-3.1440738430178525
-8.252299508324139,-4.200891697611407,-0.7464400717602229,-2.2803396060619754,-0.3323460713478512,-5.008258978676828
-8.067428889358146,-5.695857178796706,-1.387481920000722,-2.2127392091459885,0.3213801977475613,-3.842591114229947
-8.037147851837599,-3.997703440303629,0.1506500602817894,-3.078667978657678,-0.5617274574936593,-3.739894177230069
-8.493807634395028,-5.229614924047063,0.5589855533614477,-1.9578627733105518,-0.03678759484739395,-4.200998602160459
-8.78873821269251,-4.698068849371944,0.30590284813531154,-2.6667019432989325,0.25163948483786563,-3.9625022456805854
-9.080223844596397,-4.945505688791606,0.46161710864705496,-1.3075839051858078,-0.028080536969708303,-4.317699678384104
-8.849534083124272,-5.662169168108522,0.5480372170501857,-2.6340179151678225,0.4010991787460382,-4.267921274077197
-8.972694279528776,-4.91134497594566,0.20920754879927303,-3.072924030526077,-0.5177388979921945,-5.712022525985417
-9.350518199540616,-5.445460871165229,-0.5938215944601868,-2.931224549411872,-0.1974189644087724,-4.74686163481081
-9.482670557795014,-5.345531883952163,0.4831056874235052,-2.7162786694722127,-0.42193915001641,-4.907806302950732
-9.38434661680943,-6.0526493371172485,0.43701624290319663,-2.6581736397303892,-0.6194055524958088,-4.45089902752288
-9.155701844221824,-4.903997171629616,-0.008929440569478725,-3.3788200475330443,0.26178266328258315,-5.052219001234168
-9.185791144454846,-5.450579094529306,-0.05983991617321743,-2.112815088429328,0.5475227182821063,-4.4475691566527225
-8.941196322803357,-5.205092505582415,-0.3688354479853565,-3.030086156795449,0.4123280079659659,-3.343929454002692
-8.977821489194774,-5.583946966979943,-1.2069223797993112,-2.109796199075486,0.07369653561595535,-4.42813380160881
-8.675220982408323,-4.89960281853641,-0.11984999431558235,-2.4242040128311775,0.12591122917505915,-4.362303694655479
-8.403643161960137,-5.445716914068596,-0.18951853483756742,-1.7670943531006156,0.03854187280284227,-3.75454289389365
-8.36652115763672,-5.0377927401431215,-0.35011338591125235,-2.148460849927212,0.14628861577674263,-5.197866725643431
-8.431094494609567,-5.105431439322014,0.7861128805789803,-3.239087846765233,0.6171741998045165,-3.829796918171952
-8.452098352253408,-4.625715924849046,0.05012499613265978,-2.769509079751484,0.7737477220379875,-4.274430718692851
-8.378693774607203,-5.141246226037716,0.08779490150759561,-1.8946019143408166,-0.32608713438766973,-4.879816434734882
-8.194361737739461,-4.835119803759615,0.34195763448585254,-2.4075317651716426,-0.0930981907319809,-3.7735115803358834
-8.208029175765823,-5.041373567545836,-0.1409694900618333,-1.6093040223694746,-0.5572073790238321,-3.8569493400353236
-8.711762304052938,-5.0982684995211685,-0.0964075161800366,-3.3546981024448694,0.0992272401487719,-4.201771735089025
-9.341524206821312,-4.653054911236188,0.3908617905331151,-1.9530845128419554,0.10501956978857382,-4.552168311109721
-8.943077220552572,-5.151487042942537,0.9584503298299837,-2.703142496510014,0.23688265749921483,-3.6233057195722034
-9.485962311227741,-4.456649601939787,0.5222154287593821,-2.3197690551509518,0.9727453645086961,-4.325526313948427
-9.507927808422888,-6.017908045930417,0.3473003236683024,-2.613834875863649,0.7154079943714992,-3.1294142664698774
-9.805259703099093,-5.739540675296141,0.5881894993774229,-2.8730305931690365,0.3230075852413463,-4.499510860848226
-9.780444242540137,-5.759390685955486,0.8815378474641948,-2.6200966286602574,-0.09802923686392945,-3.800258145305592
-9.639496765578647,-6.511540870008699,0.620960066911808,-3.208776152209383,0.8477686141531702,-4.674156909620614
-10.213630686027324,-6.001211181088277,0.7054329845654519,-2.6912436406536644,0.21324975532324336,-5.418358111658639
-9.85994431244983,-6.5253171347499705,-0.2371165900576956,-3.0792049587033814,0.6130423136746697,-5.673659545264638
-10.360354692416559,-6.157157912496699,0.34072548650458745,-3.4195489725430983,-0.8375707967991446,-5.830973139111985
-10.362624881405903,-6.524704881943791,0.5674065747628223,-2.415628508155351,-0.1375322150700853,-5.6774211313032055
-9.901417615836563,-6.438384820448173,0.27595204861080525,-3.324405693444133,0.7681920609219527,-4.558880559994417
-10.14645556961764,-5.904787838434908,0.06156870954368747,-3.6136884544307253,0.08810679838432438,-5.50152965212111
-9.80439272593662,-6.219557101114186,0.6221831270187067,-3.037975176761779,0.2903444046397292,-5.510052247697159
-9.6278006804154,-6.27039506665742,0.14270169442100464,-3.4925132357089517,0.8276967292199235,-5.343293263380113
-9.135694452245906,-5.660198327796643,-0.21400762203115364,-2.1781268441214134,-0.36587402009690984,-6.385937767322767
-8.749717412859736,-5.4896992169900365,-0.4776068393058829,-3.064466448078955,0.021662063569664977,-5.090844986286944
-8.803699439224728,-5.653154002225547,0.08162561148650224,-3.0248832203533738,-0.3299958691617659,-5.476537103429851
-8.93046773406435,-5.442039240170208,0.0838859533974016,-2.935127598285463,0.024689576231966756,-5.192544498880051
-8.723148964304288,-5.54403279731679,0.7431548484201084,-2.526940327494021,-0.06229248081489814,-4.507222075085532
-8.253415104943311,-5.943255194106445,0.4772762260350819,-2.590418146079611,0.7904074366916471,-4.74970314136901
-7.954724663107962,-5.546264726774896,-0.20187490276544842,-2.9151599895201668,-0.5116801978844929,-5.05728958614519
-7.568671984314311,-5.284633516230336,-1.015443923702775,-3.185945261452079,-0.10607790499056337,-4.9397916984215815
-7.148931069805485,-4.3430940121611465,0.17254098743501622,-2.584064632377614,-0.24888565868717913,-5.086018217453546
-6.891767963738501,-3.9552078443223984,-0.5042598309490957,-1.6970900052330409,0.15336223580924138,-3.9034917277070744
-6.771674991245599,-4.014157490848916,-1.5820371343350652,-2.022945521297122,-0.22195517760243466,-2.924506236146677
-6.794105667715018,-4.119566063077511,-1.0447145686260986,-1.9800565517921282,-0.586841289101621,-3.3358342163408436
-6.4822949542394515,-4.006183218163071,-0.8564316471049034,-1.5438111520914592,-1.1117304262253176,-3.3878898693018695
-6.657908504831364,-4.25129997382944,-0.4422846863680234,-2.070911895361713,0.39392958692880037,-3.899686778930194
-7.0087915055750125,-3.303777788247578,-0.7836526909921593,-2.310585869123235,-0.18716949868627908,-3.7985750208422413
-7.29211836909594,-3.221977461050383,-0.3526711306048655,-1.095060525734087,-0.6546362035137727,-2.682033160979432
-7.541575200895853,-3.9674666543917114,-0.99398515860457,-1.1469515918677713,0.27735244817721355,-2.81883500506528
-7.591607921096449,-4.3683467055982685,0.07668722924769061,-2.1411883157146736,-1.045222791489094,-3.0643745385635235
-7.267905029325615,-4.299460999987478,-0.5757879757427714,-2.0515566747456573,0.3307341969920097,-3.264211438773686
-7.476244601903221,-4.574150827868521,-0.9812160928053044,-1.7940795729829362,-0.447116751707497,-3.9721113643437524
-8.022649704480612,-4.1554613045718085,0.5819589494338782,-1.9791170214243545,-0.005396282410332243,-3.4517752706311446
-8.095948361034472,-4.984615568525217,0.0927056327690626,-1.0238343505199041,0.45514839229332826,-3.7344582403032893
-7.956299328784588,-4.255766329184992,-0.47762276909743995,-2.7567354225854643,0.23751642615661134,-3.263392388252056
-7.84086876552309,-4.7694587633283465,-0.09605183481941287,-2.150459603347339,-0.4217285032099769,-4.030798772089986
-7.3969916534278095,-5.018839767066963,-0.0830838667884022,-2.5912484204087765,0.40172753835112407,-3.6459556987518047
-7.228892899958132,-4.208850003987508,-0.15368575949141638,-2.7668443335137405,-0.1370791592536707,-3.8056601193736337
-6.966609596282413,-4.679546321138309,-0.5370606508228265,-2.06094414086839,0.6289786460712374,-4.734030885079875
-6.883109714411262,-4.433698155179665,-0.849139861033422,-2.485544527794851,-0.38302759770388695,-4.160863636886937
-6.880947596298351,-4.714848782588418,-0.5223697416253158,-1.904901232580722,-0.038507077553816604,-3.427664911952886
-7.3431679451775755,-3.8581770154562407,-0.007251846195519329,-2.769905218670043,-0.2052785973772747,-3.929997840241292
-6.790522747607096,-5.071643324438625,0.9600724646476307,-0.9315177054369246,-0.3689910269395373,-3.0413588292566685
-6.499373353347977,-3.8770065310286177,-0.20982337402661416,-2.578835159925738,0.6057609877120086,-3.714269487547802
-6.140471507736903,-3.9667736397793107,-0.025247240634953122,-1.5000775722914366,0.14822903633279566,-3.1216484225373096
-6.339847509414482,-3.9113717619432222,-0.530205562889723,-2.2317153741618907,0.3043808112071845,-2.7387727943859224
-6.386386596274202,-3.256520748142637,0.5563978405452593,-1.8583263144113955,-0.5408389337731052,-2.6197865208910525
-6.404691801582725,-3.9676739680071487,0.23000195037906507,-1.9841765045901973,-0.364896635908013,-2.52062825624462
-6.639712117751712,-4.277244513994626,1.5987661996121312,-2.4867899739961223,0.2960562663970025,-2.6079679894984156
-6.620335220668745,-4.72124623763451,0.7657510699772765,-2.4096268752740198,0.21006018818982575,-4.687631076969015
-6.585241150461579,-4.501079518836226,-0.8916884898120339,-2.575500636422622,-0.026213906389519925,-3.8295561778228286
-6.493567092890835,-3.650191197191876,0.17939282602411827,-1.7942146436735609,-0.3574427559284352,-3.77167240370381
-6.340112982315078,-4.055017979701331,0.12464619650274833,-1.9580726123318462,-0.2552662289223389,-2.8825898161814663
-6.368317534540624,-4.068965717118884,-0.29419301636755796,-2.511668480963781,0.4413950150959792,-3.3866255347245913
-6.627157540412606,-4.0451700446421235,0.31601596989074177,-2.597083109364335,0.29081170914063004,-3.870325041055409
-6.749827267475243,-3.5192588351315175,0.11539480114181126,-2.014570105974537,-0.3532404625017954,-3.338805462002697
-6.895324184753759,-4.050344249284302,0.9785804261072765,-2.6536436167252253,0.1891039093189941,-2.095553320254309
-6.422548098190142,-4.545098585004841,1.2090512722104656,-1.6603111662514394,0.10263435454822595,-3.5191893598081165
-6.804433826812062,-4.124027537859531,0.04048749922178152,-1.9131271804453742,0.8039081575520485,-3.54125249471341
-7.209560252228678,-4.381106889264328,-0.14367346720832555,-1.714143466251969,0.48746894081558645,-2.932564637619842
-7.436126078053784,-5.032520910589229,-1.4128686013072373,-1.6219026533992804,-0.2179713626112598,-3.956380171493177
-6.9433279900229135,-4.451896158064355,0.20871939235199227,-2.633621691720204,-0.6179879256481451,-3.895754034238511
-6.463313805627031,-3.8755851807980912,0.27384952982421107,-1.758240035404109,-0.38438264346897066,-3.528982871924088
-6.551684432025515,-4.729256100170543,-1.1758927389391196,-2.34503963500652,0.322029103366717,-3.1834818545097483
-6.496374419872816,-4.438646505159234,0.6227039196616102,-2.375601391758761,-0.34858288645012164,-4.382127718890504
-6.487876396347934,-3.333862165013678,-0.6131634911436894,-2.4919690735917905,1.0616416337760453,-3.8359701330978195
-6.179460326728179,-3.9050233707129722,-0.21060048183868402,-1.9005428157956423,-0.19761582471096473,-2.922294890380088
-6.414737879402733,-3.951715742459753,-0.12570235248154732,-1.0326460575105507,-0.12013250070012103,-2.5310631283894933
-6.47342457864504,-4.377388356299748,0.09193311502298979,-2.1546869079770223,0.03393292732307979,-2.2829929214950586
-6.406829745342159,-3.6277631031058557,0.7194401151033964,-1.5377336423639996,0.013156359087173747,-2.515466566477028
-6.552448606216395,-4.3281189870809085,-0.16739888256781557,-0.8814716829296997,0.6155550750885177,-3.167814631573453
-6.177741797154347,-3.145018175179601,0.2936264277885463,-2.783192626636419,-0.17310359635282807,-3.5253854878069584
-6.769846600076928,-3.8148037006139512,0.6182515307264109,-1.2766566055951756,1.0613593448472634,-3.21309235653045
-6.896192494874074,-3.6670090188527933,0.24480754407992128,-2.1340870604310354,-0.005084026562287902,-2.5247649369876353
-6.782600697722664,-4.627872216712088,-0.9489218682784339,-1.2330101638955124,0.2586943308634935,-3.58823039684489
-6.833723594893159,-3.7752670745215324,-0.2780582240826951,-2.85724146629956,-0.7159484027795568,-3.472935723435421
-6.863673969041794,-4.592037115879734,0.2025121240935464,-1.7447820667522378,0.32541015811791085,-3.2564501184802985
-6.821940447113317,-4.452144842533677,0.012811835945078481,-2.324817994915782,0.584887190789581,-3.7973748544415473
-7.08888164391784,-4.012824149357618,-0.2422799935991696,-2.375478020139177,0.19924604760328768,-3.552524907873793
-6.822186689796445,-3.85498549660176,0.6390957380527655,-2.380107700337993,-0.45832577607017677,-3.5595060488219974
-6.957539296968269,-4.269988731547064,-0.3774346420646417,-2.1172979217484955,-0.013100800683376157,-3.5704169008001325
-6.60400404187277,-3.185799947758774,-0.013611371994772886,-2.0667910913656726,-0.2670001664007574,-3.6221150472800603
-6.5270564483397076,-3.131717894780052,0.21354356698709995,-1.9310281598704144,0.3381738744731851,-2.7462219920337816
-6.998385771110893,-3.4091844446822623,0.44941246114351163,-1.908729508900998,0.08184387963805172,-3.6341881053110123
-7.376027709016194,-4.38559806506951,0.6588385271516798,-2.148113412316347,0.27154913024077654,-3.220254179663394
-7.517274206348855,-4.890309968983455,0.5673145709829556,-2.5549451176074878,0.3251674077202194,-3.2296477738694582
-7.1458261159019,-4.135413737041453,-0.16233648888592486,-2.758811901879891,0.9574095671559022,-4.756586026280528
-6.747282472664381,-3.4821970876232995,-0.3769440000751394,-1.8311785769797329,-0.4713412073176587,-3.983552426264238
-6.512928111097258,-4.076655720288413,0.4132390087852389,-1.7232352314262631,0.15256361302757046,-2.920992320924819
-6.900979568898771,-3.813708889397689,-0.28251530968451866,-1.552134893545129,0.8116885731789147,-2.980864863244042
-6.814792340587862,-4.4072880814220055,0.2896523500858829,-1.9681468288021302,-0.44265841240959813,-3.7596079959957764
-6.714727637097,-3.8138144105491114,0.17965235831813667,-1.9851993083540238,0.21291864856389797,-3.3972373727972656
-6.727532565965243,-4.319294343332744,0.2603414051066413,-1.7590248350189037,0.3392280174416585,-3.6000705939266866
-6.711982936267389,-4.247122218185591,-0.23369883328268742,-2.6096189137072336,0.6104465321092788,-3.018370903478568
-6.550752779999188,-4.10288804038779,0.9159883259871008,-0.9108561430485418,-0.18449129945836312,-3.6282745509640755
-6.67008615418125,-3.596205696845015,0.46095927782628277,-2.0970105774151286,1.0770832692418886,-3.025703828869285
-6.588940538348191,-3.834652062688596,-0.3162110639089739,-1.8517137367462537,-0.05891218060440165,-3.5346843650902304
-5.787411524421185,-4.536158491321421,-0.22660194426220986,-2.196614615237327,-0.14711156135407502,-2.9664370485976503
-5.620972567903591,-3.7303910373076428,0.27032669260959974,-2.1319030682600926,-0.4410645633491153,-4.144116820003199
-5.896285260253669,-2.9468997451989507,-0.5130964195162548,-1.5897508382622663,0.4987968250350919,-3.2311881135812297
-5.6632429505941255,-3.1925361489340593,-1.0345736281761488,-1.4026019405974632,0.0456052722531643,-2.3497434235936385
-5.959359496955192,-3.6827674368296606,-1.0593919761483679,-1.3703011619578649,-0.13779288520030136,-3.3395270251240117
-6.253689307195656,-3.7185377222798413,-0.6794354358149299,-2.3862040507558913,-0.9925774969154002,-3.3999452025718986
-6.227813156328154,-3.7985349883060997,-0.7941278006212242,-1.4358477346831944,-0.792486069291376,-3.422060500027926
-5.920386136202922,-3.96615577014026,-0.44737253536827193,-1.4338691684304603,-0.44013195183710885,-2.537481299616444
-5.791696518864763,-3.360355469482741,-0.30563408706539996,-1.854898079531715,0.22940411425368085,-3.4806425585598295
-5.779334698830277,-3.1933586546629438,-0.12244806592193869,-2.0902494125190407,0.2845371844689824,-2.675553866412225
-6.174412220920161,-2.5739635869790733,0.5673969929636685,-1.1959457395117088,0.5218146805218122,-2.8197401912184787
-6.672863696841714,-3.602614515004993,-0.7518411276946619,-1.5237733165815288,-0.13887171414547317,-2.1919315747232013
-6.488188110483327,-4.183269266217183,-0.9519311116894722,-1.1973589842543704,-0.7308518031664146,-2.5440815618954757
-6.633607338948026,-3.453981863408849,-0.012682453581865316,-1.7951219263145828,-0.01710860379023832,-3.863292948332317
-6.299509426925636,-3.8763476971401998,-0.43015129339196956,-1.6236924569055338,0.18897604211508626,-2.7878455442504735
-6.552652420483053,-3.430766184170674,-0.803979094165449,-1.8638400175625336,0.2876902190263393,-3.222917592163734
-6.9742017286861415,-4.079739696154274,0.24187111225241836,-1.5785817091169285,-0.5805754090579873,-2.1385374790713865
-7.237171175941101,-4.141541556132758,-0.09615354337736182,-2.47674277891192,0.22895625633600541,-2.5234370613093247
-7.384309824149214,-5.442076859980082,0.1687253465026542,-2.086342458260315,-0.16367833172142687,-4.051350724171699
-7.059874683260654,-4.501576889326963,-0.11250423686111782,-2.8719155799056693,-0.699236210104969,-5.001349759502633
-6.771546637424589,-4.542450949802674,-1.0887265944983213,-2.410676467179387,0.652447052172179,-3.6283766137523905
-6.938697795540519,-4.359134310655201,0.32563887020827914,-1.867585553407735,-0.9790415361685347,-3.3662896891211096
-7.0605378891818145,-4.2500761225548365,-0.4165604594081511,-2.0686294834395147,-0.0676438241269732,-3.334692930483299
-7.235436054281035,-4.059433908694449,0.18521805914323364,-2.1494072831605924,-0.3431771087096404,-3.519871732937607
-7.070359931370925,-3.9654934638493486,1.0864649941087743,-1.6393209744208879,1.309492101601407,-3.2284466826503695
-6.924966877977415,-4.645802349857856,0.6779470353934594,-2.160307386492177,0.23211829096657616,-2.943834728411029
-6.977219246643775,-3.719998278727063,0.2724958233551892,-1.9776408794472726,0.20649041294088494,-4.235151409287264
-6.636636827147818,-4.828834275304417,0.46869433746148964,-1.985260714926844,0.17520451414878063,-2.8078762003826103
-6.363606378665887,-3.7478830837451484,0.28256130182618366,-2.388762416700947,-0.0820629402876284,-4.106394402711772
-6.357909022673854,-4.572392988976921,0.06742876553856016,-2.032934875844347,0.13550678196613422,-3.480831879584738
-6.43195616132733,-4.246328288423766,0.26422431506386174,-2.9374133800689446,-0.11229641011924586,-3.4284983522862533
-5.925690249481338,-4.446479200743936,0.47033141406652856,-2.216111039962591,0.20834347845815648,-3.764858257455523
-5.763898883598476,-3.529436914668506,-0.3174250490104218,-2.0551104684615167,0.5184009469480753,-4.180227835815929
-5.8674459437713455,-3.7069241171901957,-1.4471363547397966,-1.97448441452267,-0.534803822871146,-3.004332905690083
-5.884229573384926,-3.4342643785421045,-1.5637478452107447,-2.2247917109107087,-0.3845789582197126,-3.8281178302542704
-5.875227611825643,-3.409296990050823,-0.6107060180064764,-1.6672532782105136,-0.7275648080928797,-3.8395587352748075
-6.318390000863952,-3.528448520667221,-0.47515527494805243,-1.9479476739050583,0.00580236502919565,-3.0262943361045718
-6.607893818297805,-3.7006900659917505,-0.2815947289783704,-1.6342703728037766,0.5612895428180308,-3.388752936640282
-6.629937416774926,-3.974105474659009,0.1285835547162021,-2.0505922913913364,-0.7323407621290456,-3.336181437561866
-6.952048140590266,-4.29623398673319,-0.8247282741470285,-2.4058894256360865,0.28494804000366014,-3.09650560097156
-7.223211927464528,-4.914525949199174,-0.37753279752566915,-2.3458529734396727,-0.17029854937787314,-3.3166616735970074
-7.437126051971923,-4.940203925084106,0.41266759100605915,-2.956314094257104,0.13285162724488284,-3.3083634421897
-7.289096455516814,-5.340349129792037,0.10362908403481152,-3.2790807849594445,0.21683085116077128,-4.524068310621592
-7.62084701016245,-4.327405326306964,0.06385501562546882,-2.2924082174799096,0.09609254681900492,-4.107771442175067
-7.618448801297806,-4.146783331598597,-0.03851099271602741,-2.555079015170056,1.1513209875566521,-3.52927745457548
-7.5042000254465036,-3.8202146906460266,0.25099468917149054,-1.7563887011302557,-0.6574267886879804,-2.967536844286282
-7.6064689992800085,-5.014221604138009,0.1288759431711089,-1.699626538073455,-0.16015184035842467,-3.1509820747945585
-7.691698700888243,-3.770977279509769,1.0011691838192587,-2.488505533983108,0.07714146181598547,-4.2065645674934
-7.359896813437407,-4.7835541303912255,0.135890819979089,-1.4940514942888987,0.18514803540104374,-3.4051132730760356
-7.834290047890705,-3.6395913123896966,0.3928624185553102,-2.103286916075696,0.6390759950105576,-4.219754407649193
-7.763392763282245,-4.791680246966959,-0.35372123661810173,-1.5109110652538464,0.19787321266344354,-3.885020504796107
-8.157901494943571,-4.461454621993511,-0.7966983367308174,-1.5702823092208122,0.40349480295284446,-4.755442092026057
-7.731578713522636,-5.512860875177646,0.22919070748807838,-2.3520079576809545,0.11952962990599686,-3.3188861726943086
-8.124307229239031,-5.493947466545817,0.3741282901445206,-2.8455593078917074,0.5468589907552509,-4.555407892142979
-8.273988494227615,-4.484683611508786,0.5569116139295308,-2.2229578561261283,0.4993882874363632,-4.15874362198101
-8.054115926996355,-4.928589496631043,0.2998378087370952,-2.337245693393354,-0.262182671652078,-4.283821639303893
-8.138720271576918,-4.256144516996107,0.21067742242234322,-2.4810136394657265,0.5213256398459036,-3.6115285274436753
-8.208154310883556,-4.980643379636096,0.3605483324117949,-1.599217900866663,0.3386083042753102,-4.31884713108117
-8.159696915237403,-4.997385000348814,0.9322205806354783,-2.3112356777800205,0.3625708680603761,-4.484527185587566
-8.00648453047335,-5.146067791703,-0.41725140182666937,-2.06840331317673,0.5155907483775345,-4.343779107451439
-7.872546224099793,-4.798859317343275,-0.15522154442556652,-2.310306485163445,-0.4578476569943205,-4.202600245367774
-7.966226682481788,-5.091710036959595,-0.8393681506277978,-1.7721470798461048,0.09180070806386703,-4.714087618390021
-8.428332995236312,-4.15526139621848,-0.3078923952436313,-2.6205582724015386,0.1870525611104873,-3.919875764416219
-8.286957857882545,-4.681990628441884,-0.760227973225374,-2.211603513018683,0.2220800233469108,-4.1019354500664535
-8.23384305362957,-5.033788041359873,-0.052066914998796454,-2.1791772369864795,-0.4106500193671532,-4.265404370335563
-7.752198038791381,-5.244651730197013,0.5088563586810821,-2.2895162984420914,-0.3178983078799798,-4.769747121879017
-7.442055206371688,-4.280576457844212,-0.6993929052193782,-2.72341479012773,0.1189239022402214,-4.153235490858891
-7.267695562773412,-4.178142880322987,-0.6229894599802676,-2.0949400137120167,-0.7821790792349665,-3.898365199319137
-6.853311858105734,-4.0736779546205755,0.651400561128768,-2.565208835428842,-0.05295302300975174,-3.1277515684100994
-6.635599463110117,-3.9666818831644273,0.5878973126825895,-2.0658039128425054,0.017213226089899863,-4.570104978113803
-6.533706933096112,-3.758329340736144,0.2693956156308711,-2.5183584188993713,0.49316560079905997,-2.369145944757462
-6.510171893862738,-3.7966232174233863,0.04998602508599091,-1.0662298604839369,-0.30170085842760797,-3.2847345974881597
-6.750069120552031,-3.9259392594704186,-0.2585065528967002,-1.3593823120662696,0.7403906503098912,-2.753434138028198
-6.863047537459077,-4.221063264863027,1.1688174674502492,-2.1914239954791044,-0.813379838990171,-2.4579263906268016
-6.572573859747689,-4.673637863362696,1.5595480082932978,-1.5272633094398693,0.4955811943265507,-3.209121375647782
-7.066907002079031,-3.628937615315881,1.201905313820638,-2.352382945595835,0.8818642783817676,-4.1124731477069725
-7.24073902775354,-4.98123534592353,0.12884928733349327,-1.4697654099765936,0.9573995712012817,-3.596643289281788
-7.1362781229700945,-4.213133831819712,-0.09411545111457018,-2.7416485694461765,-0.30183034750165705,-3.4017569221275776
-7.155439298507442,-4.263242887864401,0.9828198400923668,-2.4769981320500527,0.4531301701285475,-3.456288171034641
-6.9373774393985155,-4.554382096642783,0.8901462914616693,-2.1825227675263155,0.32454800344182944,-4.372742729577905
-7.016454484445989,-4.06749122212157,0.9352336163769128,-2.8156155794593865,-0.2662772480813063,-3.0104362685337067
-7.043550187522528,-4.319469396626395,-0.04313501793773483,-2.624668712787718,0.9433315063554131,-3.8884549981159293
-6.633329729201002,-3.6543173226861403,0.012885351842337127,-2.057056898695963,0.32403905797253646,-3.4514826684306232
-6.4463424093254105,-4.073138123966835,0.17783284414405642,-1.060984784713926,-0.35762065330142545,-3.172985374317507
-6.441876646763132,-4.0395945039530465,0.2545702299149777,-1.9106705397475825,0.0035961035764361104,-3.9604683809099117
-6.439010960886078,-4.55888029303744,-0.47391159754058254,-1.9650479237007692,0.29698142877381767,-3.1375682936391187
-6.268859748780169,-4.407813347694635,-1.10846798973248,-1.4900315717932515,-0.6084481430470475,-3.475310066668094
-6.474941035279923,-4.014617530177539,-0.2927040272859618,-1.9792902119994595,-0.3886775489663124,-3.7566237017463364
-6.7899926711841365,-4.370052140784989,0.046075890560467,-1.8363163482404339,0.9335123527003754,-2.7289343090931086
-6.574488305115888,-4.849496653511892,-0.028980881702433736,-2.7139406287525683,0.5315474986652722,-4.004809443084012
-6.784263934565102,-4.369511486608154,-0.09151950235274084,-2.9154558205766006,-0.031781981793542226,-4.654594573420113
-7.00656950849877,-3.8616142752052736,-0.4180513637793252,-2.27760601950222,-0.10803658809863781,-3.634821838144246
-7.049181390968652,-4.015761562871194,-0.264542293362384,-1.6635280001795842,-0.22604994531517178,-3.3461079106840965
-7.28371845988865,-3.9218498337944676,-0.509704209590978,-1.8299039564177482,0.07630245802167684,-3.1696643197009493
-7.269857477144164,-3.9961875715240764,0.19529468253409124,-1.5964337148209746,-0.24419285021478593,-2.600769705627033
-7.201319272624468,-4.249079329952547,0.3747765010431266,-1.8992911027683685,-0.2161829230864914,-2.925585995340733
-6.347730954152176,-4.292393677404701,-0.07496458708210367,-2.3030217707151786,-0.045297360207523174,-2.7719181227379566
-6.549622259470416,-4.443635701983826,-0.2595296128078117,-2.4492415285192495,-0.7133457920141806,-3.3796797557918796
-5.709713092919223,-4.596476528878345,-0.2611982806676046,-1.8618179852200198,-0.39458182869518743,-3.195643984667683
-5.794321807256207,-3.497010878049809,-0.39426732874167175,-1.9951275600646974,-0.1954475645693044,-4.0244413171777
-5.853971288149868,-3.3177804434361318,-0.754207790872944,-2.4631960765628684,-0.3353555132428748,-2.666753278238904
-5.763056803270053,-3.538401041977444,0.06889794923131196,-1.190991749323859,0.06819656235873922,-2.838334631250315
-5.48479307007599,-3.6336194873007877,0.39588116197118195,-2.3067600856652555,0.19570403002957432,-2.561133638765654
-5.157651472734421,-3.653448265756459,-0.34939628893129215,-1.6328496371272856,0.12988566924723813,-4.178442472095692
-5.045119023608164,-3.472693504390003,-1.0310303441738649,-1.2860515837341868,0.5901930915503293,-3.655096861403688
-5.143936484831972,-2.314580643132271,-0.28799784171280646,-1.9334943313247621,-0.6031657468828573,-2.0423381489618273
-5.2563732306474495,-3.677219076944154,0.2747015019693868,-1.2257834192030659,-0.7790378720156845,-2.7279716400678704
-5.004612824101771,-3.2814662346096597,0.05745775504745973,-2.138109388064444,0.021618171491241622,-2.791231796071481
-4.709737962163242,-3.335472164166186,-1.2953360155341633,-1.5770946204292275,-0.016562144365930457,-2.736771059382732
-4.629475876325276,-3.036584055692816,-0.5410347361569526,-1.7659366779772934,-0.05863746628456823,-3.1739628674979556
-4.648317893268462,-2.153545153845382,-0.07063931384787527,-1.6384153311409333,0.16710876794160331,-2.0394001407456477
-4.667444172765657,-2.920612204780364,-0.12655128369274382,-1.1791018306197238,0.313440218691583,-1.8835012184062903
-4.596857260014696,-3.187462534609488,-0.6005771402977406,-0.60292737247939,-0.12175080359257337,-2.785545090321352
-4.167527510337907,-2.526852389263009,-0.03926886774754612,-1.6489500974173574,-0.36770009234981793,-2.4968951722191037
-4.582348961427495,-2.3821032753856968,-0.055744365034212574,-0.5232409010940028,0.018692078903067753,-3.430570222814466
-4.610544591262881,-2.4028628828624807,1.3530287570438893,-1.5154072152162839,0.21414485975853767,-2.195451275543059
-5.016686847126938,-2.729716179062184,0.23172394549613068,-1.9502936424045987,0.08154778660210132,-2.131458400977444
-5.139138799923624,-3.4958794391995873,0.2669228192218846,-1.0792125901097718,-0.3808140606256257,-1.6745222670960935
-5.653866285237119,-2.9165349587414426,-0.4662002894251409,-1.0822464190007384,0.23278634213522215,-2.489450424381447
-5.648605214735202,-3.5883751104380233,-0.6530593138851389,-1.943031367363232,-0.6979641028808051,-2.1653739371593583
-5.985558609361591,-3.9098922297295604,-0.036140790803860984,-1.6756343471723099,-0.45669675313924063,-2.3914642206902634
-5.888442940687871,-3.8935938521870312,0.6070492092559124,-1.9324887787671132,-0.4068911795680557,-3.446417486334594
-5.96707420751126,-4.019266907951001,-0.1808143475667959,-2.512203855554577,-0.693079562580594,-3.8334355619127845
-5.778826038509707,-4.127493663008078,-0.8534935702766803,-1.2932740254823343,-0.32692415896601995,-3.4066249876496553
-5.586130894559559,-4.0762213153490485,0.07521499380763602,-2.156170703463835,-0.988688335918029,-2.0540688422951927
-6.064593473764239,-3.767918878672337,-0.5013556112926193,-2.6367748483636766,0.5711235614256726,-2.288982181241736
-6.207318209558024,-4.533526283748952,-0.8106182568099909,-1.981602926745009,-0.32708841378162523,-3.754223732759811
-6.140905633365156,-3.595157622559654,-0.045598905635254094,-2.3932130906618707,-0.7648960345537011,-3.4350327277444106
-6.1371515055386965,-3.3685131602302008,0.4304990907267489,-2.366283638898673,-0.5919284452371429,-3.612344622360583
-6.454031128025897,-3.5417670329280506,0.5067756152060751,-1.244582982600976,0.3307943632550669,-2.9635195128940577
-6.094112193922646,-3.8451782914404506,0.3868963544293468,-1.1787023028917512,0.24878259934354607,-3.0047821202888887
-6.345459171555941,-3.1616470996165997,0.46758163585150964,-1.9428241062935974,0.6779247912836742,-4.0302430108616285
-6.362095183998315,-4.098073251896503,0.1202270347032348,-0.6272791346155505,0.1605556012650994,-2.9998655874219153
-6.354306549968264,-4.121204280536955,-0.9653387588519443,-1.6557406381700899,-0.20348732809181597,-3.4712725981123524
-5.961448859013944,-3.6057877411165014,0.38052557282033117,-2.2426490738839444,-0.4819239295873072,-3.783640168614375
-6.2598807947225374,-3.8240910781224495,-0.4080505723081168,-2.2167822668321486,-0.4732718182891272,-3.0871448060697815
-6.189502120454506,-4.0232638241754035,0.7279812075217234,-1.7936053032119166,-0.03813519721332606,-3.4688172152981256
-5.966202043829603,-3.5827368341936876,0.6060089556818742,-2.11388779410682,0.1481804395868753,-4.0382432172848866
-6.2079773774149105,-4.029309931269535,-0.1292010752462817,-1.6153988304217781,0.7210547298675537,-3.596113338332202
-6.122944946691519,-3.8467552948246113,-0.5558158923387396,-2.290786797305878,0.18907782934406395,-3.6445306879362964
-5.8194468225795255,-3.9336084518528436,-0.2896051545327214,-2.424699752350371,-0.12104455281735593,-2.9323555444559006
-5.737450445618463,-2.919753112559548,1.0325342868473955,-2.089815331813228,-0.24305303533591627,-3.246087482259425
-5.988856199746168,-3.2978300586336444,0.8929044393204619,-1.3572929919363608,0.6877951818472847,-1.8093568366511228
-5.937569594089917,-2.9898258705186693,0.2113511463604464,-1.2618948629203681,0.22876983957469588,-2.713075714294949
-5.878955319308277,-4.105181696829596,0.24431181621062537,-2.111906778379959,-0.270415550256803,-2.95381578974485
-6.072102523500027,-3.5949448541148614,0.39064886590818976,-1.9740330064107225,-0.39199663753265457,-3.738020322755177
-5.895925224976575,-3.9330910453751793,0.4146708888608578,-1.7328074725056093,1.0357986877562089,-3.1174702644314385
-6.103881308819309,-3.5006842919752117,0.037520071977177216,-2.0270128749638094,0.1533264752737424,-3.994729371982728
-6.3926704513450945,-3.72843597330056,-0.0634115969425956,-1.976817855931606,-0.055797405639703895,-3.028075439164688
-6.125846414387737,-3.675960988687755,-0.06862934669580412,-2.0808581072238486,0.20347365066235454,-3.015085389283695
-5.8661013134337905,-3.4400135994801837,0.33614142721350265,-1.8773474578069898,0.07052395213946562,-2.6656756600228197
-6.061723684254629,-3.4470882288801294,-0.21336146118438198,-1.5538949236339104,-0.19518602882020078,-3.00859503868488
-6.089923316523264,-3.7248718062562807,-1.17164849615705,-1.7864712475794513,-0.14946176160296046,-2.1711731000176293
-6.454662806075927,-4.698832309241692,-0.7638058344494213,-2.0548025695977965,-0.6269168201132204,-3.39834022682036
-6.122359604230799,-3.841654993938634,0.20116701083365524,-2.497661376036791,0.10495353346297698,-3.915502317266449
-6.367840615906337,-3.8499415600967524,-0.7977742354921792,-1.6189700501002737,0.991082280150698,-3.407651735473343
-6.597447270442428,-3.5999224110215624,-0.8318148747897607,-2.630817201002084,-0.09897165363491639,-2.771794303966353
-6.466563434472569,-3.7324921008467307,-0.3593752984062069,-1.731585857059461,-0.643975486660141,-2.3839846868282057
-6.572067248355724,-4.847383773761827,0.28006356070309263,-1.3556576973109937,0.44375537849934993,-3.11730333414723
-6.404435937934396,-4.200353776869724,0.3632766590147092,-2.2048429647051773,-0.21142676366778512,-4.10424441264924
-6.066352994970707,-4.125211763606955,0.5963118430545141,-2.3936074258352784,-0.11292797737718518,-3.2353807499876144
-6.366348429213826,-3.3410730727287064,0.3572498724343305,-2.097904061920717,0.6425502159677767,-3.7578855470203476
-6.430505109512,-3.4129381184802132,-0.38144815383562913,-1.9771447151559014,0.2828086760597559,-3.003780403049277
-6.746340028445498,-3.3051541700909057,-0.41898601806234914,-1.6258060421863143,-0.5562393980809884,-2.8295359538085734
-6.790174237923862,-3.93375448053039,1.601327395703386,-1.8048270238719986,0.400416759889902,-3.721867815365951
-6.761878191009533,-4.120584256498219,1.4776124660515522,-2.6601976581244267,0.4821637725171153,-2.5678172230533542
-6.649057312113301,-4.3312240374773285,0.023855685059206766,-2.284172236709035,0.7355241400422193,-3.013370210516755
-6.33333040827355,-4.522092291290974,0.23516279657232628,-2.696785024336041,0.22284308250918808,-4.3898440462132875
-6.4010005145941316,-4.255035843109205,0.22262406206478635,-2.6707510793890323,0.05641669280180306,-3.722674967442467
-6.082544883470004,-3.811137670759601,0.37031393600471185,-2.425995822977422,-0.33931317351189316,-4.035188958157727
-5.959564207975834,-4.489487724372052,0.27940603411508497,-2.219839646686802,0.6299285950443472,-3.3559875925228777
-6.38466688190673,-3.587315217711406,1.261732401033601,-2.091010278460663,0.2715723160640878,-3.992391034146569
-6.6029389864531485,-3.4295177812969375,1.4393572128430505,-1.4648827284122323,0.7352086371007247,-3.6400824311170252
-6.2196799289310665,-3.8484486726116307,0.01024083484704047,-2.3705148528342965,-0.24060065512178763,-2.6809816641049684
-6.462409709089539,-3.5155641561798094,-0.9915115351945244,-1.0761920278854995,0.5599204373708409,-3.533727469311267
-6.459756117080455,-3.4285946175197606,0.1463996678335993,-1.8951963656201842,-0.38293352778798007,-2.633445114309248
-6.293593220996805,-3.9238877682757707,-0.02261832065555367,-1.1623643768581249,0.5423681481105942,-2.7298698552318434
-5.777860499989927,-3.126966553146331,-0.2000083773098746,-1.744937706723665,1.2993631206236145,-3.691671714241715
-5.98466407565513,-3.3078226788023595,0.14939640090731146,-0.783427682903158,-0.3473532242437634,-2.259898639872589
-5.635925174250531,-3.9751969821628057,0.3971428363825172,-1.0908078172995004,0.55148853288909,-2.25071192013741
-5.574620868087845,-3.413049421446069,0.23219685593694078,-1.7312844373803462,0.1713110757309979,-3.5341427203801348
-5.889198361536122,-3.2559196238329258,-0.3063590700450638,-1.7173070452971175,0.17901625969027601,-2.6581133594532966
-6.077394639311186,-3.6406033477406634,0.6409223631591547,-1.8013306058290666,0.07041086691495545,-3.7125909514597195
-6.314554974228062,-4.341405555211556,0.6828131082936629,-1.3732719950970693,0.8608235718073158,-3.273549194079058
-6.227011144000169,-3.9754486597542447,0.7643874749136121,-1.8235925693953052,0.004665725265196541,-3.6897666338437993
-6.466812083297661,-3.2730190653738815,0.40063984207148534,-2.0613695027239882,-0.2027446739995164,-3.8712452437899705
-6.3484322568864995,-3.7225972502528375,1.0422501593185802,-1.791268152947442,0.4667295235687078,-3.0292735143722864
-6.461917822095762,-3.245679816433357,-0.16655450505205777,-2.8769817921246843,0.7360437438391398,-3.375070989959987
-6.585020041531245,-4.162803130137478,0.7961912265432889,-1.8948675698280426,-0.11877949758863526,-2.928146716234636
-6.717576776219106,-4.297291297271453,-0.5480720973049561,-1.5688680224829312,0.34838720627152014,-3.2568788201927363
-6.7960031383710175,-3.3595182857812986,-0.4941704772781216,-2.223922391456159,-0.3965767907328332,-2.9306931316572267
-7.012711246031233,-4.0735032094158505,-0.4456148150704348,-1.6796511012553774,-0.09382365174996289,-1.9730049727860126
-6.911836772125522,-4.077107170246116,-1.3227114258965307,-2.0215996069120856,-0.16086591628759087,-3.232373922269623
-6.920440258427962,-3.901884379366999,-0.4231194742966537,-2.255385904000858,-0.9081591046142826,-1.9485641749347111
-7.135197491562332,-4.750528255406924,-0.07686438605895787,-1.9043548236629309,-0.5425380099943955,-3.629171308182162
-6.821678091830995,-4.053754685107471,0.2129454683713495,-3.0837460630602074,0.704012313508022,-4.492616881354663
-6.363109847542836,-3.8620737583847244,0.5746555735021479,-2.368871254917088,0.145814125276349,-3.9982128038157216
-6.354397976091248,-4.633310111154665,0.04746054250786444,-1.482323218798527,0.1974193667811147,-3.6565132070955517
-6.5224961459401785,-4.1701413209725375,0.19346795093574343,-3.21872527896695,0.18183613828645626,-3.428462544469413
-6.582385693343468,-3.8779234712083928,-0.5159110523142814,-2.6708836078117044,-0.3335050583007664,-4.260065476622942
-6.329203972076002,-4.128577980716665,-0.33607879091274295,-1.1570847294396978,-0.06537942205022698,-3.346314256951973
-6.440114195638634,-4.672084959252461,-0.39900947109221174,-1.6767927775889093,0.04489236593745449,-3.326713001940281
-6.48128220618951,-4.485952546615121,0.24836928980286405,-2.571995012247753,-0.614124933593897,-2.8877426635100227
-6.21858554663352,-4.494273974369696,-1.026835533626823,-2.2959145426505554,-0.08962836890782426,-4.573956390343355
-5.635156875338373,-3.541224798834875,-0.15178070309675729,-2.5239429668777333,-0.12182455457952823,-4.02498252534496
-5.7201598274506225,-4.032693151227144,0.2599667689836027,-1.1318012554770442,0.012243404650847396,-2.59556814485752
-6.042785754436268,-3.896855985110298,-0.3835925313190157,-1.9162275065476364,0.13038002836073953,-3.394631492117704
-6.347006512301852,-3.6450650128500235,-0.7483758942611259,-2.134662704390589,-0.4276798094709112,-2.529122698475695
-6.371704215759672,-4.0215047804541895,0.41050869868512485,-1.724621992905549,-0.32154076420698435,-4.040755475071254
-5.943202723880498,-3.5244552416026185,0.05557580608932951,-2.3115638792117186,0.09826572684214409,-3.7658661241512745
-5.57240317905148,-3.4191002236559433,0.1723774155521367,-1.2189539619593175,0.484766841195341,-2.7779165648172057
-5.998921383162719,-3.7449971618354287,-0.2961263350927008,-1.418536634377652,0.13721174292087523,-3.454312561962253
-6.055544647066087,-3.620615425125535,-0.8358940683871995,-2.534647582512588,0.09308046331676484,-2.8580776905810588
-5.483160099062022,-3.8024924905686532,0.1731684242325114,-1.4830796752529731,-0.8934231797329513,-3.7760613741821936
-5.383217339439489,-3.3047603734107667,-1.0271743041042103,-2.309351562131695,0.10979019175430997,-3.645536824997581
-5.255942898202933,-2.669784036911161,-0.2984885793975683,-1.6496863730647344,-0.7183268436262706,-3.129580657940686
-5.659213817307952,-2.9176256403956504,0.1135220535334495,-0.34721360377845345,-0.36812982800078925,-2.497652024594824
-5.831941374639417,-3.242852076592926,0.1401134666256469,-1.4801627579692296,0.4799391881625927,-2.4549917812878794
-5.536089160272203,-3.5039767927432286,0.3112829668082353,-1.747400694599321,1.0267124901428066,-3.1225496063768565
-5.446709207181678,-2.6074051967147995,-0.2817246450785957,-1.397257864851933,-0.14682676481316348,-2.720706466584442
-5.369400490798712,-2.9647598374177377,-0.3428297745109481,-1.1479804419156356,-0.026410372477057353,-2.265320852777104
-5.240084143018816,-3.19800296126922,0.011844898392945308,-1.7387862851038942,0.5403745865006178,-2.9449359904413805
-5.111793277354892,-2.4402315780315695,-0.15656690163283285,-1.9603944955241464,-0.2893673453469547,-3.2451469900505345
-5.014753762069709,-3.258487364316042,-0.7334954002741707,-2.0810621181574986,0.033541780998103066,-2.5463878826574735
-5.461170785249266,-3.5319190165958014,0.3227560814047781,-1.3104662061467347,-0.5738144897047901,-2.1044741015207657
-5.236305623571422,-3.6435354920336818,-0.40719711101558065,-1.5237494262081768,0.024151180277844506,-2.950154426971764
-4.854633965039793,-3.105265865272671,-0.49650356998965245,-1.4399166285559184,0.16076815094800787,-3.0874060060463666
-4.94130572929559,-3.335278376089954,-1.0183588022573615,-1.425289242006442,-0.25375430357275547,-2.5681975549745317
-4.629529646405372,-3.059255558470414,-0.8991691952083456,-1.59215480268049,-0.689007495932751,-2.0465430789011916
-4.3569536059214276,-2.0600250761117884,-0.12468409501812594,-2.1291858910792643,-0.362758190525611,-2.435956847266406
-4.631320119959605,-3.0568051610680076,0.11295204240342638,-0.753789610746193,0.3732602692443123,-1.9446066200378667
-5.187159464479088,-2.5529080706904983,-0.44951114786198937,-1.5199231231290575,-1.0324202301156247,-1.7444853040373427
-5.146162512602939,-2.714313439660787,-0.5443906763586193,-1.5474700405080086,-0.4551853061864816,-2.0638362609150476
-4.611850974830251,-2.9438129080001207,0.6484763860788574,-1.1722024562902655,0.09884330229048233,-2.9927522575996277
-4.418606473684656,-2.6397193581795184,-0.17249381824810686,-1.5628935050429953,0.4598738852772287,-2.353278039983934
-5.340515554931047,-2.3943027032910886,0.03769771037815825,-1.1414883397543778,-0.1100319057826746,-1.4955907562733581
-5.247103616194549,-2.7865125753384006,0.23014596321000064,-1.0521141517669048,-0.34412801721441816,-3.2376271011198865
-5.390239886799973,-3.2895007022838514,0.44951655190355844,-1.0727849387565085,0.15154965565210946,-1.6221600131358593
-5.478804898936172,-3.03178990626584,0.36866237885491154,-1.0441096020894485,-0.5028483017722878,-2.853690110502227
-5.224250067319621,-3.1912543343048707,0.8835469535457975,-1.6329766189015147,0.4503122990117425,-2.0011344773970805
-5.332148570919813,-2.6623391354269845,0.4302177421525123,-0.8394435698426546,0.6504607651124358,-2.701701571351067
-5.3483711237311855,-3.2455582795436677,0.40776360124256517,-1.255313368104537,-0.251063408951345,-1.466941867506106
-5.690426541875789,-3.1699853698979856,-0.09372679985373675,-0.8263843878163784,-0.005967753443904877,-2.9814927130921265
-5.855671617075927,-4.539194722527882,0.8013305438495352,-1.9860878898084275,1.055024763722326,-2.1714640385276853
-6.187467101877694,-3.486421143818412,0.21944017206747476,-1.9311472629016988,1.0563330186688396,-3.5789868320724376
-6.349403592781582,-3.9917813398717605,0.45937427266934455,-2.1565455703048175,-0.6161874799555882,-3.802403176793598
-6.6183371396188635,-3.684347544719062,-0.4510826020496322,-2.4756514002654946,-1.0737168117421598,-3.9631664962964104
-6.7598950339352895,-3.363192412047644,-0.4380495245508723,-2.087590796075191,0.1719363444598263,-3.3312300012234224
-6.7725864516370695,-4.07945008099348,-0.5491050017892801,-1.987634656782789,-0.10721008411852072,-3.098636743567752
-7.05597483159455,-3.892815678973671,0.3312156693135136,-2.2189501341536393,-0.16144478190158804,-3.4938167144812544
-7.316252112773531,-4.48198960087968,0.13461281530463598,-2.3243813737348753,-0.5166206643812046,-3.5699596922969765
-7.146160914898414,-3.381467790800931,-0.30694583209803905,-1.886720538978747,0.5755771791860457,-3.437085626699359
-6.590301422416842,-5.311991503202497,-0.48558474136568275,-1.8691841387416188,0.10050909737979943,-2.8572851293802866
-6.507659639126507,-3.8013578236651053,0.5147795789252314,-2.33643058056484,-0.5700589932873767,-4.826846138472252
-6.02342546221916,-4.153887456854358,0.20488464125110334,-2.1492367092514,-0.05373741708521046,-3.7163591612579463
-6.408369803000258,-3.692057028393264,-0.6887448087349233,-2.314114076555339,0.5248175706777595,-3.405953905940012
-6.328774498976863,-3.893433248112145,-0.5781836463977023,-1.7016280727440558,0.010980372391100834,-3.3256200561010694
-6.0050373651796,-3.4801258519790452,-0.1694604394653393,-2.1426575074917324,-0.9563088051865376,-3.1017122014924565
-5.787440146235612,-3.4341477545327836,0.23683553406418295,-1.8794977123715175,-0.39048267636437267,-2.8030212141109607
-5.659505921376129,-3.028694412064544,-0.20939888520265826,-2.070220083085432,-0.13867513789074298,-2.149540135713571
-5.398931340055956,-3.280751268968257,-0.24182431850630876,-1.4524303082227368,-1.1820051000720146,-3.194389088107501
-5.414185325188741,-3.1405177781014055,-0.2508530338315457,-1.1885827093049606,-0.2253440412640945,-3.2610823788060332
-5.316729827635427,-3.3109365954420054,-0.23856757693336544,-1.6869683767119343,0.7963939064717761,-3.675289387961444
-5.4332299985752215,-3.502494893494368,-0.07341478590420565,-1.2955379648696894,0.22987604071450957,-2.8476234390672546
-5.51443212517833,-3.301852660604257,-0.0780028528870852,-1.782596657997489,-0.10456555496840206,-2.7141831576107682
-5.288468505729971,-3.7289248348002575,-0.638530929665414,-2.350333542095538,0.31535781898820575,-2.7209142132269952
-5.13688825095014,-2.459101854285927,-0.9063083980813584,-2.1080027806582717,-0.18813004902166325,-2.888155116649655
-5.432982177688961,-3.0104642407297337,-0.545054698680741,-0.08656169695708082,-0.2420734620917337,-1.5505915568822712
-5.0712802341313745,-3.655467615265648,0.020488608643037087,-1.081330676037573,-0.8172660161315153,-1.3328559157593918
-5.011278641665898,-3.17897057849156,-1.3189651910561768,-1.5661546792636478,-0.08661410575869186,-2.5257236280004385
-5.266285891979587,-3.035345346218581,-1.0486807437106567,-1.576859022329814,-0.6669398168473993,-2.08148023540209
-5.521348104521304,-3.132583546722302,-0.15802141944702225,-2.140359053963724,-0.9470843709516676,-2.591843940927635
-4.926988104915215,-4.003062792770636,0.24222848011529882,-2.8104869994088864,0.23001286942294302,-2.883022940358828
-4.584608314062104,-2.816107863805718,-0.3676904163211311,-1.6630620111741727,-0.08209406323647321,-3.8583328398776433
-4.577029464732586,-2.7564985902420265,0.1610310483838251,-1.0184553967990646,-0.33185024223526444,-3.134391710747809
-3.983936854298632,-2.9735945123266507,-0.25400755375607564,-1.404570623549887,0.09128486321512251,-2.428427453453279
-3.989167023383335,-2.320434381770857,-0.09608338184090967,-2.429792239758252,0.6507475013007095,-2.5765315024609
-3.814980237549239,-2.581900318529701,-0.717875685319285,-1.4291435374135943,0.5494561530670543,-2.6461485425850166
-3.5875562414672117,-2.470035718391121,-0.5405729319323831,-1.3891702253451248,0.22638777660400605,-3.180999613709928
-3.9822553080495418,-2.587534592784907,-1.1358244624246234,-1.5596578796724034,-0.8620216744091089,-2.5128499437846563
-4.586669652329566,-1.909185024865645,-0.8497417006112276,-1.1323320682800124,-0.3793427161008383,-2.7805608569907134
-5.047495140042983,-2.7692857221561455,-0.8245005479505085,-0.6073218005421552,0.021050286609637148,-1.3608229566482888
-5.268762199263366,-3.157034096040688,-0.23507524818315853,-1.4651187664759728,0.4850509396037218,-3.0016966641737546
-5.3391652440400446,-3.747613917571435,0.5353518791431308,-1.8360160181268443,-0.3056454983003193,-2.761104358198266
-5.81795239192191,-2.936984233418769,0.45824859391195893,-1.6704568287785384,-0.13400871805918024,-3.1308791523444106
-6.087784463792636,-2.629384264284795,-0.028823752212168652,-1.430213965670882,-0.29171119283008573,-2.466858341694743
-6.4933232416116295,-4.069119932655098,-0.6081523219211564,-1.492415913020671,0.36325809735081316,-1.9804340756922012
-6.336424643137431,-4.112519687141237,-0.7319079793716181,-1.9257595235742735,-0.4945889229238277,-3.435291946915319
-6.204017035378446,-3.7114309502416485,-0.39395873441213647,-1.419168461162791,-0.36150671134344625,-2.866822733211545
-6.036206015186239,-4.163265032932477,-0.8518086170670243,-2.1891538283487826,-0.49951746053796797,-3.0688970765713983
-5.851812800761692,-3.49845357362171,0.3720366232322541,-2.2599043388875226,-1.1736199442787594,-3.5357368838487
-5.844081742653195,-2.668591561375682,0.20307536373915508,-1.2529881683336261,0.46283901659289595,-3.6079273682372537
-5.997980167412218,-3.816611895196058,0.013500305657495437,-1.1341099706937938,0.22399368518194387,-2.7880644399904115
-5.638935154683381,-4.290416559144232,0.05520525860167878,-1.9288430909360168,0.1178827046321601,-2.525465137127508
-5.740178075621365,-3.308504298101942,0.43053071130410725,-2.6712301231871476,-0.543984605952334,-3.0206645836070924
-5.3813828221068345,-2.8458241569008074,0.29061382859359364,-1.2316082094343281,0.4456637763135314,-3.572977789994339
-4.861954196797131,-3.3831652031087494,0.3553348646822146,-1.690220080572523,0.21895904404298022,-3.197088915080091
-4.652052214191273,-2.7689292745485643,-0.370184947942349,-1.9002307364976385,0.03636646078300437,-3.2537366027304135
-4.700421043545513,-2.2372074776953075,0.8336342886259722,-1.2426730552760994,-0.15819168540292056,-2.086219117786844
-4.361429925313247,-2.8512281731801887,-0.16481890451597297,-1.8473870306748859,0.782694559554747,-0.9063350221191171
-4.337405137926321,-2.3733017485571355,-1.1119507338063002,-1.7872497530497264,-0.3312673384721732,-2.2367876355330956
-4.261038900272504,-2.8622853357964586,-0.5776396078111908,-1.1363164521902347,-0.608566514527467,-2.752104716706416
-4.360807854716012,-2.6278647268913558,-0.0034955707157651728,-1.9965461071975033,0.1645700054257394,-3.713900389186258
-4.494717401224543,-2.5572131616810414,-0.3111478984916875,-1.0892676403245836,0.4493076950181081,-2.7946715776592796
-4.318742700024498,-3.381446190808015,0.004564824393224309,-0.5183904786668767,-0.6999692102927548,-1.9070808691192465
-4.201754716765174,-2.789076372879342,0.13918783848250585,-1.3598220349478067,-0.6223210598199486,-2.5554438715026353
-4.370917119730911,-2.3495537150776857,-0.296892619488764,-0.9635467693517978,-0.0816271693417441,-1.9699595265369925
-4.355994920097531,-2.725731109134972,-0.5354338904656335,-1.2945712138554888,-0.39742101279768427,-1.7195101670320025
-4.285601063786103,-3.274207350154262,-0.955955016274399,-1.1929917732851842,-0.5402881277040673,-2.145362563000965
-4.051321590353346,-3.135975540102136,-0.9222629235850993,-0.9673310021190129,-0.241753693324776,-2.859463005430174
-4.331503726147226,-2.907021888657332,-0.5318993015291695,-1.214622900414832,-0.6796056308765681,-1.9386148845990654
-4.451692402078229,-2.7694228708938557,-0.6812448822674082,-2.5031776553292326,-0.26106715128127056,-2.484361787749661
-4.204269578113839,-2.206268896901518,-1.1475259286719122,-1.0564717174478655,0.2283194725725018,-2.715909994226537
-3.900100527883012,-2.23734272078649,-1.0798797960550262,-1.411599553290737,-1.1195711044379393,-2.4234000021476025
-3.8984411862942308,-2.189630904051487,-0.7361135429253095,-1.841966382394852,-1.2827909358683551,-1.303426053465976
-3.6273011474738004,-2.340264569164754,-0.7454824808344966,-0.687012627945214,-0.12676517385388159,-2.011219999462757
-3.298754923080021,-2.163909309018429,-0.5890009818509592,-1.1772717398993335,-0.40729781140221566,-2.039191742509268
-3.276894451731474,-2.398624010861823,-0.15949654656252396,-0.7612362905490355,-0.626154475846887,-1.977034760556287
-3.3654785935474893,-2.8137782471258177,0.13120284236085075,-0.8429480794591282,-0.33459475766987523,-1.2974260473794597
-3.5089280709023356,-1.253772740101124,0.014939059841249974,-1.5178244070803761,0.5480210908137239,-2.2030066540435307
-3.3843024218142888,-1.7662161920213515,0.03946101265806225,-0.9010990151917826,-0.3876437852711742,-1.6522763353834105
-3.3543893089170616,-1.7464715025001025,-0.09857108897774605,-0.36121541608206775,-0.37455092983077853,-1.873655434779447
-3.7852611344109177,-1.890765785701506,0.9856151686862281,-0.6813148232294202,-0.5755117896035178,-1.3314796710781294
-3.632486739086992,-1.8408744307159928,0.1693057053386559,-0.020650442593621143,0.01542093663691052,-2.0389741199482287
-3.895813558745565,-1.7625499166403216,0.8538912916098421,-0.9746483424754557,0.08234614789581209,-1.7030790473776418
-3.6288054114226096,-2.4415187510293386,0.06621647542867579,-0.637759049708458,0.2663585414106484,-1.6436624411397849
-3.6256328497638872,-1.5186860166600322,0.41754264952514103,-0.9865648826162365,0.3478122796211771,-2.0003178716836363
-3.8379722087145023,-2.1068833800181035,0.4522559109750999,-1.328394467829916,0.035789210439817226,-1.4004981881876701
-3.991109568823046,-2.1108477104678145,0.8765445705635936,-0.5041717228535926,0.28627246905090376,-1.8326427881491083
-4.272088914106121,-2.3894441710236514,0.26892813776736146,-1.6022694088476004,0.1348068403172795,-1.790486213441729
-4.1480450508894045,-2.795780741249754,0.3113534973230615,-1.0071742444950718,0.0347396833675378,-3.5881017547983145
-4.2934556604748675,-3.1615493331847144,0.6329003692681077,-1.352813890458661,0.7586458846033395,-2.6395052687285894
-4.292810936346561,-1.9251809396194917,-0.46213801783352837,-1.614107717391003,0.2718108848248504,-1.941778467614087
-4.094367417952917,-2.834597731442863,-0.5764557715984284,-0.7646179480004264,-0.43450362915858737,-2.8904806290112086
-4.11033965754464,-1.8101077493462596,-0.9130430620419332,-1.3465838106161705,-0.5926523313368016,-2.562920003741359
-4.677158933906816,-2.0596745135105037,-0.8236438620028318,-0.012339416476173204,-0.07465861953718994,-1.7170718370377474
-4.806746746602991,-1.9823890006081935,-0.7253410653890306,-1.105336737501002,0.516794387223869,-0.748714229595174
-5.328985676006873,-3.151666097631324,-0.5505785174963551,-1.0231330459463925,-0.31426212740111364,-0.22115377397696445
-5.652154038349301,-2.9507883086170024,-0.05068858741671155,-1.5764618506033405,-0.17615917588599883,-3.0355106292791376
-5.620208179968497,-3.2602521893011294,0.2404929218621725,-1.2473137927436646,0.5447677252878083,-2.070007100255733
-5.598819795919265,-3.612127017865546,-0.5137312993829872,-1.7179785554175309,0.19713550128144794,-2.895537051083587
-5.879539755674571,-4.019762981173772,-0.7482187343750647,-1.9000437904426006,-0.793358696581317,-3.5441453212098377
-5.997710317527862,-3.375822978005264,-0.8924242750082363,-1.713792265144611,-0.5190583016601853,-3.602360877759421
-5.836481386486139,-3.9117197551556355,-0.6247248311198104,-1.209312097728116,-0.0032946145181796394,-2.5764387629751084
-5.558788000067912,-2.9603546131744403,-1.1760568120196246,-1.7990350309443208,0.15442262115436986,-2.907416568369198
-5.544110552663865,-3.1884150492862644,-0.4904716497869147,-1.604876470149041,-0.12327228478180485,-3.4051870607815045
-5.706583311202148,-3.576898517027276,0.8752701293022488,-1.6896810138685234,-0.5492210332547964,-2.545430639102185
-5.927462778244807,-3.0844033723072606,0.16977557138714958,-2.0679546260395645,0.6655524994269879,-2.5996186082994717
-5.610975949829019,-2.2599740361561698,0.12120316887516502,-1.1203882075367975,0.19786127831759043,-3.2174309554678193
-5.6400936875912615,-2.6827717236469035,0.7495244391125665,-0.5386553779019931,0.3625581902419138,-2.545928390718144
-5.49394514224356,-3.97904468990706,-0.39584385729272886,-1.2457223879925563,0.5090895545529268,-1.5878482706830281
-5.344804270127732,-3.690228119343087,0.1470398356835555,-2.0315130188273964,-0.7611842571708868,-4.160732564032807
-5.122611457174809,-2.8578831612194175,-0.33245024619041275,-1.4017750285195278,-0.1889109955758569,-2.89745804191073
-5.320958475758902,-3.024243112527902,-1.0226745111705358,-1.617291132496013,-0.3090157027110178,-1.4333791624866878
-5.778715570578703,-3.5904979803132413,-0.11536678566542521,-1.148816992557021,-0.289697309998188,-2.412485343928028
-6.062182455859381,-3.0963291394088674,-0.4174039923437893,-1.0869299014655955,0.14597641262350478,-3.3067040443720916
-5.960500899120761,-3.596340349228064,1.088514824465668,-0.963428225946994,-0.46309334327300056,-2.5145523938440792
-5.774631337283098,-3.8828560115169206,0.5252186014711324,-2.121977157466272,0.8307196910273307,-2.21069130591867
-5.320988269846522,-3.41093102784082,1.0595308220677735,-2.0659077034510975,0.7504838160998405,-2.998057714375933
-5.615724847446799,-2.9958208813653897,-0.19895858613912365,-1.77637537851401,0.4132403469308304,-2.471157348168806
-5.388013703951288,-4.142049351017426,0.6052490483674787,-1.3965512737942145,0.19829197450323327,-3.393280158853818
-5.58448239634428,-3.2241289539468063,-0.23866786665421588,-1.4198830880310873,1.0511353812129518,-3.7255437043871034
-5.426515221196207,-3.1956391292006683,0.2077985660748928,-1.4524726230777096,0.026029854318844872,-1.8390701337688804
-5.09577526688579,-2.9376207003655046,-0.46773737897666573,-1.2408702147957533,0.20910634129067268,-2.1069769921124157
-5.039353056596078,-3.008968942260656,-0.04008735315487434,-2.27610798450262,-0.2192543091530159,-2.762720841921864
-5.3952874500538455,-2.821928826543864,0.704982936423299,-1.5164169035081472,-0.24195628170292027,-2.6410258626188754
-5.0978566220585915,-3.239103818942951,-0.2019880408464807,-1.0637378137314628,-0.4924072770643324,-2.4590601308358506
-5.226644033222853,-3.2593653957839157,-0.1275113411314612,-1.5645020673885572,0.6886556718304949,-2.7484552543437797
-5.139130730494621,-3.355992651282734,0.9591198068651181,-0.9038125583203702,-0.04887533380174159,-1.859958284332845
-4.914070393010725,-3.1097307110514074,0.44129012335074624,-1.9276129015930512,0.41396454273178834,-2.1716578938840128
-4.918003822309726,-3.048755249477544,-0.025924365525704984,-1.1578747100924824,0.6665806313802408,-3.0886706250980858
-5.118580179543972,-2.339789467482934,0.18190215017584466,-1.065981501413748,-0.5111106310822466,-2.6135290726579563
-5.397761245950826,-2.4293841093122417,-0.07918561590487574,-1.7389349932546738,-0.5747852572417382,-2.3719241543789793
-5.311568065178028,-3.0636773736258824,0.2866217255489157,-0.7444178933637142,-0.736908484055522,-1.6280811053155027
-5.4051966611919156,-3.716311009812098,0.4517336725671085,-1.529856008009313,0.20915699845517172,-1.7900240107980228
-5.8807730479742455,-3.677212113172007,0.15089637603758463,-1.655957087222739,0.4915800836092939,-2.416789388017218
-6.041281884266758,-2.9841031937937257,0.5088821556556706,-2.49590484452819,0.3052965184544141,-2.5915799784971734
-6.118899800182989,-3.2475868281161895,-0.45272214206585304,-1.9718551279199656,0.13221228845790733,-2.8577057179157292
-5.904238384671789,-3.945173355640935,-0.4491324223760222,-1.5842272225528504,0.22146733422155845,-1.7211423177307485
-6.3564827446054215,-3.97715704129679,0.022931282180482404,-1.5650621805377705,-0.5550707878741021,-3.5742136248056715
-6.5332640023246205,-3.68461060801977,-0.031220084705757226,-1.7950979632049895,0.006865494399079665,-3.9184740942893743
-6.314928157231564,-3.4552644853888923,-0.03584535724324113,-2.12540081580186,-0.6533979248227008,-3.134769815916873
-5.926142350746284,-3.868824814008081,0.06971746113505306,-2.0757710497574196,0.6887684437750325,-3.5711066819551722
-6.143760628034756,-4.298093686402487,0.3059323363825273,-1.4245761408515047,0.2775642301409635,-2.8812931488273277
-5.97632552444986,-4.1115158608830225,0.011217942186573154,-2.2050770196912275,-0.267721590148043,-3.192960767699
-5.734291575285429,-3.43708825844877,0.7417696982550758,-1.6859277878034367,-0.11437071801742761,-3.778722777529581
-5.592190008040388,-3.332900629640194,0.029294473118068348,-2.1430210049585536,-0.055943193688490156,-2.5940354667460244
-5.326182985418559,-3.0870682806216645,-0.48403974254791976,-1.8795445840342069,0.01831985972735131,-2.267464534340378
-5.083936815211675,-2.432193647868349,0.25272407124672047,-1.8250858767307514,-0.5879658870161862,-3.0858723067597222
-5.160287131233659,-3.133333383805729,-1.1014580857719305,-1.4339251166921394,0.4145935354578078,-2.0738516270220497
-5.34049611956446,-2.806867054810687,-0.03545700305012717,-1.8740850078194287,-0.6377929364617396,-3.7361924972206433
-5.667694111875245,-3.174631201096267,-0.38187188112682735,-1.7815865991492696,-0.21956359603969447,-3.139697781504609
-5.616359942315864,-3.239670327757218,0.0982957329544056,-1.5823711477860298,-0.7691779510512887,-3.066694652458593
-5.738551944011409,-3.3398234781935834,-0.17215893657399098,-1.0496186149302016,0.3641567782556022,-3.2362394636902088
-5.535031081422419,-3.7655581555874713,0.2685035028606708,-1.3303653700426161,-0.13301422900770174,-3.357738764221791
-5.3984702640312765,-3.4120897005277824,0.1890319626654634,-1.8977603117870554,-0.18023279041111645,-2.7299350680254597
-5.4115054543839545,-3.096225388647217,0.13993401077375298,-2.1678790960344214,-0.28210042368663546,-4.062763113713668
-5.242082776836832,-3.1938753886721116,-0.5641248086412572,-1.3997174043477874,0.2969147398665093,-3.4197299577814078
-5.26163126227904,-2.4595237941083723,0.6659027678014974,-1.2020084567252756,-0.09065266792896712,-3.1581811877975032
-5.046044774661724,-2.932767447258286,0.12076021596702877,-1.4828992789950328,0.1971878619846274,-2.000195512855231
-4.972161347213567,-3.259304858606994,0.2830894220202327,-2.003697504473224,0.6982181023467294,-1.253179912267631
-4.837935133852853,-3.2925748550652907,-0.5770692207589855,-1.4260054016831094,0.6496820134806074,-3.4890679696377913
-4.875234980107524,-2.556929699797362,-0.07515473400571113,-1.783727865292797,-0.8563535648323641,-2.422005239324185
-4.537796190556152,-2.7630449515419415,-0.06384215107429368,-1.4682613416695094,-0.3683710114926422,-1.811756309172383
-4.421547436211814,-2.1218316551358463,0.22603165437865316,-1.8034594094984,-0.24634736769348634,-2.295643194162864
-4.590841407540187,-2.727888150088682,0.459377763949821,-1.457928950566799,0.11672133182652591,-1.9411505960412183
-4.3104367886712875,-2.5700462879801775,0.3343837807586585,-1.2358274014414512,0.10846209706315624,-2.705009947787749
-4.223785283173474,-1.9103330250263661,-0.06624724871422279,-0.7481502260808013,0.38688916524410677,-1.9805471523720668
-4.250172998467828,-2.6207400592328707,-0.6504360402878344,-0.9146064991510804,0.0652836902921758,-1.3269100018347837
-3.973773939104522,-2.823334041964301,-0.5412078479327839,-0.7300273577191718,0.04821821956212574,-2.304285462274994
-4.005937289790193,-2.37163471455016,-0.2137193277172844,-1.2225937840867052,0.7975139592668189,-2.100463756109436
-3.8071578446626178,-2.59752237098565,-0.9073541514102567,-0.6942913561884381,0.0754384254557326,-4.221479727843542
-3.6049508839677586,-3.0826577412454883,0.6868759518913075,-0.69100611523462,-1.471723912814474,-1.5575535940197793
-3.607545471771431,-1.9845153994847404,-0.968922822054916,-1.0809929709619208,0.42030518228515223,-2.072748434912421
-3.7310483054731494,-1.8877816741280329,-1.2213717242269857,-0.2923561319638519,0.0642632128690172,-2.707396585728567
-4.18551662763643,-2.875819163795947,-0.7893953881667659,-0.9262148692416008,-0.33118236761858516,-2.1242806530999623
-3.9523780898537715,-2.730573626519339,0.06373335555997722,-1.5069183762915672,-1.0956786255279192,-2.45706895357318
-3.950162597614674,-2.219876089104193,0.10349380428208796,-1.2675901159674408,-0.08024413668227734,-2.2203795801738493
-3.6495529996215996,-2.2430596022361335,-0.016700895370195798,-1.1844064696177439,-0.21730604487899335,-1.672750463704365
-3.816120782872661,-2.1784296511689414,0.18806318188503654,-1.2431036717261241,-0.1379374910067426,-2.17952415865846
-4.309861134499365,-2.1970537396122682,0.247866502146357,-0.7493467246050731,-0.13735748816870336,-0.9501400445977622
-4.423781918854255,-2.983390648636685,-0.36319487045344084,-1.792095831097999,0.712197757815794,-1.0772079397257788
-4.243558369988827,-1.929762078688905,-0.5570028650239222,-1.6323829889270047,-0.2528882806720373,-1.9073726631570407
-4.0458851946445655,-2.446646117865688,0.93345070987012,-1.1236933591759424,-0.46752309939348724,-2.7640464403556484
-4.129463926486427,-2.187997447724311,0.8523318823747263,-1.2151998563086819,-0.024593493578483727,-1.9363237812523955
-3.8256198149278147,-2.410984288038512,0.47105919294741017,-1.412781785174638,0.6878054785946957,-3.4621105796717124
-3.710766102268271,-2.8987212438894274,1.4264787483565224,-1.3020399258998026,0.18525928112907353,-2.3428149442076385
-3.3998538295005774,-2.165539512342035,0.6641691316846072,-1.1304515974770015,0.5772917829713059,-0.829784604080783
-3.354449749403555,-2.7240995175296563,0.29689178875023436,-1.3001498870923869,0.7246187253937668,-2.522741563062461
-4.001716901694142,-1.4643720466521417,0.10522527221885772,-1.345097267286378,-0.015693125550443693,-3.2261585972689653
-3.8660406648834837,-3.113723140656925,0.36220513610717975,-0.2783730438471833,0.34836831924438677,-0.8624316415687397
-3.690983137333481,-2.1113360394493945,0.43550289523781316,-1.2094726417279842,-0.5826210532066955,-3.0136478284247596
-3.911785507390413,-2.059335113076817,0.06574078273506732,-0.9257953584331572,0.6210434826775377,-1.2665293708427958
-4.173501039878551,-2.686203923522983,0.1390102898457558,-1.1049663718798353,0.15501286071342485,-3.4236292249195643
-3.4501278279866456,-2.742381934092493,0.32490742565246433,-0.5721540596694001,-0.08336835225617542,-2.1455729651160094
-3.596262571105934,-2.1120705793143397,0.9234681464174089,-1.3113973267504428,0.6114758314711642,-1.7987438430350269
-3.6125669906461555,-1.1423642508923797,0.8322359301039541,-0.9290711101374013,0.41609129371599013,-1.7865550617356298
-3.2194381403967003,-2.2788672182723575,-0.04992808848527497,-1.1861593050968464,-0.14065277301440782,-1.3372763100148715
-3.236219238614827,-1.7172657622679304,0.8695632363394773,-1.5042650132120963,-0.3111634295397561,-1.2636805027043767
-2.8982361340260696,-2.118742129384429,0.27494392601394474,-0.40865974685210804,-0.049505556154083696,-1.4573503385224185
-2.2164384367580703,-2.0491854721202833,0.18516101892991216,-0.8952235836235994,-0.07802591720056115,-2.3027753365014396
-2.0061276286964382,-1.4542257308838713,0.6144655059538348,-1.175487005698651,-0.310561748876767,-1.7779647058050614
-2.1748381435733957,-0.4468090450580203,-0.32117669156547735,-0.5405157387421327,0.4747442455932749,-0.9289043288620915
-1.943527278545454,-1.1958818369554505,-0.3029079838680006,-0.3310167162332743,0.04691477328447308,-0.30407561018417195
-2.0583253568047146,-1.1076215443410693,-0.7555217566212997,-0.6796487136006448,-0.8773120926307036,-0.6825914162944388
-1.768722723131882,-1.391474215411093,1.0375217106180854,-0.7692955307901618,-0.7459771148242165,-0.8749087418754383
-1.7080272689643756,-1.1312055866806654,-0.09439165420794893,-1.4872033744612891,0.7855593833805328,-1.590160239860897
-1.7184241743882693,-1.2577578011632549,-0.7416642069112742,-0.6774392547473436,-0.042273000467511625,-0.9981386652535965
-1.2867016493424033,-0.6461886873744636,0.14385620931129586,-0.05043725660437215,-0.06878253015543073,-1.1020158350479792
-0.9839680774658868,-0.5125946544190279,0.579661505774217,-0.904945382501673,-0.27904157751334063,-0.6048903101586781
-0.750081771245117,-0.13563339309930666,0.16322524219698525,0.2697973242881986,0.7115327897805693,-0.02752959060367799
-1.0611799426427324,-0.6930606791292366,0.29028532238698346,-0.7274432290933328,-0.049698355943540384,0.6483643049305706
-0.9229573396071934,-0.5658159074783948,1.095990282519041,0.6325907618725447,0.18712261916161388,-0.6921352960415973
-1.3067743659836424,-0.7546244553405075,0.8840784549020961,-0.5417270095026883,0.9508883385126452,0.3728174277248656
-0.9671589558204388,-0.804454965712286,0.08412796944313827,-0.4012539867485943,0.6666386542297977,0.08602711265795326
-0.8567149892609167,-0.22141760627903861,1.0126839335116207,-0.49614724050191034,0.36513575022884526,0.1694754673312081
-0.25722829425851645,-0.5037592120933503,0.8972508523530265,-0.1973861047618875,0.6355013748292047,0.533150751089623
-0.12709755759418098,-0.13377783482827293,0.4964411916403134,-0.3830360310991601,0.29404653828364347,-0.34413428727114637
0.38833244127776567,-0.05521370419195634,0.02907546822669313,-0.41303998157673993,0.4852289032453875,0.47478429564960223
0.8756817950647924,0.46274117807835363,0.11040490281586315,-0.08902698096399339,0.22283765916848627,-0.005579011157784197
0.8931611112402386,0.7061779903963349,0.10199831698332368,0.11370961510095111,-0.05283675570486805,1.1508917372014262
1.7063251418941534,0.03210818499371959,-0.5715839791720247,-0.02977213592509248,-0.0005160392220925555,0.9763277333263483
1.883701024508635,1.2353693039196516,-0.08545962536137325,-0.260780370154488,-0.3262827003698575,0.003496814530177559
1.4084361228470792,0.6815941901941174,-0.60629298996971,0.9233279414333355,0.06395812928441727,1.0920550017343813
0.8565396259063399,1.1103478498108457,-0.9236712400167146,-0.7706707615693618,0.24733454705203783,-0.15754425619551227
1.1095430934838335,0.933485261612437,-0.7213936843834957,1.838438290472021,-1.2787395480551362,0.8937308403271076
0.5670942794057117,0.5830169906695425,-0.0030336442062966484,0.5186555597909558,-0.6532319842846931,1.5952417250185622
0.13258692801459737,0.1765564449993539,0.6199085381874812,-0.26956777562646467,0.6367612716537606,0.5300372350013899
0.7048777191472052,-0.23970612510581557,0.7966506261129154,0.054282302124977394,0.2963785911404222,0.805870778804828
0.8361330331573397,0.342974796649,0.32714149838210427,-0.14007587689476342,0.8404970847164959,-0.1496569215378405
0.7176338517678873,0.28017375835993896,-0.18411113329221215,-0.38935100009260604,-0.16929352397774994,0.9472697324110325
0.6556540735976383,-0.5609222960996014,0.2969724942903855,0.3674114027663211,-0.13818553506453035,-0.1614036806210789
0.7099420608239778,-0.4561575237967595,-0.15882087861889826,0.08843802841897425,0.21599602225543144,-0.4393934138137505
0.42008644920224664,0.5155223193216097,-0.782575021639237,0.4172976221917639,0.01773823924885598,-0.9841596611784524
0.48762146731376743,0.5976693199510401,-0.26144398761513504,0.5004544306254954,-1.5073590222996642,0.7586760123968844
0.18657764446254232,0.21718351623883497,-0.78929756700889,0.4632231035875247,-0.7608714391607838,0.9207930616821525
0.41557929872202226,-0.23510286541329406,-0.21330117195291812,-0.2831594435562993,0.09465382582853499,-0.46461595080451057
0.7349204369677758,0.2110137793760705,-0.14658993115109378,-0.800786514871977,-0.1440071208326019,0.05727291914949234
0.3339974106121814,0.4765571636522745,0.20534095428059462,-0.1519953558448875,0.28323326213608424,-1.1936546933876218
0.4380016352352941,0.7763757020075736,0.8713198653208245,0.39420127004154626,-0.03853592874010049,-0.029909870470689492
0.34712389706360147,-0.060096541042590046,0.5332995835552004,0.6911573782239392,1.2017921533296594,0.6307817548540677
-0.05619454392139012,0.5189005589227911,-0.5123824980916463,-0.05394674210547247,0.5640521918477014,-0.10153748984230607
0.19299252034055936,-0.3267183484824137,-0.23286433615235663,0.09905088794044173,-0.6837747414059532,1.3417261479051177
0.16407797627301324,-0.09895214094398412,0.252397743495391,-0.5841303030331362,-0.18669793882811675,0.3516086891340422
0.00785843885352816,0.16063248351146533,-0.3595466633160904,0.1501329698151056,0.7580983649394297,-0.06763035038448231
0.20105624241289866,-0.45649108946093525,0.25177361946533366,-0.30501658643208507,-0.5773771811686963,-0.5085902484432654
0.4396942048740197,0.15243217068431902,0.22055713167147778,-1.265332150891375,0.9229001912335809,-0.858184740629058
1.055238031655707,-0.06114394049820299,-0.6584536008242147,-0.8049236676616924,0.2330728430456701,-0.8235255361940054
0.7333379854262008,0.9440848440885694,-0.8837931888344631,0.2540134903779173,0.4614321161018284,-0.6271311691837365
0.7989837967402409,0.30598718216159326,-0.9098055553513147,0.26450429673181364,-0.16773729253561692,1.2455743411844693
1.0963038039896909,0.8787774398933443,-0.6943478027141998,0.1353595362376778,-0.49376098049933187,-0.060713426876799814
0.9283230656812252,0.780746588991424,0.6628525822838567,0.5092334589471541,-0.38263786450045867,1.8787413745156585
1.3198262123351525,0.44754781752688544,-0.16167528271423934,0.3046754771473479,0.32348982422658246,0.34867965366242537
1.4514711693436615,0.2664444837994262,0.6775414812053854,-0.22748478607338413,-0.25793353520461854,0.18628833535910935
2.0510109317674408,1.2486116424535025,0.7041170543690349,0.027475964494352897,0.15649122976742852,-0.6075870040451162
2.2855330001817857,1.745005504931778,0.4567624187151032,0.5399739358842843,0.22493516326745522,0.9672937033460755
2.5531022728339146,1.6657422536044213,-0.5980790854342085,0.8643045275967568,-0.24074993969543731,0.34119315789049676
2.5121601592704086,2.2017352303969067,0.5444327660067725,0.9750216110702492,0.5455706313632157,1.4038403943237494
2.798151224763243,1.3014565598485857,-0.0622856146511819,0.8298639684461988,-0.6064384724470161,2.477267274572365
2.605661493021838,1.2069020622128757,-0.41940507427295276,0.5689845053097796,0.6804826783634244,2.2068682078392285
2.107401430281213,1.1496537877756234,-0.30304552027002696,0.9987861275910457,-0.05312461079161042,0.6972421314520294
2.1291733544585187,1.9101392959186865,-0.32962296678486236,0.7936106998942271,0.14671116025856443,-0.22906524929619865
2.1091367508098755,1.807955640689785,0.9427185894940584,0.21623381359122196,-0.25721951978738256,0.9744209841519879
2.622467218918737,0.9583638265933507,0.4049547179861718,0.9176409977612081,-0.6658587758297702,0.7879584408319278
2.6334003366666296,0.7969546831123057,0.5443240996225127,0.32671979021570363,0.5658561826019974,0.22042031575707177
2.7021551871018814,2.265792330142619,0.19628448143975552,0.3064228643114978,0.14908940049897698,1.0833640918256693
2.304250586687078,1.4390031079249246,-0.051556258843502664,1.0773314399892693,0.41787637216103746,1.955062232934369
2.0796458941284754,1.9787269976524566,0.052882724010555424,0.38695527444354016,0.03744420862140398,1.2339212690749137
2.0607443893774424,1.8120926782019668,-0.7994639939215338,0.679622738470955,0.4315818776656353,1.190507176666026
1.8730929938087144,1.6340004750176351,0.3667224270562732,0.9895126986865765,-0.015325377646085603,1.3280753061544632
1.8705827054930475,1.4854817760053325,-0.2207954681150276,0.5396349050418766,0.7407515087976505,1.2827370579584052
1.8767352746979478,1.1318953917716614,0.3131253698926589,0.6235775622885421,-0.10032756636939963,1.6486368914950873
1.677879608056936,1.1301558557537588,0.030819107331165274,0.9117817740968932,0.08531199840848891,1.8835495901735866
1.6309180347424075,0.9383149161870687,-0.10959608700329038,0.03842135641367528,-0.4023630957710079,0.7993101863871523
1.9716669893974463,0.7846931449991618,-0.04944185578199217,0.9597713563361725,0.5766324183555882,1.2960380787089307
1.715739990226899,1.9084946217643552,-0.2624568668314255,0.4888024492995897,-0.12682756827122832,1.1963905890656834
2.017929710434333,1.1172199775841118,-0.36446184551355987,1.324871338569001,-0.5690976051165115,1.4887596987379954
1.6836128145191183,0.9855177952684779,-0.6011288021174734,0.7494578039438441,-0.2745937896606778,0.8553063233953755
1.6990791835166061,1.181688975845035,-0.7538200047684569,0.945313602417563,-0.272133137242194,0.8133753012209837
1.8111112894812769,1.2341744927491105,-1.2403807108463094,1.8315988094204632,-0.35059849035327095,1.051213846958628
2.0341933895111817,1.47665391146242,0.4505521208450882,-0.24515550505886496,-0.270792749273425,2.6993668603713536
2.220925703539021,1.3332478834741546,-0.4421353203823483,0.22605205519478322,0.6733423240455791,0.48216979249207176
2.243198793946628,1.1139761991042163,-0.5615305971106284,1.2610842000812754,-0.1354712621954604,0.721487898127483
1.8996304026806112,0.8454070229589021,-1.1043099223329067,0.6017717961298593,0.1674812686448141,0.8779328531862334
2.3707934828963158,1.0445735524564148,-0.6900431878139854,-0.009127176655449709,-0.045419275106020285,1.821071761932473
1.8422483946154564,1.9283880285578037,-0.38009399066154476,-0.05649143234203313,-0.049343712337159645,1.3391994338266406
1.8657170389225075,1.8097099912203167,0.1611033382716029,1.7435646359193604,-0.17682448147841112,1.066735265638236
1.5897230056003986,0.5707200002371172,0.5368130766958371,0.8038253804136775,0.10551724369042753,1.5383651282706523
1.6736690851061358,0.9051943672216222,1.4433005821551301,0.11119774914760275,0.620857960431076,0.7604434363628463
2.1054698164695487,0.9048321678752681,0.5153339845563982,-0.26089277162701113,-0.07057364466264404,-0.250853963414135
2.2192715663548204,1.7655128362494823,-0.5265245445668103,0.46451470988001553,0.10845882618189176,0.1331871484224152
2.4059491908358823,0.9374117381849398,-0.5602062731412488,1.3580963863668807,-0.06876135351671508,1.2577486842145063
2.5983790862559974,1.5967747746822027,-0.16359594538702535,0.1419667081422879,0.6040769343077494,0.7738071488014096
3.0651839843409907,1.8818662980155834,-0.14351320826834585,1.092076786951556,0.39330232390520814,0.7400205011381558
3.387874604724649,1.7356331989078515,0.8801659629752164,0.9548155758646406,-0.2667839402994,1.471711318603825
3.901301444404396,1.6558772340944807,-0.23806747417253715,1.5121769740196767,0.6018857555454316,2.56157303651615
3.76616985305664,2.076510089133916,-0.008279673632976464,0.8852590845063187,-0.8048656685827364,1.9552444343995434
3.8632120781043415,2.103556181994118,-0.03126123332285238,0.6803534496197182,0.2877732953599139,1.1335897948939335
4.016780851719115,2.912135842320324,1.027847327407873,0.4497269139287978,-0.2271997174664621,1.8873207325594668
3.9956962751148097,2.5641948916208652,-0.3913486609188487,1.4520611631136422,1.176869094404662,2.0467988124941425
4.346097290712787,1.9862140459102826,-0.7509487998406424,1.5707622297342287,0.2769528478754104,1.751858410031502
4.35332051265796,2.53517044390548,-0.9160742267167317,1.3278761372047918,-0.47436291959071497,1.7370611480855649
4.014381893169144,3.315236674080511,-0.5990014748274823,1.296755178639593,-0.767352797346932,2.0155961769362776
3.5351536068191756,2.9527650315200678,-0.6867802885183508,1.6006253672856134,0.5166914805094895,2.6620183062002076
3.5243599979617266,1.0520571312037448,0.11441299271555647,1.5583582452214637,-0.29430671063172104,3.2901425790073056
3.8137638162108116,2.611471446228068,-0.5325219449587334,0.42110275536947434,-0.3160160934321955,1.3024990908446616
3.752933009511666,2.4245071011229706,0.6094760735266419,1.3879992914684365,0.14725005515868256,2.5007966480168458
3.988014537800856,2.495232770872515,0.8925745584654694,1.279314136452166,0.7394592542458684,2.0681066881855408
3.9979884927042546,3.041578373862606,1.1285608261880982,1.2443460626669283,0.17560919246394108,2.8620439306506595
4.238114000078819,2.2700440115465748,0.4963588749551109,1.6534678184171405,0.4427409465201582,2.170239590717405
4.27682669865499,2.3927103732791988,0.28161968530633696,1.4965522812170944,0.71407650690644,2.5700200004354508
4.193952183090791,2.59728057817701,0.46239665768608706,0.7020567952132186,0.3817396255216331,2.1969287661390418
4.972016583711583,2.8008313726282843,0.8673544289451062,1.3983084896037767,0.2504475650976421,1.5268687414713185
4.45032041555161,2.9641231429587775,-0.17607322585725071,0.5581999750305484,0.12921305466894284,2.256267991158719
4.385692449505973,2.5335867235784058,-0.3836837668512476,2.1716191027289335,0.1944288222533409,1.9621958041312342
4.365188112997384,2.324233296207523,-0.1292617978815077,0.959141274691661,0.2507361013901861,2.2151042485651558
4.036779196888122,2.6663167690500797,-0.06034871139917365,0.37303495842622736,-0.0680032622794803,2.3486956569268944
4.172148012544672,2.922511311057745,1.0967929441777335,1.9127319944253813,1.0958948898060612,2.357410356750223
4.221069074924483,2.2795942341688056,0.815908029968986,1.5043301833268603,0.17962612043976794,2.8185697948494766
4.025496348518536,2.698030762196891,-0.09869184094016303,1.0847125407721758,-0.4446452422991044,1.3192365582601773
3.6813164010800974,2.5810671409025767,-0.4710935053390361,1.4365909199270999,0.3866350123036144,2.590436207240362
4.002887287934895,2.292661564284654,0.16287004412785064,1.7302742673663505,0.1793277145604254,2.425771958386929
4.384208849192937,2.285547103104757,-1.1240331080133432,1.0240145958816345,0.5262211686437683,2.9096428736845477
3.9491550381298586,2.161947235105255,0.36837365467063504,0.6862874533280494,-0.5433275241362832,1.7479841148715278
3.4816298542147956,2.6412539927685557,0.435451083147474,1.5025902560180957,-0.02603267004289206,1.699457943085869
3.472501704744003,0.9552799994755898,0.9746330456784744,0.9378492567886365,0.17639677037570867,1.756869754285666
3.3950055975626676,1.820426579329414,0.22935214551858765,0.5034275701788639,0.6411129293745151,0.8319175541540028
3.259047177372047,2.0340288198793646,-0.014076814671359794,0.21408546353093827,0.27636242539194655,1.199826261860852
3.6375076998153624,2.42345486811109,0.2913036934198294,0.6126128924537189,-0.15418538234351453,0.866816569246132
3.4259503371365647,2.7775008510582158,0.7134438202802447,0.7524741161337611,-0.06678958995898165,1.8421044394019042
3.6016320296794992,1.4143701696705633,-0.6658719856841728,1.584600883078069,-0.49423789945507196,1.9465941275114442
3.6502595722471516,2.1042919795901667,0.008071389261306794,0.5608823972162694,0.07147954961292263,1.6080423468756935
3.4561545856617135,2.3434233524107677,0.021282865119511205,1.7394408863756359,0.31775802302115447,2.2485475328549693
3.2729723667718247,1.979540754271832,-0.25570659359164793,1.1142826175501184,-0.3946968370733517,2.7951954258786373
3.5379778580994623,2.2204676796686362,-0.22955090872824796,1.078930042337451,0.18564855493589072,1.0478097514925029
3.494279536140232,2.3722435547043377,-0.09788453657137205,0.8588587993614647,-1.0917926531242577,1.3371565296278203
3.47596514042696,2.770066970734133,0.0025767517802541794,1.4192203536154084,-0.006541702935953089,1.9020324897107568
3.8072201550778675,2.029465569159936,-0.2942822005446428,0.9493302373117458,0.5685931201902232,2.5610624540993223
3.594963166276684,2.4881923983292324,-0.14551216532254682,0.914445219491058,-0.3315011289028975,1.3782881266133133
3.6966517360490183,1.9754748058609115,-0.2226807892021066,0.7096714971424539,-0.02714863551815088,1.9254565252818259
3.600157231456429,2.51719194672377,0.03258110198372724,1.2683635917066431,0.13201908467906243,1.4753986739275133
3.4300577306740565,1.9228317359386247,-0.5121834900661005,1.2664560114165129,-0.3014820078675022,2.190572009777353
3.1404207273004974,2.385797086750352,-0.9841509915233412,0.7716500298229745,-0.5396868573159967,1.1789954479332716
3.2673315197196175,1.7230228919778405,0.3922085582769813,1.1066731935101433,0.03499233934629242,0.9963301174929826
3.8573921125934176,0.8778639000637372,1.3397127186462792,0.8225101544222174,-0.1306953894370329,1.4057320969851643
3.7318765917086405,2.2694073047688543,0.8077933648335629,0.07456906435188593,0.46701102294046204,1.1186498948524861
3.376760193379056,3.0362230753593122,-0.5807788350349213,0.8777329805010526,0.26817615116561605,1.4120581297309773
3.5411865046036985,2.2580296527191472,0.7121613110350455,0.9107654786636596,-0.7859609048173805,2.189193659238376
3.4607165447437187,2.4524482708319955,-0.6473272414627866,0.6944866032069822,0.8821851492643205,2.7641666991053615
3.3862404849540657,1.5836510380125504,0.025288147770256397,1.4756946660076435,-0.45820786595886265,1.3814421097503147
3.2994399884781704,1.9016805297709376,-0.22528755987160456,1.1716974801328188,-0.30400777794619055,2.4187756262980162
2.9019220986305645,1.5730597443242247,0.7401288686278163,0.9504349718708225,-0.28619346933984974,1.5108212791105744
3.142329269537229,2.2173631411605954,0.9719520592027502,0.6245873392253732,0.3697536364129479,0.9952333757540228
2.8448641757648208,1.7103682389286856,-0.2815648351035094,1.2085238229862745,-0.3759452402195018,1.7163535492896458
3.299671713129678,1.4728448748482261,0.4764860840060098,0.29643495575122836,0.07130618854452689,0.40110078904221225
3.632717947894481,2.7123231561087673,0.03615209626018269,0.04563624319352666,0.5578529236855372,1.0696674807120274
3.533402788452857,2.417929931421375,-0.6740761037280174,1.626616531965127,0.728511959290429,2.416342213664491
3.3552341897661364,1.5726450996627594,-0.7041541229271626,1.7982547039664758,-0.5809001552023534,2.9206508460701537
3.5127558020247562,1.8903931888355625,-0.04629479608116854,1.05059171503228,-0.2878499543055859,1.4557213352194691
3.721557238019216,1.788319569719323,-0.08587449343491584,1.1851273046020419,-0.04411218068389351,1.88290775257348
3.58539928051296,2.9269639278172397,-0.6303230003709527,1.512804349165091,0.3191641871308182,1.413456547497002
3.4953038885646386,2.0097075532808106,0.5020668228369466,1.2104595493697008,0.49676467010620023,2.4788772134146586
4.025831487118793,2.3044562862525835,-0.548575908493917,1.8332868163270515,0.2127270269983234,1.6379309059735796
3.6755059118392666,2.1074476592150004,0.37659875466944853,1.1143047193702964,-0.7132312753146115,2.9415527453236403
4.021971505056971,1.7436439728687887,0.0971872517942691,1.668086649304553,0.0042668110489205435,1.2569023568528301
3.493336101315208,1.8313276540222065,-0.29382639040860675,0.6226936518252645,0.33663839419679376,1.5332766938119011
3.6000441159493213,2.122069287334817,-0.44981524688869795,1.6840241558455118,-0.25692498737420133,1.660952172172953
3.1303859477087896,1.9691438179916467,0.625108487141826,1.481248103630009,-0.2291982170590413,2.2964454303984283
3.3316896758720898,2.3149941429300145,-0.0386876236138107,0.6809779633985835,0.5612170828677476,1.62767245659989
3.4365570604617077,2.019004195405892,-0.24260278826127368,0.7276195907883004,0.08354774442999338,1.846883206550378
3.274510994239966,2.1155360267441887,-0.10029481967353018,0.7629592763969012,-0.14854454559637714,1.128812843573154
3.9782309059282683,2.0739442387966003,0.49947088420203345,1.5266131843627724,-0.8318189185429232,0.4309231327229992
3.8584435874032965,2.2922963337776294,-0.5394408065404445,1.1192347756362597,0.567954153017058,1.340612930328845
3.978332793251318,2.454069876415212,-0.15463739538601706,0.9382393865873748,0.3374777333286703,1.8886235421203554
4.510587460302449,2.6841306119330124,-0.441585545456917,1.2031675459833946,-0.19295192482111234,2.315478399700634
4.420835416545572,1.4812052269117462,-1.463458332215739,1.8510341700801258,0.31546916496911154,3.1835121652761003
4.415576942060919,2.4846677128669423,-1.0853549006636674,0.7451724196003982,-0.9881986226003394,2.416441271349193
5.087427805954039,2.6450006665572725,-0.0864661198340114,0.7243470650436983,0.1844315981969536,2.0009725303115022
5.000678486430855,2.818172071976749,0.2146472083870654,1.3812504025273638,-0.6115731882718686,2.612348180729417
4.969355174090153,2.9199526207218653,0.6437945928331256,1.3546061524747832,-0.39906808796195686,2.7669740576510047
4.706603187883226,2.9820319788871066,-0.05007280874967662,1.5084659838366754,-0.42492093895385347,2.334945747503732
4.94517225347634,2.7340692110446065,-0.2041908598868543,1.555978409780644,-0.07041329651867027,2.0247044291781746
4.934268416376269,2.5466329731789674,0.43577932703689176,1.217241849727976,-0.6343288735287727,2.85133294591059
4.906560954324905,2.997467289883032,-0.2943660186918641,0.7918764006313026,-0.2390864817694059,1.4177488712177795
4.586527183057685,2.6506892400819044,0.590358986392344,1.6852236940021075,-0.4522669754591143,2.715556895989123
4.2787025827782905,2.7730568337821904,0.19672165979858142,2.256466754611589,0.4883137097490037,2.0645975690933285
4.484217271873445,1.915367113473256,1.1281037331821784,1.0495355998636045,-0.016070359725884928,2.409535696460034
4.384390262374482,3.252112784544072,-0.313685012841968,0.38864011734598025,0.37115636942387176,2.1785329552707093
4.375334805230726,2.091163894875106,-0.5838025873039749,1.5340567138609231,-0.4282858314769738,2.495686530236133
3.9548994609134724,2.6714206924042214,0.23137709225261846,1.1215165051785438,0.34290967637441677,1.705133991384918
3.737154452493505,2.2959290487387802,-0.20446868649765107,1.2993243882855792,-0.2397282577396619,1.1949068097199886
3.568875752229794,2.2967959939975002,0.1185722271941496,1.627786312299721,0.700407142986455,2.376614536332054
3.9836319449522617,2.8252851537088297,0.41895881428980486,1.8887394507152573,0.4278949591892306,2.449283162700459
3.9220622933710514,2.255044234431252,0.10501900380498655,1.6611432212124373,-0.12055568922781745,2.4487683379208027
3.2155113278175613,2.2650475429881034,0.8930506485277507,1.3097542921502567,0.6251222794065556,2.2270206491861977
3.6488144384455907,2.8882574325296178,-0.35295371151735827,1.5673678508895579,0.4409012564057567,2.690999234049472
3.298223972648779,2.7669888216283063,-0.25019355283995437,0.6973046439068229,0.08300162537657865,2.7580786379601765
3.888991717695428,2.6227868064019204,-0.8665357757131045,1.159706113554592,-0.2788812051007237,1.5350813748319645
3.5626361064553502,1.8884622647047145,-0.05819955898697013,1.6075071366621265,-0.6118007290731432,1.5773456956233982
3.404293362547382,2.0266403591008024,0.15089372818206187,0.9579151796854766,0.2552031611396456,2.345386452100412
3.3112647699705526,2.0730138090974353,-0.47684288933346075,1.2015800139920298,-0.5239326311159554,1.260718656772412
3.09550870118167,1.6823453005316171,-0.2469639611602265,1.3193231945874775,-0.8327904363167513,1.0217243219686012
2.9953420577282315,1.2754476715657606,-0.1619155904179963,0.5984731132067826,-0.25920311143172636,1.3767896952373024
3.040906502715019,2.3883397546402483,-0.37936411933717984,0.8330056916763092,-0.3876116444237273,1.1196110507418535
3.0781110982967004,1.5843909300624708,0.4935515014477366,1.5011053564083534,-0.13500385742188092,2.6675227939754493
3.4653785340885226,1.7419536105715958,0.24655510273062115,0.9948378289030178,0.1252405897282282,2.399558810955403
3.4889195575416263,1.8953810860235434,-0.12885478543723228,0.38576257120631496,0.3212456923295776,1.107813274751271
3.8183640331979505,2.1442483141142756,-0.6851239626319563,1.407780046410753,-0.9124407400243475,2.4516283034744677
3.6907784740385177,2.5195981101253078,-0.13498949770851723,1.3625757795033593,-0.16449600974890966,2.4220001256564028
3.8464996879150615,2.4233981015649495,0.8399437207035967,2.045653263015889,0.3064357370116555,1.2696163480545917
4.629830491431414,2.906117418829731,-0.035188938027530425,1.22241642803025,0.7604135913224706,1.965835194567334
4.81755385435829,3.4094995394948038,-0.13715195410546185,1.6285259763816693,0.36030148130961437,1.3189686858533514
4.791882050421703,2.979978275190857,0.16413023129750934,2.089212655234542,-0.20122247969716656,2.8996010230781786
5.1462500797462,3.110869430908358,-1.0901054323334256,1.356435207198007,-0.29927515730244486,2.881020701341952
5.514485468788797,3.0337048354850684,0.1925402860420628,1.9057311009585585,-0.08881501355503257,2.540853528548669
5.306561303192335,3.643832620820533,-0.2598549297485461,1.499993692257458,-0.34145677347541026,1.8528812973725528
5.556110738821248,3.3160918841777933,-0.3513456900566757,2.317799073237916,-0.6275117626408125,2.9781122519951877
5.504902494955587,3.8293304426609227,0.0844677307969776,1.1262652162239335,0.08738090345963648,3.5323659283926805
5.448989375768552,3.4703212445673213,-0.0433831772074685,2.0525920524863768,0.2667281352656401,3.299051137930434
5.1543976840838575,3.7361068903372265,0.4821182956902312,1.8095937797597799,-0.6150153935028542,2.9876296339429924
5.212719447166028,2.948583385019509,-0.42766463018633927,1.3043056901451964,0.4357642082706701,3.241130614615018
4.718984497721754,3.1050280893435,0.04743304173508853,1.6808574056115164,-0.32767882557670686,2.054560376185703
4.487731109784412,2.8389207372654712,-0.25485519575367577,1.611697430841667,-0.05731473442920573,2.466117109725645
4.382310129382767,2.384348605271364,1.1774058340273637,1.1962715652142586,1.215599565045789,2.6812603965686064
3.9683159296116584,2.265370521949201,0.7745653521968408,1.5557989057577208,0.3865774218626729,1.8080275685095286
4.451065420259933,2.770185332746678,0.5155702819886746,1.306653132782579,0.1320483313614969,2.358176247220861
4.813830038065271,3.3912962938945626,0.22204010635537907,1.7252875476541023,0.2910211327041146,2.456868938266357
4.855001176755558,2.852269144515721,-0.5590073608908821,1.7841227410837481,-0.07761800596445986,3.0603321793747718
4.861393423862092,3.1782456584796273,0.2191437372821196,1.492995887291797,-0.7704881008771522,3.427186592826714
4.818826124290749,2.7798277148375,0.02529989433707,1.393758166813599,0.7052807141130575,3.365692887316318
4.95214414536405,3.1389428685799503,-0.046160108914241715,1.419432650126499,-0.06596920959441155,2.5330598111834948
4.819796821280417,3.0529748574670843,0.11228409932744374,1.8106458427931449,-0.2661188265559402,2.9781579794821855
4.547903373395266,2.6803080691099526,-0.2525980960123862,1.0976667197840708,0.45117855308524263,2.195749914970004
4.338228472173264,2.5005089432956993,0.5519244264396053,1.2648969604997375,-0.5058508387715688,2.6219912681235304
4.5922493454305835,2.8179490145815356,0.535050279993605,1.2796901160556402,0.011019103800648328,1.7223406951239002
4.9792210034590845,2.4780279163781804,0.5429172198613764,1.4249072145800217,0.0939740748034367,1.7923659921708919
5.032516416445475,2.6065179355571764,-0.04487116616118497,0.6473609365323855,-0.40835451213771795,1.9763786419914129
5.006987925318,3.279805620930176,-0.45111175492951355,1.2770403510654031,0.21280565777498608,1.9273154407558848
4.770852634755868,2.499122950383471,-0.07827474090954709,1.8556782187197471,-0.5553043845770589,3.138092303237468
4.669315910883293,2.4134623054181947,0.5077843358820944,0.9784535949002073,0.12106408237560942,2.891338077597731
5.16929858337777,3.536687798844678,0.1730183826050647,1.090865332778925,0.6426207832980269,1.5118691937831459
5.2953587354367455,2.6529427453654124,-1.1189410056467033,1.955014618654645,-0.4557681878381835,3.0164158644195447
5.5672961716804545,2.789634058992368,-0.58634239805315,1.1367967263408107,-0.8339013299323556,2.3929575283442235
5.597923359146879,4.010121399083001,-0.32890778096434936,1.1070555016213937,0.32203631248086484,1.7731632410408436
5.619756630129344,3.811296876389455,0.49288036998472995,1.8369575404614065,0.09046477564279826,3.3497911716766318
5.457774876551522,4.116850846898555,0.45583907956945613,2.09432870421978,0.42369469962216033,3.555072564711394
5.019481894344979,2.867961095995502,0.36686406047398123,1.8224706471701577,1.0471123443031836,3.3834633992655174
4.797429663056711,2.6326183354700365,0.6863505075928904,1.25501289032188,0.6463664913840592,2.575697744001878
4.328950549518752,2.719871445015423,0.4778999594391766,1.9322497623471162,0.032065423983502706,2.7449496887885525
4.861659959228467,2.5200851214079742,-0.28210162407403233,1.5153858321654918,-0.1517783172459991,2.618732413568846
4.794183872976669,2.9365713326203244,-0.2071642730188923,1.2885484469354127,-0.04728834199919682,1.9192621619068373
4.627632355671743,2.858607267291683,-0.1214430763180829,1.2927459303315154,0.046710147626850385,1.5347835925772524
4.408492477999057,2.4341333385908035,-0.17639683599685216,2.080982839569398,-0.04103249183725248,2.4772337053165843
4.263523265609419,2.15899410107834,-0.06080851098553612,1.1491398548573724,-0.4453621058370432,2.1894863965063007
3.49554829571867,3.1436845211713846,-0.5822441575174236,1.4116561501821872,0.5032923299718781,2.5498984620475116
3.697444522968013,1.6824285989249528,-0.40110758994479456,2.030540102765571,-0.20707047325201325,3.8710874180655788
3.5879151301647867,2.1557499975025056,0.8661156504068016,1.3756337383659565,0.5182336589150641,1.275387085986782
3.4424157066775263,1.6607712827955825,-0.25665491772722493,1.3447017389612328,0.26779491206311207,1.9478982813566088
3.6092874471695104,2.5801558255893378,-1.0056898921756248,0.6907479760618243,0.11029855540425298,1.8763068392595512
4.020526415398662,1.316117484684534,-0.35413566154420417,1.3129289581760932,-0.32199321360560945,1.4962030411610252
4.064773611728544,1.875214269526193,-0.28674991582640713,0.9266527003459806,-0.36714432497680016,1.111971319363467
3.9259999575424187,2.4224977023277696,0.5317143239841512,0.9692470629814252,-0.2909544280851217,1.8220792098995817
4.33079537207762,2.630346759059394,0.48344470593849853,1.453740933517623,-0.33941132773080485,1.548463094674297
4.269299153997882,2.172662413344173,-0.21789860946506323,0.5663030831814673,-0.345233802878257,2.1491022327255624
4.248471243952217,2.59314957747202,-0.4618964709048067,0.912797750308736,0.349069991163514,1.6099417322829426
4.4573705083727315,1.988254330673708,-0.03696206012409574,1.2603115184411398,-0.6790082280933961,2.034983610214574
4.233831263203525,2.137480570037158,0.17989289870517544,1.000007895448629,0.21418140897563928,2.223669271658435
4.004580935838258,2.613957547086744,0.06284335571514019,1.6875907968356862,-0.5205748648179847,1.340687495125075
4.8459196836590825,1.6463510375416448,-0.11769563526344533,1.0739587162041055,-1.0824119462996888,2.456507878239503
5.088855111742548,2.719262241294847,-0.4911398786634102,1.1926371809183873,-0.7471644400438063,0.8138477350406101
5.020420557227856,2.9357663080560936,-0.5235093823324323,0.8541309928848146,-0.11073055709676101,2.1866581805919143
5.185177705497766,3.094928363335123,-0.05685306445958345,0.8893602122160013,-0.012367132275024034,2.1458425126024885
5.135198213202881,2.8233324006919016,0.5070762688575299,2.0879379130511615,0.5550488939654039,2.8096501366815723
4.841011969972654,3.5126528936257047,-0.9410237421562069,1.4562202248783827,-0.09524848078557302,3.189495226277481
4.582544305709312,3.1145633277103904,-0.4943847517623334,1.3108853141669012,-0.42020186070530974,3.440291684958189
4.64587752879565,3.2029675266279862,0.4753977428831403,1.5603769976238429,-1.1324504512478888,2.0205737760396905
4.874877762510997,2.65684948184261,-0.6325063872777015,1.736876008789606,0.7779873754578603,2.422680519699536
4.681831449786058,3.065291845430639,-0.21597479943106068,1.2667260099628674,0.16670478464324368,1.9812855234124727
4.717879729799771,2.6490057459092924,0.1578139152941913,1.8685298973393063,-0.026806503275484457,2.920144951366445
4.77611096221442,2.5777711351401202,0.23554646033187138,1.072194190878157,0.5528841580891872,2.7326182135984625
4.4692214123477,1.9161561559144817,0.16109565042697715,1.0593095020902934,0.47862965478071096,2.0635252575059515
4.5045952132475096,2.5246314001541594,-1.4598619281320124,1.0933869674881258,0.25055421033012676,2.1402800154344073
4.441517887715481,2.1699101561845606,-0.5207864847516783,1.1805070844078005,-1.0885747962119243,1.171323010451641
4.115964076682308,2.5566862520239777,0.5981065084764823,1.1729060233016266,-0.4137130943798938,0.9778137249255837
4.39679801416122,2.247661375292721,-0.9066671173848497,1.2564971736719643,0.331438460762535,1.7783173811428374
3.845409569244728,2.338575613448867,-0.672546781383174,0.8145932895843282,0.025356589129101492,1.3435107257369225
3.9357033515761755,2.691427772535505,-0.12261551580599431,1.116035058029661,0.047433674325753794,1.7952708472424561
4.066021109551616,1.3061107804292618,-0.7882551983654186,1.4967326276940938,0.12342704409329414,2.456561124759693
3.908541355125212,2.2556615394361605,0.5083845665955607,0.8214069980835788,-0.07744758934453602,2.2226674144832668
3.8134324691882617,1.7458666593089975,-0.1740810831359082,1.7487775723830694,0.3719181894576403,2.051915729977537
4.7484437415854375,1.7671309194729443,0.11029804565237725,0.7945718996573083,-0.4595453967938246,1.5488057359398326
4.627666860759056,2.2917532428091034,-0.2604227818378116,1.5205661132053907,0.16365843603630842,1.3626271961781342
4.854958209613779,2.8868764095522526,0.15740680287335201,1.4198758505112825,-0.05059521523166198,2.3955078324237853
5.080891899877111,2.824817128369821,0.12858140837840715,2.05559732535769,-0.12819789476003263,2.6424330420536344
5.205064423098831,2.725406185801669,-0.2662045036182956,1.27086775583697,-0.14545417791888027,1.864985906646749
5.009615898343048,3.629416087518738,0.05325014123179243,1.584459626970288,-1.1462956007954137,2.609696514190923
4.842170362574333,3.0001154353215775,0.24251507971341923,1.737632993324638,-0.019594234692139542,3.0047169952193125
5.245491854201406,3.33951667081708,0.06292443037148206,1.8760200639990516,0.3638242509188289,1.7280612926576566
5.580481651049888,3.4335860249507526,-0.21007331795634943,1.2807452021123744,-0.4488598451727095,3.888662057187271
5.293386730998454,3.395657119204541,0.5100313241389689,1.5487449891313076,-0.10196088091462238,2.1371865298335835
5.289260417115685,3.017854520873478,-0.3883607597062891,2.0679483851901006,0.30568880027865053,2.1004982307423097
5.544706855189846,2.956682142905675,-0.12005810886645801,1.8075977820003115,-0.22222703867331658,2.150052010215608
6.099049768624727,3.2942700313210205,-0.044661154105431276,1.3162990027606016,0.42396305223645253,2.349517580563046
5.635555810981246,4.190139701356753,-0.35273717717961867,1.9799878802433573,-0.11987072270611697,3.3875062935731317
5.859938479627811,3.3149695445483154,-0.23911583497118896,2.2267969434565504,-0.47384965073737384,3.5293466877774096
5.952492489011798,3.4402349587495276,-0.9152178697956266,1.5362622981278824,0.31558087399565343,2.0662692673152687
5.838040683100685,3.9555238789757188,-0.5154426846209814,1.7026988516288066,0.3523507103426972,3.200149851516227
5.714973784843829,3.361196886112628,-0.03480345710681501,2.3215203756840275,-0.7390561591647974,2.8678283824859783
5.851680760410305,2.5481968324506177,0.602437187229766,2.23038692945248,-0.06997543421392848,2.1073564520154657
4.951162407843504,3.5031265139080223,-0.58396187673521,1.247739201101755,0.4942550487756304,2.1781102727706947
4.618750243909653,2.984141559470733,-0.3817317568510095,1.843872374936122,-0.5492506304030464,3.277233670233822
4.432331212392443,2.554293542558476,-0.5493782082177547,1.9220068500164094,-0.20581128391666753,2.2948040525754636
4.710163537527006,2.7432717811590446,0.9065608075090468,1.7706837556254114,0.1946798969428139,2.0617876589666895
4.7181537916698755,2.7441212159715493,-0.3693040725992796,1.1211597429292326,0.20146994013336475,2.076547857808786
4.632024749211205,2.7830955108259268,0.1553251213526733,0.6263113288836204,-0.44616985499910633,1.4975330977797279
4.705242817005736,2.881834138268389,0.29825621843289574,1.0765859980932084,0.1608716201935558,1.9010031283587971
4.36377518208066,3.1503567916929507,0.46044182538433387,1.820475261567597,-0.12403695263982417,2.9299408525623742
4.21570050668224,2.4139000445417262,0.46488320838455666,1.485585530348167,-0.7842944128019422,2.6004357254468866
4.243027496717748,3.2318955312433997,-0.06555984616655239,0.7419635881407525,-0.03947921148774769,1.6829693852907317
4.073894403019107,3.1370292157614346,0.4960385776203868,1.3356307212541232,-0.31542695555590233,1.906351624015648
4.465780018974898,2.4019439218159495,0.7093137767442673,1.0100749293579652,-0.32424959513434615,2.6819243926015375
4.630581394508847,2.5509440471697857,-0.820278269487294,1.8482903167309284,0.19672182804559277,2.7292022694738662
4.825295233195552,2.661280319364566,-0.788223281263867,1.2239943281670116,-0.7091159350323202,1.855213916632658
5.277325810831121,3.3265515704808033,-0.7251472942256358,1.1560463683362765,-0.32554504445881577,2.511016731124586
5.097758208959717,2.3478236066793197,0.06640796847957589,1.8391587406062564,-1.2774709675189089,2.5619766464882163
5.354031104555264,2.5392907337910535,0.33107004357306075,0.706046044902253,-0.24890562873722358,2.288332078036468
4.744451147542153,3.3369904122531837,0.09270922514763913,1.1564304945471333,0.342556404650445,2.1011794062875153
4.581954869722485,2.900035921153621,-0.9402819125854533,1.2872650600346007,-0.19425335988556244,2.922384545922911
5.00715488475279,2.9707988564118386,-0.3011146354966405,0.8722262241156541,-0.2779033326361675,2.3862516939793337
5.375923158940645,2.9076378839867254,-0.36056362866337044,1.9089252150590372,-0.157259371156516,1.786806376079349
6.141413140927682,3.1996738627445773,-0.6474654702673778,1.592494204403608,-0.03717844785290236,2.5131522313052197
6.085985029769789,3.23847434112006,-0.311705574224191,2.45992461714138,-0.3469825551923019,3.015985461653834
5.985589172465308,3.4694135527940135,-0.27089350844499904,0.9992988553643296,-0.18893068573798416,2.8014055967667413
6.337046525220741,3.3604946324572427,-0.6796181113257573,1.3753305896953738,0.468654754226724,2.2936749211377725
6.505736478638582,3.743778750566281,0.2811953033052628,1.129522915852434,-0.8175087880357791,3.194827452026722
6.127558272998624,3.9491815311113876,0.280371896521535,2.022742369007551,0.30111204446046014,2.492666607943176
5.834899819294201,3.424797119573416,0.44157513600666176,0.8745313687536345,0.37165087776216,2.853119138445852
5.975040582665778,3.5076448744813,0.8288834654604832,2.1107048924521203,0.23814912661714557,3.453432058398055
5.656408450038646,3.8542889916160537,0.24455754942990007,1.6776577344366317,0.7924409848452612,2.8725431101171557
6.277219795527313,3.5066738685141075,1.1344660169650926,2.1481849679498737,0.5744915940218152,2.6077009149785435
5.883619791153976,3.8759272664655873,0.9685492620183451,1.662734835865138,0.45823572793850154,1.9061064621628026
5.826451096816875,3.8974005281384185,-0.08595859099110831,2.335975944586396,0.6180917984593023,3.409698861685023
5.377247072200794,3.7476298362994784,0.2695339627011046,2.4467773255767016,0.8129004885756356,2.582692816287007
5.260704024515331,3.295351118674506,-0.290273129768491,1.8791756614369548,0.014180755848383589,3.871176263783232
4.930279761161096,2.746732306269981,-0.6076426726268503,1.5035445243668581,-0.607545338272135,2.8462127371036052
4.880632702771836,3.3076743583191357,-0.5755503587875951,1.3495659418202959,0.18200187656198136,2.276251046096828
4.873374236302429,2.9255610054489076,-0.4540563099771339,1.9387297016123863,-0.3947538364231573,2.9794478146368153
4.629550147988707,2.6920622108566867,0.2433083897679646,1.803452452016074,-0.15723190701738757,3.389988480993483
4.283329830112444,2.5312431904029973,-0.6650958697255448,0.792186726214618,-0.45577060186412527,2.7362546634344405
4.282076192088646,2.415212859145293,-0.43936924926979287,1.0267265294709629,0.3941093192373996,1.641773397324965
3.8854360226636566,2.4829434659140595,0.26621453396222605,2.0231159050998007,-0.38622995522557124,2.4216590501213897
4.210095221843448,2.03409330643458,-0.180803555912334,1.5380183453293916,0.33644258075046274,1.6396901473143184
3.8715645309520323,2.76421187469759,-1.3224560692477028,0.9123157759629917,-0.1371815907550464,1.0395487692520966
3.5421338250252346,2.054008478512091,-0.635716277058094,1.4292403675558474,-0.2955951770463555,3.343449329719809
3.536128716015957,1.7932911842232309,0.3669864484310446,0.35702571326590304,-0.3952071695072875,1.067717186288097
3.540530666166688,1.3399686749077397,-0.2801311277250192,1.5910556504556863,-0.06823010586973421,0.5436018914639335
3.809982203318875,2.5603848131762774,-0.4483465195871484,0.3766266035826501,-0.32841152719512656,1.587710622310647
3.987948017530108,2.2500928664995934,0.24973791279415475,1.491639095209972,0.11891283493450885,2.0055419195816135
3.945150583550819,2.63243847323006,-0.6477261002773187,1.141915912906257,-0.06555117582262109,2.661439916908537
3.5168004936768247,2.358181038676705,0.6277003275992475,1.4432265080161895,-0.41710808592303583,1.351745248871254
3.4749175241370907,2.3805704747671323,0.3556825517261706,1.0998772399627919,-0.6259358054420683,1.3128640071872375
4.090523411266079,2.655770297777938,-0.4395632263682066,0.816650542416528,0.06929065679932121,2.308966634125782
3.844465077291817,2.4846053899870117,0.6642385999690651,1.5122254874088368,-0.282868093754933,2.43339451467806
4.318102899246775,2.9985641626747843,0.13362861117911234,0.9976643716418587,0.5713338557283101,2.4374485873350844
3.9975282774420644,2.5938081146882146,0.14699343567239959,1.158005210826654,0.19665241814929552,2.471438998419165
3.9757521932498996,2.3625128628957905,0.009809296172377448,1.1498242088455763,0.11473101227495251,1.8411101373478562
4.772795040690899,2.151556885056156,-0.7017238338809446,0.978959589617119,0.8201210841987661,1.3386389416919766
4.900571730086732,2.9971179462843587,-0.08632011764101344,1.5703157075724543,0.20564221034645752,1.5742992831643863
4.958776964934929,2.9799802414608103,-0.957947051368376,1.1809632020094116,-0.10908101744061197,1.7263913422624397
5.080238650950651,3.0345800216775918,-1.1356684631983167,0.9993878835213854,-0.7230352346017043,3.017641180897972
5.256614034724738,3.672034043570907,0.2339010298757765,1.2081545279828898,0.14532127969702208,1.691269552141279
5.4804441350882085,2.781848363779116,-0.17649854833725281,2.0818049687072304,0.47154102201799586,3.390504382217774
5.544902101756646,3.499013115332886,0.013029086163443684,1.5124298120964343,0.145942916499491,2.673835075812907
5.797737249108556,3.274431871019433,-0.8096951774261808,1.1959679601282085,0.11589244150733136,3.7240032122887996
5.655511814524465,3.781237035433789,-0.1792825380792466,0.8101267628031066,-0.5327222638281475,2.833150527388491
4.786413396827283,3.833650278067195,-0.5421890079612597,2.2918172778971844,0.07801427571634147,3.3310027736161727
4.850944667153722,2.745586554560124,0.11504075133277938,1.9631502122024347,-0.46982375775083285,4.002842050107349
5.307412490004382,2.7473232956210882,0.7244686257483705,0.991283661534027,0.5568057648331771,2.7828092531485233
5.405987792461475,3.354713019057335,-0.09947545474806171,0.9395504239457702,0.543412392730961,2.9099547551980747
5.89530145563386,2.690784055628436,0.32441939063048947,1.7562885619070763,0.8160825157238606,2.1958584453027234
5.877546983760795,3.7840344422097503,0.8040879930896354,2.3374545576082597,-0.16337999703923958,1.9155575146416173
6.244784614511348,3.4478209947294625,-0.35671291620887735,1.8657586031610445,0.736030986590223,3.6571944608419265
6.381904088764406,4.232872376339586,-0.3082293138134966,3.3342401144556373,0.13382767308561533,3.0230383810323556
5.992545197466758,3.743658359679722,-0.4112095188026257,1.90259609206294,-0.12972285933613792,4.852290736178045
6.3666952726775285,3.1122151406137104,-0.20277921387491482,2.4067762370008263,-0.18410551690559607,2.32808946659351
6.58042430822544,2.849653801632649,0.4520095779542582,1.2262857134536937,-0.1252932900730515,3.2678389251841535
6.425700332838188,4.239122284807377,-0.28046807760069076,1.237497951490661,0.3976256914011821,1.806885547691667
6.020000427067268,3.956428163829798,0.2934941555049913,2.4885434356981713,-0.32522443140885304,2.9410823335724894
6.428216093329541,4.112584539912611,-0.6734311353457377,2.5064159649078523,0.46143346790842665,3.172158986885086
6.183258942311934,3.3389137852651647,-0.3070572271028211,1.6716146704548667,-0.011478737534676653,3.9554085245232615
5.868386494351447,3.8916766876830824,0.245943799519191,2.273411394463424,0.10483168590588018,3.368014577689264
6.011509771630511,3.006185033983758,0.5637476947043513,1.8971405609971759,0.08278441251666448,3.2843221262495432
6.144675760725528,3.763808693806766,0.48631413565918086,1.4323149645033437,-0.06879295405630947,3.2220647291659
6.249595605709679,3.609330439775467,-0.36341268850194997,1.1845844758204382,0.20867390000264951,2.9651706037164414
6.077255520603078,3.2872957156089626,0.6832762883511797,2.087222400560668,0.7293181889719694,3.420540602447302
6.067793885973748,3.1015284417280644,-0.36205143320630984,1.4790271798214725,-0.0014897782250913871,2.567500266615408
5.969899849332374,3.834761110642367,-0.1597389764047364,1.0556457330790605,-0.4177180917357439,2.5349420217448464
5.911254291305394,3.6748385466889673,0.8702901607852905,1.2719446305374138,0.10337695407281133,3.2738583587453647
5.873715882831972,4.249974452908622,-0.3456112889690135,1.4094657079119808,0.6124249468804897,3.0539956363754683
6.053959047540903,3.7488850785555967,0.7497455753929609,1.9015215356368975,0.304152394463579,3.0822721043875694
6.103026450959483,3.2190629375898405,-0.4216181313900068,1.894997207452273,0.4471329135895332,2.3434807043344716
6.252212661359682,4.173691076844156,-0.5361999277161508,1.468745697265117,-0.6180961603759971,2.859745497528196
5.977342161036065,3.751539679829049,0.4736125924017176,2.026174889184763,0.022240436485942844,2.859733743370297
5.59059606443751,3.146537013418115,0.3462595674413338,1.4357657784147417,0.5241474494490421,3.496462297627733
5.214447201701637,2.992865016283978,-0.20569015123826806,2.2837962259252897,0.5009079980047769,2.422883219914466
5.387305608504684,2.8596098605451847,-0.7398001383368951,1.5383778145187434,0.09861623916305795,2.7314148164196492
5.4617096617189524,3.166952404293884,-0.1827718115245054,1.311346693396235,-0.4664260044058717,2.5792090010515465
5.58495433847879,2.805586977030947,0.04434804020206536,1.183905061689667,0.08644399776942475,3.3461073413600277
5.630678976946416,3.4407087852643836,-0.1925297941778775,0.9480649195101021,0.5413164786954117,2.412379474682577
5.429841812983251,3.167592893342403,-0.1411566712998008,2.2450223833589256,-0.15790795344997466,2.7705984985958954
5.601959749978638,3.335388874244013,-0.4127303032722113,1.6935706744288854,-0.6780941969281689,3.0171699847361646
5.588231130495696,3.3754277353834095,-0.05883594492366505,1.7713623863020393,0.3698451689615787,2.25308970825692
5.48558542984557,3.5453090253885824,0.3156585310043187,1.8714760890285385,1.0778965082998688,3.201275892717351
5.824866768722078,2.894186308348429,-0.05883847012495862,1.6469275410008377,0.41104748093908916,3.2465730718951566
5.945842179901742,3.345399013708057,-0.12482373443605148,1.3751502564569034,0.2662547920161017,2.9403723922293605
5.643969685000374,3.3072168156385535,0.3437241593849092,1.8602681675904498,-0.12671579075941586,3.537218661152203
5.51854729630603,3.6290190740239954,0.19242316826286437,1.3040248677701238,0.10834684158318561,2.7398397789125535
5.364403251284238,3.755934217038336,-0.1621345502627605,1.5750892431078642,0.3035324203737881,3.0888183131634053
4.945309216551685,2.653236666867465,0.21094435413439247,2.129203839785232,-0.26773047735744343,3.1058643514874205
4.557025231663784,3.337965697119259,0.12447446804272574,1.0038321622246842,-0.15848909280384743,2.72333733052654
4.700910728757865,3.5403776845113795,-1.1797473087914356,1.880404241978962,0.3285572521982749,2.5659554133198776
4.144304676192192,2.5944712259623643,-0.016563162012310673,1.9877615199290257,-0.5594193516216658,3.1614053413098424
3.9118057617694184,2.0112311899322464,0.42722552273577263,2.1954633831168584,0.8885541891898806,3.228808106885618
4.294449457501772,2.813702139360534,0.08589347770391129,0.9671449956556721,-0.45051680780381376,2.8181015549029738
4.633096796378523,2.086595971568603,0.010098489483455694,1.1723707990486774,-0.6941008428734394,2.7322754225580637
4.152104106319269,2.4423807387152388,0.14644498191837488,0.47261660778451076,0.09938143310481097,1.6454287271566093
4.40356083794688,2.1883366056020326,-0.589869139788841,0.26613348596126285,-0.8151606801638192,2.7505477044252764
5.028640311176781,2.3126049964055233,-0.13059763932467588,0.9747887326049735,0.11348202507900915,1.3544811597987785
5.099930471289287,2.789659118672925,-0.04555731703802759,0.9458253998060132,0.06508929294433294,1.4228160490716375
5.235449274976342,3.1109052046328642,-0.24945667493599924,1.9484145858038862,-0.08549974490599202,2.6964111731088476
4.697839418211194,3.1523450134162343,-0.3100185093010971,2.3247848739990156,-0.8837635032783558,2.7140530880377822
5.134846073486073,2.733568126756448,-0.4855157554237651,1.708868100730333,-0.05020398223132673,3.686962209318276
5.269388216508043,2.936904301167679,0.5182317211299801,1.0705738988781053,-0.28449557937736025,1.8466065722648124
5.414441725371072,2.8929173699138353,-0.037469540038628846,1.6679155144322402,-0.2501936227377234,2.7622562874087038
5.270940508823664,3.091570003930816,0.5683073600355033,1.6992225515800874,0.05683713349371081,2.8973677501266
5.303924576467952,3.566081720991051,-0.6612064981609709,1.510711832982245,0.5431293749561266,3.018989006660026
5.071935632164549,3.444496786460373,-0.6557596520359397,1.66174124873132,0.11008911252221043,2.8603702831568976
5.378958565399035,3.1583513767843887,0.014924346493768975,1.5726439137340766,-0.16933281518976925,3.5060964826180117
5.362693927800039,3.2459191697393033,0.27006452579005835,1.6290173054903632,0.6953340413728271,3.2835041533890705
5.386515072358754,2.936868155259636,0.18824640170503454,1.5537709663636703,0.23178492533546935,3.1861554052491847
5.611281341432029,3.622702135686705,-0.49815560744074483,1.4329246058787968,-0.31949798158900133,3.190131367306807
6.050265040453415,3.650286245621311,-0.017573191061893284,2.118330751341125,0.3590466181486025,3.329803139460195
5.651958557221844,4.056421780064066,0.9996319171669958,1.6213334407015498,-0.41887930536772117,3.443106312539297
5.56848054571157,3.688537870844412,0.4648872521495783,1.801634134833315,-0.046590430206936595,3.5188045121913003
5.408464189128479,2.8037577526420363,0.21251406851107257,1.7433958456323508,0.47193565727583003,3.425433003864481
5.171956797866498,3.251383989377804,-0.520377964105704,1.6262919951287818,0.24707568348144943,2.229569258358475
5.261304130612479,3.18523195364351,0.5950643464062861,0.9724328203614538,-0.12687105040202473,3.7858348767094014
4.8750868866778,3.0662483051546334,0.1933816348363969,1.6309691605317806,0.3157265998240232,3.0913782066903552
4.900521872598043,2.8779898684920866,0.6966442690569427,1.3930694429874635,-0.19032053928088355,1.727121047207701
4.983256296175795,3.12360731447317,1.235993424953004,1.7136938759107152,0.11344517761699505,2.3103470452038644
5.278648742675774,3.5851329520242046,1.3751448476308115,1.8839015091277937,0.5084576017374053,2.8054927400380953
5.0525965468472975,2.716469902501488,-0.3115403063620851,1.8124864898208772,0.4332610344816537,2.340042666795439
5.041399533132377,2.5624183859947465,-0.252677254141598,1.2101633470027158,-0.2529973228313717,2.1369563087350714
5.319400582565159,2.2305201235950376,-1.0272539572891355,1.28252350677701,-0.06262002589971682,2.358849442306624
5.157708530081431,3.188713896461116,-0.7671380897329065,0.9386288076583204,0.2095269789466236,1.7840075135870332
5.141752984566307,3.0167210273565837,1.0075676428790992,1.8168196943101942,-0.04833146253862142,2.8793891916793846
5.228599164189683,3.125185506674631,0.39919069006898455,1.2779629527847824,0.5332345782873471,3.6710735461549624
5.5918037368787505,3.479491417756206,0.2717162181330137,1.2149223898450545,0.05547141434770632,3.044943662599704
6.037953894916208,3.161646918357987,-0.3039182206077849,2.6122960264295174,0.14719098716079448,3.7118016957330493
6.1000110900989455,3.5005759818857656,0.03191467498038214,1.957845515783085,0.421543731878486,2.4793405357090124
5.994275924432815,3.608187198945636,0.46711366468122484,1.5529338035295988,0.4165827315399136,3.5894834444112167
5.859383297231173,3.1131756362979957,0.24631736339834026,1.4459012352813383,0.23651155872584195,3.0073145741107465
5.5693204697119825,3.0896122303564804,-0.2840917533432856,1.7386117609142822,-0.6885287333174239,2.1072047012129005
5.010438005362286,2.620498861805309,0.12428277592600463,1.5574977945924562,0.542172904961655,3.5210290801592716
4.46866573460864,2.6106742846651896,0.18648963359327925,0.8329950166185511,0.004325128614372245,2.9157441201080156
4.6485633968747475,2.9632130397291854,-0.3016235741634566,0.407853809579923,-0.2265824659359845,1.6654247319005724
4.672059604396427,2.7325496006768946,-0.1919010540790368,1.4117187078221372,-0.11168653326974784,2.466670754163519
4.716858912227142,2.9639350745597692,-0.19974622452599022,1.6967242177995527,-0.2991707779206665,2.3065989674841294
5.065430881141118,3.551996225838663,-0.6113042059914754,0.9463055473840544,-0.21804433429229075,2.108676819093698
5.721808980201931,2.8389220660732577,-0.43506627622101857,1.6276986169433638,-0.20628055923901006,2.6060681328500244
5.681942938815212,3.45594932252189,-1.8951248593781744,1.4265836816312867,0.24140100847655,3.1300855054739904
5.625630520397673,2.9685382511112044,-0.16042291697647465,2.034911598339387,-0.9870402634051005,2.2547908961896814
5.569953916936457,3.4477805269309423,0.6521093485059472,2.082864384626954,-0.3636622523169115,3.212375807553654
5.3743059057653735,3.42864548162564,0.3082971402963857,1.9884869570351402,0.3611399873669099,2.668713415328837
5.638397991393143,2.9910621745567765,0.9583174392516128,0.9802299102348071,0.3230466834600698,2.8310077272224152
5.599067134606554,3.200481822905646,0.5655841096409899,1.3879902987409196,0.3432791689260106,3.1226894642526934
5.608088015840629,2.8810888883074863,-0.4481615575151831,1.6559328801166635,-0.22553755641999562,1.8755826221941478
5.798748813120832,3.217598195946836,0.20780073417976738,1.5580081606144267,-0.10401596532787302,2.8147517788347822
5.980173784302772,3.383049704479541,-1.2405540735096827,1.8159607732446712,-0.08106234274369886,2.737822504977026
6.205383778806195,4.19127203747561,-0.33170360542682364,2.142319353152219,-0.5436472905924467,2.8138999397466904
5.350286547245785,3.1819227101995065,-0.26276218007331004,2.184127835538054,-0.07153315772272877,3.924514110191981
5.769287688830243,4.1223384531167495,-0.09196336885797718,1.6839419331877148,-0.6291914295159773,2.6015483102460104
5.657463678737896,3.082672653206425,0.26847456491929617,1.9419788734346164,-0.10120145986162554,3.1667590933102674
5.900888293241811,3.861105061284321,0.40120306370846676,1.4089262541587326,0.5884008530268793,2.0584659762863593
5.484373002944855,3.5442176529979226,-0.48653992393306666,2.411503777273263,-0.08037560677246536,2.887104716664426
5.419567616352054,3.0995736804250833,0.1404520845139074,1.5587420433323607,-0.7327740749163029,2.9185429346919642
5.772806142232653,2.9557987657120663,0.08759862959341055,2.0442444293041153,-0.17790456701851196,3.347301979038499
6.193888235602683,2.864263874390917,0.054285402065357494,2.3936996289943355,0.18994987434318272,2.520388952429386
6.4807266100352,4.240708281316186,0.3674370141302809,1.1671928217235,0.14910352593589993,2.1301594856494734
6.68062692875757,4.0008396682158445,0.09875841942549056,2.061814251121905,0.046579277416767914,2.8845380564310235
6.91775599316284,3.785708813690508,0.7744795441983661,2.2218360360963603,0.21237681763429314,3.423180948762092
6.459777273153424,3.8382608154370756,-0.4184548122957864,1.0372525174164813,0.8730041096415924,3.5003985950021206
6.450788958633687,3.146318021883894,-1.2206543533226502,1.9181938524437545,0.6208140612752762,2.648636228094356
6.7099283629574185,3.8925690788957588,-0.6061475098342755,2.05903255049912,-0.6266423933956777,2.4328283170257854
7.135349529194848,4.462439054008916,-0.15906534239348497,1.6721849820940045,0.3202106796506802,3.479321757644073
7.265785817059245,4.079019724718308,0.018095052996541856,2.2305464028064694,-0.24066223215314048,4.105135863756836
7.204868666938647,3.687701996239834,-0.7428250979979872,1.3488226014309843,0.2544263242201933,2.948725572458034
7.294894399690217,4.2970377621992775,-0.15456027065368955,2.019213079472865,-0.2338086243629844,1.631173306406704
7.19780682743567,5.03304976411613,0.16618348583560866,2.8231019277326377,-0.6070843136955785,3.438827707724967
6.727972383323271,4.723826579720822,0.809797583305724,2.656760036803335,0.1329113388383275,5.0603809633758186
7.091369941751313,4.219455373906866,0.8219616233197777,2.222221970054746,0.6307689661293127,4.511727569473133
7.034178700873725,4.708147272874071,0.07096402757881257,2.775374130461276,0.02902633696200463,3.488597015027243
7.1394586238101345,4.011560676827717,0.2645887071479491,3.1074818885746534,0.19722371724959353,4.394007034385509
7.66712384826366,4.248302423709169,-0.14515420047791028,1.5044514468052068,0.03689529395774835,2.995873278384116
7.891478654521612,4.48944658614278,0.16645211489162304,2.083981728727445,0.24652488588443208,2.857249087193031
7.952729014757369,4.02197756175007,0.39969053769685914,2.5186984953521976,-0.6030441393479775,3.7090098869924124
7.603711683528801,4.308788987193482,0.8355304509540652,1.3509128240888821,0.21321707171726992,3.364142351820297
7.1523301149296215,3.7656273851374085,0.5135667348636442,1.7398981045634911,0.10412487221331221,3.822537334339672
7.540970625033567,4.23008855277288,0.7054611441228796,0.9118903946506417,0.3617679024328811,3.89319547057754
7.9111077473776374,4.048781269284759,0.44311284810872376,1.904921474935074,1.0557102171474217,2.526264338004142
7.5667553789325215,4.5742009505043715,0.6042096300152593,1.5516885857605307,0.7884336107326958,3.636151320052423
7.452215029619368,5.359015852903488,-0.39162452894517996,2.277319747753543,0.8006150769939014,4.114264013385939
7.295944561120398,5.049854976945189,-0.37395791617844454,3.264514859499735,-0.9074162020263657,4.7093971518496005
7.259580119703312,4.482265174559117,-0.6288489563227864,1.9850887720780364,-0.33616530832981784,4.115016075326569
7.109642740456512,3.949521407059792,-0.22439393372783137,2.8704041988288775,-0.05422628917146444,4.6303937680058205
7.061618749733106,4.969151890071118,-0.34171316126690393,1.743536807580302,-0.16107438228678245,3.9858099498391746
6.690301007243923,4.470310076305704,0.25313339401675383,2.9923060722506922,0.21933253669729488,4.651456541762659
6.6571744370914,4.858174769979698,-0.3553951411485041,1.6244767919440655,-0.46935187394282163,4.3094728953436165
7.144670251544605,4.394026142135722,-0.011843119387468709,1.6307662940010654,-0.34197604133185655,2.9510914729973785
7.378793539013203,3.775674612513704,-0.7771685991107479,2.402623153052422,0.41999249305210434,3.4855641335807164
7.549845290245756,4.341105379630933,0.035743503703321744,1.4499551131023525,-0.08491087689044219,3.670307020062861
7.818052611172833,4.062507208755723,0.16675626315044526,2.446688754363138,0.013744969389992198,3.232391577510687
7.729661860014719,5.046369078245471,-0.29510171025005627,1.4640077109458534,-0.33069186866238925,3.4133752301021
8.213787114486419,3.9814607947099407,0.43860976147140757,3.06372337462373,0.42172740269345116,3.384656505044264
7.457349633307485,5.37724203241178,0.09547211726780105,2.627235185275051,-0.17288700115593705,4.5821291210155595
6.788969914562475,4.307525512298192,-0.15538367173430348,3.149555826175611,0.5575098332830324,5.029351805987458
6.383804899938707,4.276998736174882,0.3846944143791699,1.4852690020372599,-0.8889590002143962,4.4791292514718055
6.329775109644934,3.7470141684797165,-0.5271827219136868,2.284115800532722,0.12073731508464916,2.663486739370552
6.895442180714166,3.663714085117573,0.34395416791984,1.7554692218789432,-0.06707813088020431,2.7433339602254523
6.992245111675257,4.109051621690433,-0.5621799680544308,1.3644284426160431,-0.30965192576274986,3.914101932955089
7.010012879960623,3.390795122572625,-0.06495074771574544,1.8157251074367975,-0.04038713974003347,3.3827328009418687
6.363803933554512,4.35263124939625,0.08408373401381697,2.2089023605657925,-0.28807274666163535,1.7972397579640411
6.064772708012965,4.112965911244697,-0.5233073992301335,1.0896209893399977,-0.14570909042352206,4.422410319535739
