X0,X1,X2,X3,X4,X5,Y
0.0,0.0,0.0,0.0,0.0,0.0,0.0
0.02474829128511088,-0.23220920747710944,0.020206025189854752,0.27449232787250527,-0.7027162022315739,0.5895510603988281,-0.20602927766869714
-0.15417773709655344,-0.6163674641320568,0.3875657838889847,0.28236633907439757,0.381671876982286,-0.20509612004011357,-0.6694129827218676
-0.055622382531803696,0.22107486138461213,-0.4435518395386001,-0.09544730390223949,-0.15543503599192995,-1.1213990793643336,1.097270140719218
-0.1612714047103959,0.42482845683392406,0.022875888173364216,0.1572130819381967,-0.4965237351865056,0.1953548736687462,0.11217444464788928
-0.10784550845919218,0.12927223981909658,0.288717454589683,0.21971986087991807,0.19371078615704007,0.5809377077053829,0.2110657176280284
0.09937062720102134,-0.7343186597421478,0.2710788823700209,0.25346845081154484,0.3902032424823746,0.16330543011723073,1.1386795249639157
-0.12502919708075821,0.31184036908652474,0.17665696133039732,0.7286208720008913,-0.5226040603936758,-0.7726173311208688,1.1033596066967104
-0.22215740012906904,0.13036225385023956,-0.2408586429264603,0.12878271563362503,0.4313380917488008,0.5529018578236731,-0.45794324809163406
-0.39672299625033947,-0.20840452901578665,-0.9023291824762861,-0.5806955975255488,-0.20439236104538688,0.34496644977502955,1.1915897232857464
-0.3160105309791316,-0.03768132859735321,-0.0988733653373092,-0.758956870831603,-0.08485024101973926,-0.7755778577240795,-1.0580351351863142
0.2948798042521556,0.9086138669381163,0.20125459955889172,0.05919770689201301,0.18259878555311415,-0.42877209942155514,-0.7656705808723041
0.39529578391023673,0.13984892529514248,-0.13376001204557295,0.11531094242373144,0.4253176938248243,1.1265768632974167,0.08261300450480835
0.40048815682476085,-0.5637142136151214,0.7279103866916552,0.8053293641369428,-0.3718351294110259,0.47770271106786777,0.45594264313231825
0.4346027845431833,-0.1940594637236713,0.7175281766967706,0.42155274231040174,-0.629264062774633,-0.9019913546385974,-0.2121697550901785
0.1951340532404616,0.02454527349881394,0.25164593382743067,0.761010997678268,-0.17217869455153417,-0.2886809620871166,-1.4183696043493663
-0.30814915077747496,0.1734333353624299,0.1687000618104533,0.46109470299794875,-0.4486243989500965,-0.04034484600056238,-1.293972656218323
-0.5591282818015524,-0.14729498372051514,-0.22364997996110428,-0.3759873321324324,0.4683582921250343,-0.10627436168429366,-1.1365036828723045
-0.4210211895269719,-0.2484735226281951,0.1991435249435885,-0.0039152902945539525,0.05941842184159468,-0.9444098332832874,0.27058962994436153
-0.34062545835802593,-0.42131198504291545,-0.1397548689174759,-0.09079399743713729,-0.45673785788937565,-0.9376002317000349,0.6413973041647512
-0.3261274507331356,-0.1410338373358894,0.1801997148177623,0.5229698605413432,-1.3343965410168748,-0.2929435751861722,-0.27122502862497505
-0.4148581018235013,0.5334113643468313,-0.22907568623837074,0.47578295126067194,0.38520499926237717,-0.1863935626307211,-1.0814244049730537
-0.3886458020979169,-0.22439174867763162,-0.5297111007197534,-0.13551333418406591,0.2154658491171326,0.6743974817818177,1.2100014549503038
-0.5546271516556052,-0.10427844406682797,-0.2341958864728569,-1.0705788570863923,0.9343509545135975,-0.7044427412535827,0.4328960134756592
-1.1997671197238287,-0.12560491509127625,-0.9883080086893501,-0.480381769261756,0.454061189620062,0.025389588833019228,1.0200121236964812
-1.0495475470987987,-0.9278043017891434,-1.1756652930841813,-0.38148247780332833,0.4810109516747865,-0.1373376156030108,0.41014561223543544
-0.8860114981897619,-0.0218580946191117,-0.4373674827663726,-0.9669022620635712,-0.07478023329942923,-1.3791364702620277,-0.5782630265043388
-0.8473739929404301,-0.6757403640609713,-0.9642602132997418,-0.4022988301386357,-0.3399030491025586,-0.364225443692816,-0.1471352273484939
-0.5142567651704022,0.0952485071546959,-0.14910149565692987,-1.0169576254357657,-0.07624475233539657,-0.9975336807033386,-1.3369639697686184
-0.6047760925431971,-0.15318139103056289,-0.7281503522308121,-1.037058104111369,0.19579331250567578,0.3167593952196951,0.3876029416996979
-0.26292785543542646,0.03119634392084806,-0.022484215816975794,0.3131216884261977,-0.3545066660105015,-0.4491305158925098,0.0928030844930777
-0.6704025787163537,-0.5295707602396561,0.10674379649446605,-0.30381511664060745,0.19687623694285333,0.035263243990426726,-0.004944620953487577
-0.5880492240985048,-0.14522997987626285,-0.5130264567769082,-0.7449454301263323,-0.8838919139584629,0.02862073356089545,0.532319693484966
-0.2790868778848484,-0.5001868791377327,-0.1647803320152931,-0.1412851934829948,-0.41826367632348005,0.36635281791736446,-0.43397340741229906
-0.3272462254657359,0.358680800285461,0.30706688737117704,0.09688022745893857,-0.03361780606713585,-0.8296556618831468,-0.6930541415204902
-0.7575573715865335,-0.06903187895236881,-0.009977157226282285,-0.26253070493457,0.6216534841069232,0.7589382753906122,-0.282603944815369
-1.1321812760983907,-0.4901130017289732,-0.46845514784352094,-0.46410329487558283,-1.1223286667444812,0.02410907887359423,1.4735396398528517
-1.3403573132897324,0.03649334694825901,-0.9880330636839332,-0.04523324852663235,-0.5641459169418463,-0.9344393908358033,-0.46650566669943416
-1.0594782762253008,-0.143077632824616,-0.3096933093223437,-0.41406870953625935,0.4440719588294904,0.6258830620431681,-0.4882843151673282
-1.3259069485477233,-0.4736056976610171,-0.4239355086379576,-0.6494026959921003,-1.3310683402660572,0.006360332111813083,-0.08458350433067441
-1.4145558394251363,-0.5310165169767797,-0.9354131001421276,-0.41299955372667985,-0.9605638553560154,-0.9666053211002732,-1.7945920709013117
-1.5149952541205127,-0.08038269168154338,-0.4608466139644196,-0.8041693896255744,0.727115764045206,-0.5801647470700952,-0.7737183179780456
-1.2932589259431642,-0.1610377018424349,-1.0997468580897103,-1.1230082050666392,-0.02744598726397142,-1.257694010213828,0.3574668726053223
-1.3028745564083524,-0.7626655436958739,-1.2050675948341072,-0.4849520720314784,0.16181119083285644,-0.2653102613296247,-1.6226755575287797
-0.7456273840440418,-0.4218101436280679,0.4230250153628953,-0.6690395205022845,-0.16603327786850283,-1.1829395181576738,-0.03527521538625089
-0.2303893176962144,0.07507417301635716,-0.04226267767340869,-0.10531833008159608,-0.8743802848737532,-0.580281083428548,-0.3858140317567931
-0.08137337318236851,-0.4624598895445756,0.3993102607057869,-0.3350621707500716,0.877670262698976,0.05732137075143427,-0.47566258060741606
-0.47369212152618945,-0.09095804827240377,-0.34455960220263177,0.19738281467110935,0.3563281765976832,-0.450720514606598,0.7733361273542407
-0.8295515583500328,-0.2165161712405762,-0.7064573741344231,0.17877532549551917,0.092519921153562,-0.011263948391970535,-0.2725516243136291
-1.1224125006497663,-0.5706560793969987,-0.3688198874296056,-0.2720592314799142,-0.9937557191237318,-0.04473692379433808,0.6862264106406525
-1.6645977612820042,-0.6730032986159016,-0.3729901821591826,-0.8701673990359411,-0.43397753739759837,-1.008357307242452,-1.8732083460358662
-1.8366028819906464,-0.8902210118186931,-1.151983901495067,-0.8321103665696398,-0.23194583248952455,-0.9648841816274853,-1.1534700857388953
-1.7763308509859976,0.6554263688637401,-1.4512338533487998,-2.1822194891870437,-0.8851832718715233,-1.4908974766190985,-1.7714855577745778
-1.9537005570234698,-0.1800330636614204,-1.1013996733272557,-0.699819179912254,1.2958435336707907,1.2051812278229255,-1.6143460197565511
-2.56225134021244,-0.8464535779513361,-1.6616801835956545,-1.1202304316013854,-0.8952411959691935,-0.35664134727261554,0.939220423279116
-2.4137291096152866,0.3258364490269346,-1.649805770140763,-1.0787958428315263,-0.39309630641094245,-0.8111281893801581,-1.2661713889641022
-2.775734040473917,-0.6085387850210254,-1.875787052284288,-0.7957084483482924,0.36935705870785107,1.031981252650212,-1.8156902390727772
-2.7489049386680025,0.0045402728409799364,-2.4301648710194677,-1.5525391338463637,-0.17340194399478426,-0.8758518876357768,-0.7165359024723336
-2.809896897876346,0.35544012045191153,-1.4384191879456365,-1.0767394815199134,0.16681938149286646,-0.020411132514073144,-1.2776989526578622
-2.865778987899203,-0.7398872727299053,-1.5770296165876607,-1.9721154116827018,-0.29048306160213544,0.5413727594637397,-0.07487425867535025
-2.918171950321665,0.8104379043665673,-1.408779589878467,-1.3873817200761873,-1.162635748904608,-0.7354139753675552,-1.0117919352499603
-2.768841175951693,0.404222269089208,-1.8704000655116593,-1.260813001277358,0.04860634884808379,0.6260675066374874,-1.0960674781328352
-2.9424726409187687,-0.09324422103515928,-1.5089131871938837,-0.6747152966265572,0.9658567461363159,1.0877343293773123,-1.6623753484664578
-2.5426429789199263,0.8181357519009927,-1.714921939958323,-1.1683676099071123,-0.45502724769467623,-0.45800973486682145,0.06608953898558928
-2.548722632094207,0.2960457799691802,-1.3715779471039977,-1.3319902903710767,0.9641579861505127,0.47078246871869667,-0.896134147902936
-2.2224115173053214,0.12908872223657153,-1.6313639996144815,-0.9906403618478969,-0.04162596784048184,0.8491102112125153,0.28034251618704215
-2.476429970064319,0.8100298920350594,-1.0012885150978303,-0.9880575754155116,0.7843691376394677,0.8146111828510479,-0.9673195866842229
-2.4253459102082373,0.4389933561633823,-1.2497531506687172,-0.8747861835952884,0.5688751638011829,1.1014042618562758,-0.2737661226899254
-2.5102506753192677,-0.018087621617259103,-1.5105531278278985,-1.4921307494359104,0.07153748035270172,0.44055088785316854,0.12518858845949551
-2.8658667702528007,0.8066518212139077,-1.6524307396985791,-0.6847712436790053,-0.04805403848643912,-0.004650037250737905,0.04537814088319059
-2.913598128348468,1.2467834908585944,-2.005201799368331,-1.2309724296215097,0.6642177525958493,1.0861650766998514,-1.1567389420832952
-2.4748818252173574,0.3255737936716064,-1.7094506506172054,-2.0211978244492945,0.610893073447294,0.5051620921055935,0.32456275993770145
-2.296546402099429,0.8534261271066261,-1.5012864412553566,-0.7964366950519313,0.7600407579993141,0.3415348688037736,-0.3412540000352778
-2.5374437302798487,0.7574480027565916,-0.9403533888584907,-0.9151897694461563,0.011434178286711227,1.0277736153792612,-0.03126749422062279
-2.8798573863427097,0.8848104513581849,-0.6843743143441688,-0.5780471527524043,0.14188022508238501,1.4550259054863783,-1.2892312707476776
-3.2435118003128336,0.6319684679107722,-2.0431963092312344,-1.560502862961388,1.1356578662223353,0.9906432906059084,0.1907338771333584
-3.2923028471390543,0.5775321570910024,-1.5777587995796614,-1.7079101074062866,-0.014741169287645794,1.1928854869902208,-0.6692693981506087
-2.98556558981759,0.38556102752482047,-1.6929497854455995,-2.2696271951604956,0.8853440662306249,0.7858732607746736,-1.0000143819668357
-3.5198582376310807,-0.0622018960134568,-2.197797567493626,-1.091413092700093,0.061146469883031435,0.5177544621762622,0.5328456758223206
-3.951534103288226,-0.6230308428176148,-2.3939465212430084,-1.3195345860584258,-0.32644267491910584,-0.17626160342614727,-1.2826911455448173
-4.302712713852987,-0.4064819752754525,-2.3027747748893725,-2.535218018936409,-0.3272206658433775,-1.8006940876939384,-2.180790742465241
-4.058642959172551,-0.3008847431605267,-2.3466082474544514,-1.7256854433288649,0.04340605280819493,-0.6781813023254317,-1.371207579213069
-4.030362573724537,-0.3088432906901064,-2.1558180354514116,-1.8671896030004358,-0.08699526931961003,-0.10774798647991868,-0.9450354612660229
-3.3259839286997797,-0.7682360259989659,-2.012098324909518,-1.989634490722093,0.2419215742262873,-0.7802872517421575,-0.5918331537014292
-2.945528349531652,-0.032472701483962196,-2.2343023798763983,-1.640488578011319,-0.6567070658714799,-1.0029782396042957,-1.290400318426483
-3.284472410787643,-0.6990588626975462,-1.3839084927470093,-1.369571894843169,-0.6021957832640663,-0.16038747362567787,-1.3090906930654966
-3.3291088246084506,-0.8918164112445579,-2.229476399495134,-1.5657184824182717,0.11297734399238202,-1.2577768368512423,-2.3449578957924064
-3.2276252143027944,-0.48796510758271916,-2.6364746520346896,-2.2590677757156166,-0.6418949440245583,-1.6118513977982643,-1.4958920032865395
-3.095693843249423,0.2505090877930002,-1.7668784266398596,-1.9618331023033035,-0.10944275686526997,-1.3382268820130894,-1.7924626071544634
-3.234078686563289,1.216778058648497,-1.535036497821816,-1.2496987083713922,0.2691275814468148,1.0615410733115853,-1.3196661982103166
-3.3711369187642335,0.05471139286164928,-1.7259096488163475,-1.9174707094415404,0.654787014869846,1.230082865758412,0.3085361229285298
-3.9785164489791667,-0.6015702443280437,-1.6037908686066424,-0.8703576692047265,0.16037865272247645,0.1546357391234041,-0.21780906535094402
-3.6804784282601735,-0.2478730017895543,-2.774572621782264,-1.5436707082157712,-0.6867917345970714,-0.8689960347888793,-0.5499348778971916
-3.996388047374595,-0.08234542994953167,-2.3889321646135184,-1.4946016627687335,0.3575762626756124,-0.359920849155737,-1.8147813755933875
-3.8630447573237565,-0.980588976792843,-2.736106430250199,-1.9835605974631294,-0.13368923792684212,0.058325175718068,-0.9377378464673884
-3.471003866187936,-0.6960879805250584,-2.8994300020464916,-1.7881701419445764,-0.720996934616986,-1.1558708492792211,-0.912848954959856
-3.3512352114286323,-0.06911636264855814,-1.8891573433598674,-2.2836866077132036,-0.5905334490633646,-1.23186679896967,-1.8794050621595777
-3.4017913961326993,0.13697639911072718,-1.9642421290837793,-1.923311115989802,0.5451611884141603,0.3781117864217984,-1.1476961898855804
-2.9477355681511064,-0.23639097093654876,-1.7922718911668554,-1.2384941138524364,0.6215763996556125,-0.17522122341663043,-0.7278436406494929
-2.6436122822874237,-0.5351607249995685,-2.129137835744521,-1.721766377282933,0.2986189632084306,-0.37711330343738836,-0.3317167848102125
-2.6673575900155178,0.2975361032322801,-1.9684927952808189,-1.489345945890414,-1.0428641812220745,-0.6846798307104877,-0.4157124754627495
-3.25777124048319,-0.04057369397734721,-2.6710889419990496,-1.5736018034248154,0.3152160704907429,0.0008782220561656118,-2.55951324668887
-3.1520853301993084,-0.524086725554633,-2.111235539631918,-1.4070753082373062,0.6111258718015815,-0.3129253034749684,-0.5435387525485254
-2.5235230673631888,-0.03868504043023063,-1.9151416666295804,-1.939038701269688,0.09869425420817185,-0.9726737027612022,0.14636114003310458
-2.0502517862112426,-0.27431430673630947,-1.4633521797339584,-1.181711439750805,0.2069126429964677,-0.035063989857485676,-1.361867533929534
-2.090077875594655,-0.0891082486600605,-1.2320894756393241,-1.4024799312377634,-0.47356019866668786,-0.37189431818484486,-1.3826423216286245
-1.934618951649568,-0.14634241031261636,-1.2782056909533568,-1.6585769233447414,-0.14211776828241018,-0.37856288094876606,-0.696623348387308
-1.317123166571668,-0.043845079514614166,-0.2491514768742502,-0.6337455071085929,-0.08026661992861127,-0.03308499213416671,-0.8292554562751624
-1.0844826637964322,0.6463013994975764,-1.0199820864233382,-0.8214934605574685,0.46024734958415103,-0.3619219802192172,-0.8906633026493778
-1.2805367920273931,0.26338771112104425,-0.5129488012042918,-0.24093022974378858,0.6664719593926445,1.046097876557141,0.670688716912859
-1.8696700160901678,0.11136205966854298,-1.1274555479658839,-0.7363829861713238,0.6030001613477506,0.26116516646788923,0.8659756458183903
-2.1046852000758016,0.2147536411484063,-1.5439043697448145,-0.7375631019139842,0.8069547495101226,0.4644471587516631,-0.13058699873656293
-2.1532767480564456,0.23914104530076333,-1.1198957846166533,-0.9539512491655686,-0.22348087673915384,0.7855909690483129,-0.6453709044860081
-2.247399786123679,0.1643400534537754,-1.0068945722339322,-1.419870969366194,0.35056743581157773,1.1345456245723082,-1.2402374827635092
-2.050601379188914,-0.02706398870358405,-0.7938155526902194,-1.7569166236745737,-0.13778252154335727,-0.05654517273548659,-0.7235695341236763
-1.6911981118465018,0.13353378159033696,-1.1069778314619398,-0.736976417693054,-0.6844914049491538,0.06504166212574433,-1.0121359036297726
-2.0470740379288177,-0.7190176795754772,-1.3865210181746126,-1.5896778091550383,-0.1714391401708107,-0.013779520271795798,-1.0772500794133044
-1.3844915325571214,-0.896267749253072,-0.8962376076489436,-1.3147877921950422,-0.5215242548315897,-1.1193546470021782,-1.0496933312700394
-1.2403498600490448,-1.0118592770796564,-0.36311523757713177,-1.226317035059867,-0.20554347520657948,-1.4856496731209956,-0.7155933598082335
-1.2357305707361335,-0.5773844821711837,0.13338528809361339,-0.706297191725068,-0.7400662596417813,-1.0035248586066485,-0.2374409344404701
-1.0882695077250293,0.2821829701552463,-0.4720773764383643,-1.107884383698777,-0.45259123237576737,-0.9710135957181233,-0.3291889387182836
-1.4655006307451144,0.12875404276988456,-0.46748470519250873,-1.130596655729128,0.1283813812553513,0.6405967145578453,-1.0394812481819053
-1.5212371915178116,-0.274081964080552,-1.3673767131978949,-0.7781906832100708,0.1090073057872171,-0.057954427143657505,0.0157850478817026
-1.7988273113808453,0.49171924611127993,0.25075443747857296,-0.9390611430084533,0.5377686987916714,-0.9444651520235259,-0.6318432424812976
-2.716364216220542,-0.12946817859953166,-0.8446849816053656,-1.27133231351245,0.49467213305204133,0.9909970796819602,1.0545322668220114
-2.668166644982274,-0.2859504465885493,-1.392042317336264,-1.0697704024077028,-0.6439102290923299,-0.15264445159815046,-0.4876434770182584
-2.2874614478541724,-0.7855528565874338,-1.7120744529721001,-1.1848752196663892,-0.32413975213910984,-0.32351097087244574,-1.6453601548335732
-2.5382825672509854,-0.16210872960992254,-1.4371996406074599,-1.1811946237439577,0.032864610510358716,-1.5349392174785161,-1.249776746373256
-2.590551604749947,0.7089681093594438,-1.377527097959657,-1.5818709879309405,-0.02712783695178604,-0.22654007939378645,-0.4200488417996364
-2.7152436623198417,0.19455545181738237,-1.9581232873773655,-1.14553432943001,0.12919196153494958,0.6382244452087265,-0.6933672307892718
-2.5662684012693036,-0.030863541903498784,-1.3459481770513706,-1.6482976587427993,-0.07235637371406506,0.7758413595404012,-1.0643465184912406
-2.2449456915919934,0.8059754182546868,-1.282498832186669,-1.1683467131086733,-0.16145777165826075,0.3128144900511582,-0.5161414161409479
-2.5008573229484687,-0.005304740555266807,-1.013319728620024,-1.1282136054717622,1.2316807873464832,1.1074016944435972,-1.135762140711485
-2.030410309552539,0.35900562807670705,-1.4958787360599788,-1.1854635772897006,-0.09088202991036466,-0.052342588342481504,0.3084541463157232
-1.6501219355066774,-0.15490890073591257,-1.1510057519654442,-1.436958005284572,0.9942593810009487,0.8499206306052125,-1.6831386054981161
-2.1971591225827782,-0.4729181181412141,-0.22736866892144025,-0.754884780921175,-0.2790800105432904,0.03168187345397355,0.6919628706542391
-2.3171083399717216,-0.09779497637429352,-1.6830246865229628,-1.648747017306667,-0.6199906930862372,-0.3336797835136629,-1.0114752861993266
-1.9336288058595392,-1.0661690655113405,-2.0695553447436135,-0.6744221473755023,-0.16516349536828573,-0.3623855369258714,-0.7539701283786988
-1.7568044931945985,-0.42869907377039845,-0.8737347680148881,-1.42384803293379,-0.7361337241261217,-1.0063046404200873,-1.5793623450877234
-1.5942932254192115,-0.9902041327226556,-0.2803025459048838,-1.2053039931972374,-0.6450455821011369,-0.761663028260572,-0.9559210624565666
-1.8662894280342337,-0.5109075097271445,-1.1711057604340593,-1.4311965130053075,-0.5944760345728417,-1.07961139688004,-0.8500431772765389
-2.0471823386951327,-0.04188599659719325,-1.2301596862500803,-0.2989534825276414,-0.33224125718479075,-0.7869954385554897,-1.1899176378802268
-2.194605967341384,0.22250919043035194,-0.6639253986547852,-0.3718933601266372,-0.27759806608691684,-0.3226852845289762,-1.1954797855635615
-2.157825908172669,-0.5153243425788552,-1.953460075641798,-1.007199228703964,0.06905330621123668,0.578066765916658,-0.32687715380423227
-2.5970815455495018,-0.11019463894610021,-0.7383180423006964,-1.2579154545064657,-0.362444731890469,-0.5465697782719505,-1.0724784142835335
-2.982163574150506,0.6233505537852859,-2.4283001275761924,-0.7525362620168067,0.1960537666746958,-0.6266605267272016,-1.2194216660045316
-3.6335214618537335,0.2061885033356341,-1.4526447443753874,-1.6143014272289198,-0.4242946449506735,0.906410508900356,-0.6810425185506801
-3.6299465662453443,-0.36899926774511127,-2.942765070379493,-1.5289762069343027,0.08368261370518709,0.21039940813133057,-1.0236818497099112
-3.409772588987613,-0.7986213086804238,-1.9129541531526146,-1.0554452184798149,0.3805403846369718,-0.8136422648808092,-1.920116093933284
-3.490071615625349,0.7447278991856272,-1.417512543289622,-2.4365589491598962,0.5020733877459227,-1.2835042980583349,-0.20780271226808558
-3.683520834979477,0.041387113939836406,-1.9913114364612146,-1.703244362097533,-0.1398590385145304,1.0169133600078848,-0.344577997762822
-3.7699852351562524,-0.08367230197706063,-2.655268229945604,-1.9349052489084129,0.4836841351919199,0.25625934752023616,-1.5875296437056345
-3.8068496294769827,-0.10834815766551571,-2.3440345169007233,-2.392425569567627,-0.14874291307168983,-0.09720193038244433,-1.1076426949746188
-4.454912716415137,0.43607362031115915,-2.1218156580910437,-1.4510151377943927,0.7159175378045705,0.33461289587820475,-1.4168770715708596
-4.254607955911688,0.052223236434976894,-2.5913806085002227,-2.0915488034230236,0.47438482270987786,0.6975044949004227,0.000791241245735208
-4.4923316552430865,-0.7414669140965183,-2.632262375029848,-1.7598906208079668,-0.28541248398900987,-0.2612286300245885,0.04888303639568414
-4.653438675280924,-0.3987108546522792,-2.329288280397458,-2.164158371080196,0.2190505796648175,-1.0805046418697635,-1.9672269548922374
-4.397944026944235,0.43388016528969797,-2.903085663631243,-2.9725330349654158,-0.5644555240034115,-1.2853581018737752,-0.9965479353431097
-4.417106183933221,-0.1773495982042823,-2.1031913781775597,-2.311891079938847,0.6463974279672595,0.5833850980809123,-2.3246467328924663
-4.0526748372664745,-0.6958179999820953,-3.3461752933474935,-2.661416098338222,0.0669739091377683,-0.7515925779816289,-0.3440421195080014
-3.768830130828515,-0.1471233824648525,-2.6758853921686203,-1.3594110039338698,0.10971879140113555,-0.5687974137204623,-1.4385918356322156
-3.6751423802615295,-0.3135885476535512,-1.938625563953392,-1.5935611930838953,0.03128422580229494,-0.6856670292198028,-0.9555142167729976
-4.023619894217175,-0.050787495798293406,-2.6260415701742676,-2.4683782770159284,0.02527113700951275,-0.9697423662464297,-1.6046997992580985
-4.038693744804348,0.5831431880833187,-2.282465813131617,-1.8518316522878437,-0.44478064012400287,-0.013482132270471334,-1.8447767717276853
-4.48834474623978,0.9449667699688469,-2.245858774334545,-1.5985401341167123,1.2258324850716795,0.5857715481559205,-2.0599932030088923
-4.901134683463713,1.2987125391081253,-2.538311442739883,-2.070518117771207,0.46366702956032174,0.9659381713180624,-1.1148912922649734
-5.130768935452657,0.5680351345968584,-2.9960319377081266,-1.9571297934264853,1.0702302352786195,0.8625290441985953,-0.7100267131440355
-4.908345638862527,0.04535212291671359,-2.5975117800518315,-2.464701148766489,0.7265422370811109,1.2553724722734563,-0.7469787917844599
-5.437735613676955,0.36604295053557556,-2.1678985192763967,-2.0774279553871073,0.19619341005779753,0.4253114158827084,0.14906672736144555
-5.972520573863402,0.38424606714071297,-3.03832539560135,-2.3953464948298437,0.3201498479593026,0.22591992126209381,-0.9725339157290654
-5.82534039898679,0.15023014894926637,-3.806275635256481,-2.853952247969891,0.30144668189293095,1.0080690896937692,-0.7477857136563226
-5.741829407941854,-0.25926413625023165,-4.272542802913441,-2.4601045179681753,0.9855022097310002,0.7293396938448247,-0.7229173019044903
-6.000515512492767,-0.46885695270462663,-3.304788138818147,-2.8438493670450935,0.07441821566236625,-1.126969358876614,-1.602948934380641
-5.5051663175530825,0.8306125161665316,-3.517805998987412,-3.425560234796975,-0.2505985253198748,-1.0256417680638839,-2.047883875053848
-5.777042969386203,-0.10585456592940129,-3.7879749094813837,-2.5301836994621656,-0.4666120108147296,1.5825155197762184,-0.9060233610877568
-5.541144685376631,1.0189541200153045,-3.6835756239405937,-2.8904783733801054,0.38737775773100425,-0.6930435530016623,-2.9512527907445723
-5.400787170264242,-0.286220456726172,-3.293593965208606,-2.9044591582110826,0.6153891645264263,1.7216909296455256,-1.6384019436549053
-5.00838147073315,-0.18069112744561688,-2.6013060123067206,-2.4046856805099086,-0.07739775856724407,-0.6186365993319295,-0.9344418316048668
-4.815748451558242,-0.23763132064535397,-2.778286679728912,-2.27985038362712,-0.3234048188193478,-0.5315234108574747,-1.113468122661962
-4.770731535759606,-0.3629452782395899,-2.9068423201088747,-1.9633714656152323,-0.4322107368662913,-0.8746607902222852,-1.8270480513373888
-4.7677073454044825,0.07351090974376431,-2.6954040845049647,-2.6587471972523153,-0.1704509860218811,-1.3717342864714483,-1.9730704949810836
-4.877882464991622,0.8234838518634588,-2.624166884202465,-2.9069340876814804,0.11265740354675938,0.36113617658129027,-1.2364775108982122
-5.251495984991898,-0.048959601151241205,-2.541308029046153,-2.8472205677487445,0.44066236615142645,0.9997507957510022,-0.9436458082703545
-5.561053238597106,-0.1720346742613294,-3.6753115400560414,-3.3706861214243506,0.3511468175726252,-0.12354443546041137,-0.4245175166037948
-5.3134228943483635,0.4291680218493914,-3.5336398011705024,-3.050565444505612,-0.7002789309765061,-0.22839521420402925,-1.971059044815053
-4.803687378081577,-0.027673852175394448,-2.793506948777064,-2.131036948204534,0.11703887228268343,0.8220384695072467,-3.159173578091403
-4.711196281630704,-0.3650340017378762,-2.8320963535902157,-2.342569785249057,-0.3096279127388269,-0.005490277291189276,-1.5113077368981145
-4.868287522114689,-0.4257792447464288,-3.0788211051457255,-2.4655750097050912,0.4356912604687627,-0.21833176346392535,-1.952322350094225
-4.823667557805745,0.21818149590857677,-3.1298179669658346,-2.769960045871193,-0.4183167843384713,-0.8253671660116817,-1.160732985777936
-4.600006591412723,0.5371545153355439,-2.3333054694488373,-2.495638138820379,0.14131831265611355,1.104976946788235,-2.478685462067744
-4.5216880282922975,0.7707427902399387,-3.180921252417529,-2.2913228759210913,0.5690610795559359,0.5453466784126327,-0.811035558302393
-4.370928597311733,0.9677714956173853,-2.8860612674739814,-1.7468969648704695,1.3962914527881145,0.6355944642118189,-1.0457275827225958
-4.538193681335232,-0.061635699258904275,-2.3642103958452103,-2.191133503626024,0.9184835244417107,0.620294173742042,0.5160427100863366
-5.220039901086865,-0.41001810466098193,-2.2278572941701804,-2.180783860018586,-0.10588592536540287,-0.7592901244185366,-0.3167573698828377
-5.237034643427002,-0.18791294460322971,-3.082665348954883,-2.8209466122000584,0.25676881173817534,-0.6996874680292066,-1.349187751405746
-5.510188006910704,0.9231587724409485,-3.676480764919952,-2.3827112422901937,0.21886352716260216,-0.4469120837643631,-0.669891756317979
-5.867166797207963,0.05773181835017538,-3.4949304883008674,-2.3459670215882165,-0.11138488185242268,0.810428346243073,-1.7309406742830604
-5.813691262379941,0.32070037681642855,-3.3618075319601224,-2.477769698871976,0.04327706071119487,-0.07080995928797273,-1.596286172262146
-5.808019997222598,0.11166422930572324,-3.540889558356768,-2.65787014720236,0.15485672531407232,-0.12765523639342702,-2.1827997261011602
-6.15676545920797,-0.20565881994405744,-2.9779790218911093,-2.9819765341753603,-0.337050841898659,-0.6872368121115457,-1.737970695176036
-6.228986863968451,-0.6905078928155852,-3.5700963973854813,-2.9007778694339144,-0.6912575157453769,-0.5336879107776383,-1.4910268447816557
-5.788754504815964,-0.91808933334544,-3.708477018086856,-2.972739629412862,-0.6798005977557278,-1.5015345503046333,-2.3761536842201494
-5.977664719913213,-0.6612148036610713,-3.3602004696224506,-2.5219055794693452,-0.7857933700374073,-0.9485250676164383,-3.439596720492095
-5.926791531009656,-0.8187756189367674,-3.0906378995933403,-2.8140476381176733,-0.17426669821225252,-0.8436117719643383,-2.2813142297495075
-6.156304806795157,-0.4447511351319079,-3.067761678661066,-2.9554228770847377,-0.2931202842559918,-1.1299344827187858,-1.583957462952573
-6.002311130835832,-0.2295580634287361,-2.8788734138265077,-3.0352627658232447,0.3395013066691203,-0.7370429430004324,-1.8257979986529933
-6.14147579964237,-0.595554586065696,-3.718583924265094,-3.3898872536372546,-0.8009391245930695,-0.21511856813718971,-1.7089987248895095
-6.470442943866786,-0.41822696734006326,-2.4607928563780828,-3.6279124787163406,-0.23002534736094005,-1.1587952758107336,-2.89197603409788
-6.1913843519082326,-0.24061336359511507,-3.776925931123205,-3.617761595317249,-0.3461897147727573,-0.4439143209524854,-2.243294985813834
-6.198972660233795,-0.7687209069237124,-3.348748271413045,-3.5061663892047683,-0.30662476140293143,-0.06254565250109945,-1.9748901619039398
-5.9676666284966915,-0.5010206928154161,-3.5954970323651114,-2.94088025265044,0.1682580274447305,-0.5350712413518033,-2.378641839083214
-6.363126446682312,-0.11122027318359214,-3.4055700059276983,-3.423924397780753,-0.538051478781543,-0.5872221739336114,-1.2505222578682558
-6.254106613855804,0.2532137245466278,-3.916895609569119,-3.5652382212556275,-0.44123222685879054,-0.21234563308648285,-1.6514510601411243
-6.242725277075162,0.41223605321428125,-2.847193771940344,-2.857901997509326,0.7196410067338883,0.8464035476064227,-2.574188213155378
-6.458695643445842,0.29545748573442354,-2.853260991587749,-3.196182929413021,-0.32497168383478425,0.7292911917953522,-0.9581336983363424
-6.535127289458689,0.5563945088033806,-3.9541424239990386,-3.5008455674288146,0.397032169333063,0.4461572612279917,-1.6471421893919942
-6.968470487649526,0.7248202003165425,-4.291272625098768,-3.2028615120981714,0.5738762217162325,0.6186638016082808,-0.8352949925811164
-7.17534888445654,0.6791199708721671,-4.246462188786172,-3.0384943372904063,0.6268597351731933,0.9050389007585158,-0.886171626011124
-7.242278375668386,0.8905925139002833,-5.00845509353036,-3.890685194613871,0.3647432179695331,0.342553592449214,-1.6113812504059415
-7.878449157465399,-0.20218905970471196,-4.527327592935955,-2.942669210414962,0.6624858772807272,1.311300316492166,-3.5130978476195924
-7.755298756246494,-0.10801587275127458,-4.260077655105883,-4.385016872330615,0.47610595594888117,-0.045520562679558396,-2.178274936749343
-7.528034783635445,0.4711936099896938,-4.817291316343932,-4.108310639978115,0.224970482294083,-0.15018478201550628,-1.5614636859982483
-7.0053278657591465,0.5293006474427231,-4.500898783485111,-3.5560243950178614,0.027317789098209255,0.430053682187801,-2.0051280935046853
-6.671760463580151,-0.7264195708101622,-5.631026591392135,-3.162194385272755,1.226904221654574,0.8985212910439161,-1.8541831797630786
-6.497886081973944,0.5231504551687021,-3.7754757890009505,-3.6742436818209154,-0.7884776488182452,-1.0098651173252724,-2.2797612540892906
-6.676174837681952,0.7091044289171076,-3.9665073956031414,-3.366317391723556,0.8797273998374813,0.8791896243197325,-2.7309280650581464
-6.385867408804833,0.8899603021955618,-3.63977392144678,-2.9591328155522487,-0.08129945058253962,0.32150343028091133,-1.9661172817525399
-6.560702459294821,0.5960211282469378,-3.7035438699665346,-2.3856117272276904,0.9815115049554513,1.0272322627742638,-1.672655147276964
-6.211590293243563,0.4494007088488661,-3.606222727274786,-3.9819274282013466,-0.012647088967903397,0.5829311047600596,-0.32343097351949024
-6.243874276701339,0.26917466289100145,-4.28607498547987,-3.487503899054812,0.45496323075929157,0.1912628860907215,-1.4314040653117073
-6.319618734327253,0.4884356670848875,-2.8849721088807696,-3.0529620263956105,-0.2849583982250105,0.2601868414580819,-1.4020598028561417
-6.477964649003429,0.4332847387747295,-3.825209839628634,-2.891534811458491,0.1666600402071312,0.7874626347260888,-2.031643472454692
-6.088834170205897,-0.07409315390869095,-3.852848073400189,-3.521053419582541,0.364343753595603,1.2649719963537476,-2.1350869012718845
-6.126637035224541,0.02275843014955739,-3.9058993722268163,-3.014058931629331,-0.3239323344100765,0.02405541550603299,-0.8083500011587618
-6.434494336526962,0.5513990298017698,-3.666897419932984,-3.4450137318987912,-0.5132693294617439,-0.43044890529443247,-2.530178790591094
-6.9539830048207705,0.5147521589304831,-4.098591402090877,-3.159049666607913,0.2840212522136565,1.7297133733663346,-3.0601006329720386
-6.765483257542868,0.8115564514451241,-4.2663036982834015,-3.4592569694793736,0.2081664240473703,0.9444434609699366,-1.2525014211028678
-6.8403075076431685,-0.16386757253142342,-3.8454688204253302,-2.8629166707818046,-0.1090614101586852,1.7190143652929195,-1.6011322318505694
-6.927428480977413,-0.5726223599988829,-4.565246493580827,-3.170905731378478,-0.25695058599064324,-0.5292543317888286,-2.2576313595221134
-6.984305774008495,-0.6543372784356969,-4.186607949030269,-3.2400123215767698,-0.43997120805109674,-1.6679596691505134,-3.140636330951799
-6.916251501498685,-0.14242476478316818,-4.685634414428078,-2.705280839976249,-1.0451806310303735,-0.6725149001168527,-2.740332820831776
-6.957271367189682,-0.8751917433518899,-4.437507018906387,-3.519050553125771,-0.04060196354163067,-0.22598986766718493,-3.1825982700674946
-7.350630050405992,-1.19476251679367,-3.5740124610558173,-3.7788001241426357,-0.7646249545052775,-1.1409114607244946,-2.1337998028108527
-6.789845559286936,-1.3270959404083378,-4.159911457161658,-4.17364072357888,-0.8043470060489027,-1.1771534801007901,-2.385887901993085
-6.769415681976645,0.03163037657556822,-4.515764133563642,-3.1517171323453206,-0.8674643581678079,-1.9236574644817974,-2.8597986370497486
-6.712232963053006,0.27326123209315173,-3.498870889653472,-2.5163074095506537,-0.07627557011930068,0.3280335678108091,-2.910560873241329
-6.409406930844158,-0.4096321779748801,-3.7183935629979823,-3.2835853312881733,-0.38675288420420917,0.4262303962208035,-2.52642323808883
-6.846648172466397,-0.35726258343270983,-3.837342760870522,-2.8400283763598972,-0.10306254969126896,-0.6194093665620737,-2.314049897899561
-6.680592774956861,-0.11806392038008172,-4.193570395550122,-3.8911123314715734,-0.2826862953057574,-1.3363732166939624,-2.7889081504656708
-6.478069381064429,0.38166367134178736,-4.491314994019825,-3.755354277427476,-0.10567690519701659,0.24095613805817184,-2.3065564068246194
-6.342136750792864,0.28213001848953156,-3.9299687938800285,-3.5108092065796472,0.07181955064307796,1.1522741049306107,-2.5140348115695565
-5.756334510388571,0.9593797141117761,-3.960504988381057,-3.5199734163091376,-0.5059615305417802,0.982376571257638,-2.148642025062743
-5.849187099944978,1.028538906232839,-3.7618903043574217,-2.639083959367601,0.5156016408186646,0.7223178698825669,-3.268518695983834
-5.471769116256497,-0.17246724985217765,-3.2084236538191195,-2.8926572367050607,0.3761472345057745,1.380781985720065,-1.7409479193502566
-5.138628582879184,0.056731750600471725,-3.8980942801166574,-2.9970490031765724,0.45901389690049593,0.041024845739904336,-0.9725207295629764
-5.263975413646099,1.1662658441509415,-3.0143004013212744,-1.6182757172025057,0.3249708156448213,-0.09044896970307795,-0.9693720008418376
-5.32272615576187,-0.06708188490352807,-2.674094117028733,-2.3717973188216352,0.454015876519535,1.218571395650581,-1.4621769542732002
-5.43321984103589,0.580901154130912,-2.9853412172444287,-2.6920980529682805,-0.1270814419811321,-0.723281551502686,-0.863454769243182
-5.162308365841848,-0.13157669818773002,-2.95496377965473,-2.1326424889465834,-0.15249638465988719,0.8690201528246506,-1.6689106496403852
-4.9496225458476815,0.3271240280726873,-3.038201006337987,-3.3154013919305054,-0.6492573841830596,0.36371454083408766,-1.8341746823614486
-4.746396001461803,1.0785823610053544,-3.21610219137401,-2.3414508199256088,-0.18183868238223252,0.558501557719469,-2.469404129427437
-4.646630338880964,0.4989966741627816,-2.932622345797579,-2.78494332579011,0.8392264603516948,1.011199713828801,-2.3639007133722405
-4.849376182392455,0.8670013424746256,-2.5695095620819832,-1.935845180762465,0.9365924118169034,1.452583726671856,-0.48174355053284207
-4.883295437743912,1.0140348102355692,-3.33255198041249,-2.486334719832224,0.047071452300434025,0.9992326093649817,-0.7657607176922089
-5.247425202001816,1.0626815271954952,-3.5761248706080577,-2.874544183494288,0.4368224598064089,1.3708978692532736,-1.523961105013577
-5.171622342984386,1.0901869149011176,-3.310856605271936,-2.6291518076105955,-0.06834942211279715,0.3415476504415331,-0.8011064328750095
-5.333889549303695,0.5996418546195514,-3.1089870910175486,-3.1947412556034935,0.9124973088533264,0.47691886814085993,-2.345073767239161
-5.24999343037016,1.0694504352393959,-2.961497018080065,-2.8494892988121188,0.1964051697406327,0.7375023535259394,-0.816391292249157
-5.035069792253968,0.006268171790714427,-2.4296907622900257,-2.4248659283997576,0.05915438342495838,0.7645106225249771,-0.7527531432186809
-4.993584405107774,-0.8720938263253875,-3.3890145419083897,-2.8783566852076676,-0.5412923921043582,0.20981995454898403,-0.6730313110673244
-5.031700025616958,-0.34834100186176303,-2.6384034147751936,-2.5688306720169187,-0.2010366701973928,-1.236273235210808,-2.4106616082765036
-4.41748406302283,0.4313824874508184,-2.4136734665190676,-2.5465951680914154,0.061451845395474186,-1.3332107841303407,-2.0521950494362176
-4.482993391495436,-0.31025558978378925,-3.1344124919991345,-2.345879114782296,0.6087846095787648,0.8554929035927373,-1.5830028839744796
-4.558509924799432,-0.832160021431319,-2.942026993164472,-2.7917354362552245,0.4156233847356102,-1.216558210937181,-1.215285431194592
-4.5268275087907766,-0.772010353743795,-1.8853518899679924,-2.1311318621590822,-0.5508823794201247,-0.961404615571577,-0.8246932833984278
-4.282650270854045,-1.0589455638407377,-2.420079891324695,-2.4472912424265125,-0.3088175116025246,-0.9297754829453765,-1.150454751242783
-4.293603161626693,0.08604918485672519,-3.0697547377270933,-1.9109309159760894,-0.570537996800665,-1.3686146985976502,-1.9267899418910148
-4.321379064799358,-0.5350104011177457,-3.1912474365295647,-2.7433482589207956,0.2544031335169483,0.5650317919346849,-2.536037360558583
-3.9270866995350815,-0.33352956815001283,-2.9451046381190844,-2.6621965367533704,-0.49326483564542717,-1.318433794810619,-0.8252653810674025
-3.637478497105664,0.17532693269136165,-2.241314146212457,-1.597745484989908,-0.49207775516931807,-1.7638009485749615,-1.7687669625327587
-3.273980859326347,-0.09545920640565386,-2.009723940188951,-1.9955310826513388,-0.6012667448124795,0.7162012435307812,-2.486737493694235
-2.735088226921585,0.007920964019203405,-2.3402242532167086,-1.7994522781280633,0.056483215867864645,0.009110667505772607,-1.952734761713967
-2.6879629275510606,-0.11169084663611055,-1.7373235704523389,-1.601734625014405,0.17486239033164522,0.18623326478733057,-0.439129585373249
-2.3688103505117564,-0.23997502711966742,-2.390312392445005,-1.7796901274900923,-0.44357742538626604,-0.5160822905857171,-0.7330360025525825
-2.0987335260102475,0.4338938031111602,-0.8992067697761907,-1.0697244767716407,0.219145491335336,-0.59394768910011,-1.6083101294288635
-2.270355233153117,0.13704817507223516,-1.5129420868668353,-1.2895154251877359,0.30219019286454385,0.6017096501486887,0.2039327735554715
-2.3491747333490043,-0.06280900991408203,-1.3191783545065408,-1.7088655598669735,0.2620639956064046,0.39236474578877667,-0.09414049673462271
-2.1816345275232973,0.9360267643373189,-1.6184895166081517,-0.7360957411999385,-0.6218280378778275,0.1341403329981756,-0.1271023898968408
-1.9997465042212776,0.9447144497140745,-0.430039386131427,-0.6036360302398568,0.16151655884380084,0.671912730003059,-1.1738131508840715
-1.9037332567016632,0.5770739777908585,-1.65168396961927,-1.0912421701185886,0.38727891796013164,0.5572279534595121,0.29900027291271264
-1.8226818711221593,-0.7005730475045056,-1.2272954876309217,-0.19429526256792673,0.8127293800602914,1.2212016383006756,0.4112472103405539
-1.9927464928174037,0.6956682657185151,-0.7149506616060692,-0.5353102703399325,-0.7709025529848299,-1.2704629259917148,0.6103228433965444
-1.7097056130937802,0.8922381326353248,-0.6209396869401194,-1.1189802903142787,0.3933674464954156,1.6046365626675185,-0.8415725593143464
-1.2331260375988304,0.8954648397505156,-0.524919199487522,-0.5050206114340602,0.9188344826095651,1.2528277220527935,0.4836621611378088
-0.7390681890839155,1.2312467944357561,-0.3396469889168658,-0.8691358846273749,0.1762109534646107,1.1713236605850812,0.6941590470680059
-0.8628850439708089,-0.47360625643588944,0.3923457095544102,-1.2897460304592265,1.0937745118257323,1.4435515094968911,0.733730919506775
-1.3855356567899386,0.42740380143193846,-0.7135520963419816,-1.0224069042559183,-0.6545141326298425,-0.614259995389557,0.9849456743449584
-1.3635898975202576,-0.4847962624816279,-0.8310954095965652,-1.2225618101292235,0.3323592330911549,0.20213683983890585,-0.6312817355469608
-1.403736917680061,-0.30778383828299577,-0.9234596491240459,-0.8441930327632782,-0.19511185305381484,-0.9094265251213529,0.7548207983785414
-1.8296965892087842,0.32133711505404744,-1.405010955758331,-0.7261061437390228,0.03277767215198804,-0.7541394337116943,-0.7953618547653853
-2.1048624296001464,-0.11384878337660034,-1.2029737445789919,-0.7801116477440483,-0.055821192052152774,0.8327371831337086,-1.3348386447057934
-2.1517538329789176,0.3518825893629943,-1.3173848979484224,-0.9168505189240044,0.09880622330229762,-0.1927219196212334,-1.2150045041729476
-2.2628514438090663,0.3148936389053464,-1.0240619862616043,-1.2403530716356532,0.46225864972543856,0.17963972636104253,0.4817221363271199
-2.198955441344845,-0.2376289388417458,-1.1364300336470863,-1.8656141139554347,-0.35056915579416564,0.9088095506807355,0.31030671271306964
-1.9997992737426282,-0.05035924671753321,-1.2228144279336122,-0.5478267269414413,-0.8869946618940794,-0.31923852334481373,-0.9437924174675378
-2.033053513761207,-0.2307940224833449,-0.8847900071977706,-0.2932688886006398,0.1886877111535725,-0.05937769090527506,-0.9012794259595519
-1.9724962832316242,1.4873991887826294,-1.2094895571907256,-0.3865134012133218,-0.34704830655568286,-0.6137003565916025,-0.36471982422446336
-1.982877553321847,0.6695050825848312,-0.9986626028855119,-1.0541997016741704,1.1715888977192597,1.7452832655441197,-0.9932031272891122
-2.1173829635556856,0.7682262164461604,-1.0059674427372962,-0.953113512817895,0.858003442031391,1.2065640110767393,1.1389962170179118
-2.180272279887001,-0.1494837299821986,-1.9433651812111998,-0.381637320361799,0.25880342796258893,0.7979833237960616,1.0894902458805347
-1.9489820856801356,-0.3341922689780744,-1.3608864734411963,-1.6017827791832837,-0.2621869285684085,-0.5128223184675464,-0.5816238543896635
-1.812318448675782,-0.3919978300851106,-0.784881819211493,-0.5150580671182771,-0.51702439656209,-1.2809004472324297,-1.2188485734359948
-2.260189327679643,-1.2496776211293568,-1.0251179745969838,-0.8850469758717739,-0.47105063277496423,-0.8188066441420666,-1.4893567153039733
-2.16663278028355,-1.55852206779043,-1.2823297724661726,-1.416852162188114,-0.9137267775025983,-1.1373993353348693,-1.8572407619875535
-2.260670150258186,-0.46001472169223495,-1.251256866054182,-1.3358641314569866,-0.5440905628789539,-2.0070953730410577,-1.4111904589484285
-1.7865507530700357,-1.0154045617680156,-1.1917415341235749,-1.839875672653441,0.3057550239853606,-1.0001379143747582,-0.7164694083442751
-1.3776413345511793,0.052006824504541416,-1.5565034331112517,-0.7220087458838722,-0.6314514427786058,-1.2416982232956024,-0.3506489102659144
-1.6328148379682292,-0.06610104091882454,-0.8691394266766426,-0.19403443492152977,0.1688997073461239,0.3745378901273016,-2.05444606871777
-1.2367546478430307,-0.010425612424176885,-0.7804847943603245,-1.169462759578274,0.5153114049226766,0.37404005348067637,-0.7329140867701989
-1.1090434301531198,-0.030767390323312417,-0.7197691008124462,-1.27631299423971,-0.4370092634701691,0.5903910251102836,0.3746388406326852
-0.43280048458422515,0.32209595498266413,-0.7302012515648247,-0.6918220412793895,0.08122334495824207,0.16777071929325504,-0.9391049448173272
-0.2709483043305011,0.6127754375165114,-0.7908451309772393,-0.4542891399930714,-0.0813033843144482,0.6670061494108915,0.4684775676860343
-0.39835752239477495,0.5090726481387402,0.4208227981950283,-0.9308133747149072,0.06380962178302962,1.127698890456383,-0.5704959234422582
-0.4879609071211425,-0.18956485386968117,-0.3432439299661611,-0.3915644965662939,0.22736728714491117,0.8908658915892227,0.690865065851805
-0.4188683225222489,0.4281899023244192,-0.4959878050615694,0.22867766801518474,-0.06949619237678079,0.12305059017044373,0.4596134380288004
-0.49645350556201356,0.19576260269261755,0.7530654948713291,-0.8737312160546378,0.06510035749353052,0.878058127900101,0.12060609478055745
-0.3833775811623561,0.09751803633669054,-0.6225909157349533,-0.38008346241908064,0.9005330247109922,-0.11413422717397159,-0.0023706044542530225
-0.7517675770849985,-0.07917120800340223,-0.10654332438475583,0.1653565545839818,-0.11095806597014568,-0.45095865981736655,-0.142771909356453
-0.8284550632020214,-1.1103733628223893,-0.2149285830785377,-0.6535872894497925,-0.6695082402698385,-0.28673313673271866,-0.23499123281682835
-0.7200233314573256,0.2941834651724069,0.027367495275660625,-0.7863088014360131,-0.6534488328937651,-1.5575537689344314,-0.5410700367922563
-0.7612671448891453,0.20354314869970827,-0.3350400008056496,-0.26832341954115635,-0.6325775631733251,0.8483855313363022,-0.6388102267832412
-0.6421833879130134,0.6736008541033888,-0.7748135734005044,-1.2855477176934236,0.21082339741836145,0.16709584775641667,-1.1509851896351115
-0.6847046455824911,0.3230453024175997,-0.175278774504038,-0.30332609074653355,-0.06427627725787038,1.4559618353273927,0.034256013817619016
-0.8591967150785653,0.029352225265071988,-0.04601607784935341,-0.566753347514162,-0.4359870067179896,1.0837786971272974,-0.3696225455997637
-0.8708443858094419,-0.4915049691944154,-1.0366331696930382,-0.7023446252235581,-0.3185315144525144,0.4098273615841688,-0.7435829509105112
-0.5410020695616597,0.46011752192112676,-0.6070122673354433,-1.5112031662210441,-0.416115876225154,-0.657794165530763,-1.3248685142194458
-0.17581967053433661,0.37018674141292496,-0.09995666123074348,-0.13475216859505929,-0.8038449342330294,0.39632846375104025,-0.41763764718700636
0.2936076539570814,-0.368083448636777,0.05096791264427179,0.12366277497841777,0.046210216549005284,0.45693394146227484,-1.3264619267430415
0.3207566182553423,-0.18872825411140687,0.6412913875396705,0.5976384634265204,0.0019194634827394974,-0.7968857887455751,-0.5885514928525883
0.33490902006176304,0.22865184301266483,0.20879567537951205,-0.03471032326988793,0.16390929981309935,-0.19853834719645544,1.133734162568219
0.4335263371767355,0.05959225936940125,-0.1228048529914875,0.005436592829182629,-0.7142737707693889,0.8505328169758062,0.4529518597996389
0.611450857535404,-0.5537957323515835,-0.020469521966874737,0.24393702152448998,0.05094451431845495,-0.0012525525172694396,-1.7845460535694273
0.41767624256677705,-0.5584303242184856,-0.007364777755734464,0.3946516383567674,-4.9117487373184776e-05,-1.2487256012190475,-0.6347010454621178
0.26698742000223574,-0.08131126162889282,0.5279386805537191,0.7573501477282889,-0.36571761929344665,-1.3960566390796036,0.368332807612372
0.2754744456095204,0.10889186436247345,0.08671502827099356,-0.7306200743686314,0.1650530155221427,-0.4463169999101688,-0.873345033526588
0.409851623419684,0.11975874945637545,0.49039169548125094,0.18313197706775308,-0.5053025497800147,0.7436275413724502,0.8561204492099308
0.2076887116017727,0.3558035597223562,0.42145726796607047,-0.6638111901058952,0.18259517198119987,0.36195108464924947,-1.0170367143806762
0.32946432358738,0.3049581944486931,-0.04844073496948857,-0.8118556392060017,0.7098236360577068,0.7009033529067948,0.9328762140503819
0.24263876363859943,0.7251925005807117,0.1679817023016872,-0.14750037129397775,-0.17149609279604344,0.8014057951654557,1.6755680050889459
0.0835482896616799,0.3758922938156054,0.3624216971783377,-0.2689545142387706,0.4974876566407084,1.5485747186593646,-0.25780071854721
-0.2567898885065145,-0.1896322468627676,-0.09856296542019884,-0.3002482081356069,0.016635563843760387,0.8672920648484197,0.03690134713074522
-0.33693977358004645,0.11279837639355954,0.08882592557139699,-0.46520162229166756,-0.2893123667514038,-0.2750282674968825,-0.2823007426299009
0.10954805585329447,0.16172501501576653,-0.3591864033389538,-0.9107666536100949,-0.2987497690588132,-0.04441996358777606,-0.8367302581817841
0.043005542472208086,0.13962819925604308,-0.9072460303572211,0.11285848455343794,0.7143683370425422,0.13931629436573884,-0.4075735558915038
0.0239638918041558,-0.27673756989859455,0.2410655247195284,0.1192590099592518,0.457331632528181,0.3497637680112407,0.32801632893841803
-0.03105217692214554,0.4057222381098626,-0.3194243168175315,0.12657449495877976,-0.47616779885668636,-0.5727175826378974,0.49632018970207503
-0.007147429588823473,0.25204734463602935,0.3064827450589776,-0.3101363350457367,0.4636688869400707,0.8352584293851983,-0.8684940454493584
0.13271582606226998,0.44545768390064494,0.020125939676561587,0.7899449544435478,0.08421882904585058,1.0823451173872227,0.6847300494575681
-0.1439660808927166,-0.014674624419934473,0.4001989208715046,0.7958793004207224,-0.025952735625809603,1.066746163159873,-0.37386166017873856
0.2006056097077388,0.6010097093440906,-0.10432535230409176,0.26115576909357596,0.0030768041659611656,-0.18826024503187883,0.2761969935249182
0.02995253310445556,0.49773670510796353,0.7554121480330616,0.013330381790316662,0.2965826770952188,1.1966701838720102,0.01674307134490257
-0.2694818604383424,-0.4709180638213622,-0.27622527707522926,0.17641806539555294,0.32907969000849685,0.03046327138956373,0.7059349561475065
-0.5132672937115519,0.1834926058199572,0.12281604876887403,-0.5362634387489266,0.2766067148299066,-0.6463801726007594,-0.22663390173209513
-0.10745614440488388,0.7078385063972391,-0.8481301669897299,-0.8800324772358454,0.5810148389864137,0.5491897236563118,0.8973586714831026
-0.2356564465390606,0.15986684608421492,0.3142417730635312,-0.36073985330014835,-0.5068463828934113,0.60557247651517,0.18716226322742852
-0.044818401445323924,0.14850194722181648,-0.32017390765554393,0.4471947101976074,0.5339214116992008,0.32764669319953194,-0.042584546761654074
-0.4522287441279823,-0.2939852498657436,0.13444699326872558,-0.31078766159244214,0.7117657793225686,0.34018273297517154,0.6159758370906846
-0.31451876985942595,-0.22841893778577857,0.49138478630844185,0.2224512456110206,1.039806779870187,-0.9846728524387637,1.0566248410198422
-0.32893049724159723,-0.25487533381145766,-0.8170294258639087,-0.2311270664565041,0.33493720882950334,-1.018192460911512,1.6138585365288929
-0.13740176439925508,0.7744623807153649,0.047856973890406246,-0.1784311583826835,-0.26698063510607806,-0.5680013453038839,0.9692745802702409
0.29151963380020307,0.3388439242470247,0.19366049008042013,0.03387778123394948,0.4795911764422456,1.0598182450067624,-1.6627032373127821
0.27275377228410513,-0.30228911658305413,-0.3117441144861875,0.15986018824074952,-0.10701208372602239,0.41345255880750587,1.1012623709340348
-0.3111994966086693,-0.6461111006501205,-0.5075925652563353,0.11228038186125723,0.18494444246538033,-0.7127369688171087,-0.43082667077961795
-0.6060944251167992,0.48907797425329935,0.054096991355702534,-0.7125541877736998,-0.7640968135831425,-0.8781872917879693,-0.9545526345659738
-0.6884589777476735,-0.2124188223644038,-0.8131112240220504,-0.14990877370990818,0.7803440763950341,0.9172798963587669,-0.6878716440365885
-1.2648616510104382,-0.3964766860985909,-0.03369569010163426,-0.4329560846004932,-0.38011165944706293,-0.7429378326482208,0.6309950534972062
-1.2554226697617772,0.5588690059699548,-0.5490474810739467,-0.8622015288761735,-0.16907301324993537,-1.0161645947509574,0.6062130497541973
-1.442525810998092,-0.09945359678624444,-0.5665979654661648,-0.49939982890341167,0.33553886575614966,0.7562734473969797,-0.26094233570847497
-0.7232985380852136,0.0635149081331465,-1.1865414229135647,-0.44392619132069305,-0.3141454853917697,0.07658382746308232,-0.47380464634033104
-1.2070437028699463,1.4983311958494192,0.032395877539578455,0.18961183970958934,0.1742555727700717,0.158904180579186,-1.0739159822033717
-1.0590648979381252,0.605824493911712,-0.4820794729098193,-1.2207054696643256,0.715377835748307,1.2730146161982272,0.5888474732236433
-1.229903954300555,-0.17361570205026755,-0.3935906098482136,-1.1625162544668006,-0.03677003424617131,0.7454986652876087,0.4196429576021037
-1.002438224258191,-0.44896039217394784,-1.0438818303283555,-0.2658962143147777,-0.13680591325278804,-0.037833382304587715,-0.31297249420134043
-0.9525198596358005,1.0664374125840845,-0.42095418578451,-0.7931388757318305,-0.257474198583049,-0.5525499477757314,-0.9774160017744855
-1.3419041441351607,0.2871360366174659,-0.6516485472103289,-0.3854945852371705,0.6468525493917788,0.9640295062916676,-0.36525937756605187
-1.037484124613877,-0.16465484388530122,-0.5193646091889284,-0.34778039612885575,0.28465840650263363,0.7509483952902358,1.2024116908673528
-1.1080921652003657,-1.344939704093041,-0.17237504453102553,-1.2900710588647322,-0.4108306402379429,-0.8730126669258343,0.3979665981776088
-1.116528837605762,-0.3674059998194869,-0.303268757085717,-0.32699094410192575,-0.9117725175131702,-1.2316579729966277,-0.8393265898677891
-1.17118279675818,-0.21311034010544355,-0.485901464461867,-1.0413501895750727,-0.281426745289758,-0.4830865530259118,0.32504400719737014
-1.1409685802314389,0.24472774449828696,-0.5496254856570386,-0.671728799862517,-0.5018055190871301,-0.0902314462465153,-0.9348095200671389
-1.2760641253975717,0.7765338645528261,-1.4257409476216791,-0.544053717179914,0.546521428352105,0.4827364041926742,-1.1001732078102138
-1.812636930259608,0.4638868820602976,-0.9651617452743987,-1.0523148028991616,0.9530657850183978,1.3445459876222752,0.06918494474131417
-2.2078490413679135,0.4438656583093993,-0.7646250859999068,-1.7457259704466763,0.09495644596122155,1.102569515068767,-0.40798807369395623
-1.620445736495328,0.33341755234058057,-1.7335638143922403,-0.962673293793852,0.9154187418869233,1.0854148744512209,0.2746669914238009
-2.135776089627146,0.3244940764862789,-1.2290488500576515,-1.0104797904471385,0.15745693475772427,0.5396103494122644,0.003496369126098688
-2.1916242227387315,1.108402230406965,-0.8505749367460055,-0.9443473279072997,0.3528583637361251,0.45671523753581,-0.4179997826817168
-1.9647489411730457,1.2089520687740696,-0.6667200524664187,-1.6140515606739254,0.5600226638126454,1.209891783508905,0.2985528909398032
-2.231114351372153,-0.08488943552612549,-0.5742739790981515,-0.8821010814951173,0.7030557601390728,0.8856083698839273,0.6727925705703093
-2.227754383858299,-0.03731109534010073,-1.3750126398349256,-0.454635857727237,-0.01457029820556785,-0.08451415875867162,1.0103804771465323
-2.2122208547398907,0.05478186283520266,-1.5672564221794936,-1.0109700738046234,-0.2996201013607225,0.3081891723971194,-1.0733168539845097
-2.1501449783926723,0.10291697777992513,-1.3307971897260344,-1.040568046736315,-0.6315942462309291,-0.39221955258032204,-0.8329910866836383
-2.303531084440395,-0.8371421343135989,-0.8955798296866375,-1.1700866589812042,0.3122901835870073,0.5476121125682987,-1.9162073353976508
-1.8764623868843513,-0.7107358971866724,-0.9190587601040262,-1.1808510269858894,-0.30838781224071854,-0.9564532013772873,0.2086467972016915
-1.9525946006945878,-0.4773775712817202,-1.2104249395465403,-0.8135254003021195,-0.1031613447714122,-0.8640952623435025,-0.9211179900797619
-2.2168750022979915,0.34588274126773766,-2.17756961680925,-0.7085181689672042,-0.1667387103117396,-0.9404890448116864,-0.5535694530044737
-2.3159324720516774,-0.3088804671883507,-1.1882791517709772,-1.1344433784045178,0.5424318539749663,0.33838677754645796,-1.4578725186843053
-2.3723204869220966,-0.9789726376481432,-1.6281615595160683,0.020169532871584517,-0.18745780511627086,-0.6658190665471747,-1.0789137269100921
-1.9220230291327158,-0.6699517813056894,-1.128206432983677,-1.1721299425488327,-0.7072194919605123,-0.5247798400994343,-1.2182118469705323
-2.094357825258999,-0.20773837281522495,-0.9910334867808106,-0.8559846516526664,-0.21886020025889946,-0.2858610514513842,-1.9502172932797037
-1.888545987792903,0.017277325613272693,-1.7624866742408674,-0.7540133551335597,-0.2507744679447476,-0.09780010443615084,-1.1483800703489964
-1.382617042543855,-0.3054517643416859,-1.6767524006217005,-0.7228991410605773,-0.4316706866798555,-0.10858123230821723,-1.660217817003248
-1.0544374561686538,-0.26672257404631616,-0.5537304906982612,-0.7569256045359859,0.14600903902665965,-0.6997984977094941,-1.47039660673355
-1.309559819373679,0.0320082989484953,-1.0870483484194182,-0.4220959799468285,0.4576735058089614,-0.4592678608882153,-0.28281215682291044
-1.1228544299946626,-0.8917710494169773,-0.434098221837273,-0.6082555494061633,0.14894000931733126,-0.45756172619301566,-0.30057638583644947
-1.4777685933966285,0.3280731309674343,0.13121481089858555,-1.156915371465817,-0.7598664941582661,-0.9845273346303556,-0.4636737079444901
-1.77941226327776,0.04550565056234647,-0.6816331472755287,-0.3398533046139103,0.6232322319420585,0.8294687153703776,-1.309520720857492
-1.6820420208775966,-0.9405281871316128,-0.7512767766293478,-1.7159438840642305,0.7367733070926854,1.0919053705304385,0.518304941663825
-1.4740548413277563,0.03248519013448259,-1.323683067110926,-0.7056283471678291,0.03173075081671134,-1.0080977952082937,0.7885350064619058
-1.2173313217886632,-0.40658356542569085,-1.1871080059893584,-0.8929435868744954,-0.11973537804959167,0.11958659607249476,-0.8939564321459237
-1.1959843692356786,0.7771931512768627,-0.6905235472312337,0.09334614846008626,0.10438103048688163,-0.168178069639616,-1.1295996313719994
-0.9982054276067845,0.8348242608716605,-0.5594293934579633,-0.9282003301714558,0.1621059437899214,0.8284250001382432,-0.2160601038062086
-0.9934715613080629,0.35619254707622355,0.25137702414621477,-0.3427294870655021,0.6803291606747452,0.9344245517005456,-0.8275842974497554
-0.8398942650193586,0.7038866417409496,-0.7716090302632997,-0.6302506173768152,0.8379092441828709,1.8924725845452643,0.26503288089181465
-0.32773966275898603,0.7859878639015814,-0.6631883652212052,-0.6690320449461528,0.09838148438343342,0.7666583700816091,0.3760381357178334
-0.04837578386403257,0.26161097107644204,-0.7004189029535703,-1.0719923340468023,0.1331357381861844,0.7858434860961102,-0.4554612912159175
-0.16213566824209022,-0.10825042540593266,0.8965348952819024,-0.9006630202486374,0.7770523009130822,0.6306457512947595,0.6680703801615853
-0.03963121038981278,-0.25093581452590963,-0.7178180055462602,0.09392696216226006,-0.28242044121588894,-0.46388612408835717,1.0456071824144506
-0.4851333319237886,-0.5203318491801354,-0.12006239173812472,-0.10726937141549486,-0.9042486382250179,-0.5277136515999119,0.405733382596299
-0.33939735521173714,0.2632659084015856,-0.9032295193760866,-0.26281738146686384,-0.07360569823395821,0.14603884953458335,-0.21960126250487555
0.17028707193781406,-0.10030609482138385,-0.48980519066025774,-0.09151189994493822,0.23656538371648309,0.365756934446668,-0.8084100846197384
0.9954230953099281,0.7614174854180745,-0.022964321504729754,-0.4049693242057656,0.7200489482435293,-0.21801949785141644,-0.22218194459305934
0.8187682817416382,0.7168473328797221,1.091247238364319,-0.03126839962635464,-0.06161532011040349,1.0032120854365603,0.955211180978844
1.0636663651461973,0.8570094423232197,0.6690341761976852,0.0713445161996406,0.5816141321132609,0.700392862621315,0.8616613840875421
1.1425806186382428,0.41268012615800115,1.3952942530712287,0.35668945638812144,0.5225429591020742,1.3471200078174668,1.3593839237545176
0.9326522306885983,0.5411373119478472,0.8317617917461537,0.8192010844971235,0.15016217629679907,0.8062252995812227,0.9474589358177035
0.6982508209625684,0.0318399027524677,0.7292688902071858,0.923775159267564,0.5261621977183001,0.731483060913297,0.6585713571652813
1.0830442895675318,-0.416026211787249,0.29951385343160447,0.11960777665904238,0.4029315202309378,0.7685461384017573,0.6869161688132468
0.3032910943645126,0.29293131340684264,0.6299120133966731,-0.054700992132191484,0.3319829768340584,-0.04321513989001535,0.44129499940256256
0.5945805871185021,0.4542478525765776,0.14997289868348102,-0.23166349974224593,0.5997048698517002,0.7652879753065832,0.7426348641769617
0.43107010175883054,-0.8302042378621817,0.489587274533794,0.142634972428849,0.8408075279668669,0.609129945976226,-0.35583785663056244
0.5870991582314022,-0.058719146891626384,-0.41674691593230495,0.5581530519940714,-1.2244536788921199,-0.6286462710006626,1.5364267896683776
0.7039219839450496,0.27291732991013967,0.022832757899801104,0.21939592679604403,0.6117806971963669,-0.036628475531504986,-1.1294664749539778
1.1616041134885453,0.1818504018164,-0.06545854933421547,0.015352774209612063,0.5437334392461224,1.0754360182624665,0.7168019584685104
0.9980500267973732,0.8707009094041913,0.6295533204509374,0.7152175432210912,-0.23888587834159208,0.6141773780013331,0.6319613208380042
0.8638575984367949,0.869486100812795,0.7371003636265532,0.002126546988516498,0.43033279160179866,0.24279147955331026,-0.014347897399215714
0.8817523091274196,-0.025656920569316788,0.9804637736568985,0.35662943757330495,0.7254158608360268,1.110394516335471,1.124736274373199
0.9372561063531368,1.1961648858427931,1.2244787069261847,0.41350528149332844,0.13170304691281334,0.5243697572314906,1.0149251159078254
0.7864250892854842,0.21760488247862153,0.17100214653881618,0.8296161707834342,-0.12242785517881727,1.6483077078018076,0.05547027916954428
0.45201883988667807,1.3549701850062892,-0.25131252434550105,0.007265169586187059,-0.08075438444592259,0.00922146576541949,0.5397227306698243
0.6181171139563785,0.9205391588646212,0.24138484551125258,-0.22416058305766387,0.30153313500567847,1.1387755878278025,-1.063764815455457
0.9258292275622173,0.25488380687932277,-0.09439268755988495,0.2690486664838981,1.1118524351981163,1.249458076582642,0.3854345255438173
0.5212413859125185,-0.34432132665424187,0.04099107885804465,0.07856778790460861,0.8163012437264663,0.5058743476202421,0.7035833275298093
0.6899388618740325,-0.46828111620291235,0.4071789577821537,-0.007356434159002334,0.0013782114923786837,-0.4902251825635692,1.2091372003241136
0.17023481952046993,-0.7601638577749681,-0.2676029581081782,-0.15501890797699003,-0.5878652992802198,-0.5424666918736445,0.002933072614278248
0.15668632243945557,-0.46277575910994223,0.4907755147490913,-0.21309102775725935,-0.41778012037485057,-0.8068765333339732,-1.89864959037674
0.3285035770912702,-0.17905980989665365,0.5900179005797336,0.047069668110620216,-0.03374347925417151,-1.1929823576591232,-0.6793609422509953
0.5695374983027691,-0.5266277691886108,-0.2287647923644985,-0.07881293598830547,0.4603308975444518,-0.1965661227393787,0.7708072171618638
1.2450352449660502,0.09079139535834174,0.4459011878088214,0.14092029277583284,0.09910637889399787,-0.828571526171981,0.7266396467975459
1.6890831599117155,0.2672493951460654,0.7289219085024682,0.4307183367329446,0.35489096181929647,0.1577746693399873,0.7848937040399793
1.4721363187044623,-0.11824695152488329,1.2186818758261313,1.0020185489525006,0.23366926820904405,0.9638693242297227,0.9528905920801255
1.4648608624764246,0.26130495188124403,0.13267010078905928,0.9847172548244759,-0.6644653312143303,-0.04966995566933663,1.8567290329915525
1.4825499373935713,-0.2200078245439575,1.449001389635428,0.4867754836322302,-0.01596626930916986,0.9049693029171546,-0.770790508128393
1.863703789406291,0.19899121788831575,1.5598509627882866,0.677705814308106,-0.03856434217399342,-0.7386010068419666,0.34470703382259993
2.355346884965341,0.5311521128655643,1.0024254300150823,0.9131070740789907,-0.11457852942653524,0.3812817598720434,-0.6851818226730664
1.9652000173596975,0.8993388097729615,1.3241229625751887,0.5138084579868263,-0.009344740336422852,1.4698808495100784,1.0500392321018195
1.7141028403671594,0.36928845293821966,1.010626621224519,1.229787512684299,0.16463429291656745,1.2937741359372716,0.6629783757536992
2.2413114806170427,-0.15960190468203256,1.0259990338346994,0.8539273920265058,0.6644676288223352,0.6934748643442418,1.0324257081700388
2.7453309801414822,0.47065832579468153,0.8399632768417172,0.6104016670174426,0.12023705607274976,-0.8092996686913824,1.0040851817256224
2.7092825763440938,0.4688383069027687,0.8852170228990992,1.4417058132457325,-0.0373697223144778,1.157011079544905,0.4931505114585064
2.5415370539648308,0.06543163094037575,1.915102302513322,1.2639118380822996,0.2574605181667259,1.2442267662690383,0.05803967956248679
2.491518094839816,0.9513456763710675,1.0563561377035284,1.6040134200443252,0.2819442570832764,0.6773731703388144,0.6312158094621573
2.6331026643866795,1.1774940530482492,1.1370722428250228,1.231276935643702,0.4300004175094545,1.260932793528803,0.7302861852797937
2.7298965704331617,0.3694450595616616,1.1901473843168757,0.7466050358721831,0.7752705080339245,1.1933999725580067,1.094885297074121
3.14159263204957,-0.32222242163759374,1.8473351510579947,1.8861237927599237,0.2553779032710423,-0.04351438777884287,1.5764945995992368
3.114249378895285,0.8912769668636576,2.0117889217684337,1.0559722036395691,-0.1447147754760918,-0.4068154901296079,1.8551507807487821
2.938974184062819,-0.44885747052573455,1.8005225723168476,1.4455193570074367,-0.017759931014226293,0.7411914395453509,0.705563455750583
3.469349846668427,0.3847573758501003,2.2191744648445058,1.5349679875517654,-0.021800675525803587,-0.8376064873128272,1.5256877216919236
3.272781087113162,0.0713266473385063,1.9340144126290832,2.3082368299396108,0.27969952213893284,0.7299006318107005,1.2469628339748469
3.4486861263456254,-0.3267158923615528,2.538542797195738,1.183271266724152,-0.5496541056013642,-0.4847041036501647,1.6705332685774414
3.1273832633407,-0.19392441329672067,1.4207028345065185,1.649834033952001,-0.9267256389400518,-0.998452018149006,0.7773939560924101
2.9181556860686615,0.20474820325449844,1.5332397665929904,1.0496083543928945,-0.2336908593322673,-0.2383856390339971,-0.09629233484638688
2.9817691416056737,0.006771820600548914,1.416696342759379,1.7037294839648514,-0.5245015966896894,0.41490453490976953,0.4703782546961311
2.7880175378242393,-0.3525098541798087,2.1431881762698715,1.8818572536260996,0.47530379638896303,-0.08098368374190126,-0.5939980899685158
2.7379326818148715,0.31862695401099334,1.2881314744962962,1.9056268623781267,-0.22206233316041557,-0.32627806550067967,1.3467289408215457
2.541367500393312,0.4503984371994896,1.565043049421724,1.6590831230314855,0.4476268129253461,0.19284046661512227,-0.2634025471719119
2.93162172211609,-0.22189938667874898,1.1160534872587764,0.8773522019232558,0.48062562038262496,0.6203934873983405,1.676638980413259
3.399763208811018,0.3644040827509652,0.6611654331800421,2.079058974387629,0.14956245002102808,-0.7255901918368381,1.4019369685454328
3.8686881285227503,0.28794533311067827,1.939870424238875,1.539364828239632,0.06733105161045741,0.7324617064133623,0.5715276354185923
4.120439760137899,0.7515724825213911,2.089774362843032,2.243052346348959,0.7015437329106493,0.1515877111350944,1.5384630276217885
4.074464762240435,0.7616597824899545,3.2260791030280602,2.3836744009227715,0.3432084756261597,1.39026500134973,1.3042159922955037
4.0974493564512,0.6193260817245456,2.179617977936865,1.8509785704729724,0.4666713396074151,1.3157795014349212,2.3984114175285947
3.8586545153191247,0.20367399691149807,3.0324482428669715,2.5260234392422944,-0.20054825291238842,0.7788240418644786,2.3000208167201466
3.6587463418645556,-0.2831422988423632,3.033431245637035,2.257540044106084,1.0433342663302823,0.7144312724046775,1.0889333991703392
3.427100927103781,0.6070607221465993,2.0805897958539306,2.1466141253096422,-0.1914515495764856,-0.49863209874971853,2.245031960038768
3.5117149757201447,0.030526817058112582,1.7162470797061735,1.9475569766150789,0.21744445834212217,1.3992882873605375,1.046002969917422
3.2563534013635724,-0.9188529119877225,1.8527290345388274,1.799310153067999,0.15566203232405762,-0.35862421638622705,0.6511701890364435
3.5885835523018623,-1.006018399789076,1.761342463673857,1.531849418699826,-0.12245781094732511,-1.4313963382303567,0.8385578728108756
4.127548140087542,-0.3302880816830722,2.5437075250150687,1.495708595939388,-0.5971872968494337,-0.9273689497302716,0.6332442825048114
3.8268177805359085,0.24259803880984532,3.012090331144508,1.5338662568271504,-0.6784499168969712,-0.8674324094570167,0.5010395714857971
4.132898812855778,-0.20897904885841578,1.7230746737957536,2.1009707711105126,0.6968207152551062,0.9461617504779849,0.941548302319688
3.722806198970623,0.2751892331453784,2.565754798905067,2.1301982771865826,0.4240572146491778,-1.3392670671531328,2.1650808683842215
3.918901269781073,0.9782158425573456,1.56109281035544,2.146700295710187,0.6347375461903619,0.5019105989168628,1.9370038725643577
3.46244114516184,0.9549419283732969,2.3163746681714774,1.9273004724752436,-0.1711530262908259,0.6324578363280293,2.332772229377428
3.9086332069110328,0.01642744846085814,2.275460263981215,2.383561186986282,0.34765312851942953,0.4596047077734009,0.531853674954893
4.55255874508157,-0.5137716049382364,1.2599253487161828,1.8254377643707242,0.14121078037064033,0.29047656562537655,2.1039445295018266
4.333794137616544,-0.45007581108952943,2.914357989560877,2.363354262415967,-1.367891265379909,-1.0385885077216594,1.0882127677860784
4.156813737177399,0.5930449840408848,2.214026440456298,2.50888341820857,-0.44562237853192554,-0.7759544354818617,0.19956576124658587
4.305907522776197,0.4944441902455172,2.7453535247391008,1.8051621486221725,0.5359302442908682,0.5247207301433087,0.7143054505177912
4.1887659841970235,0.6548122226498524,2.436184445908706,1.8311658105595998,0.806598115855878,1.4858102663248565,2.8057975841799934
4.1513669388909875,0.6914314674058522,2.7003774946898895,2.491114473313344,0.3526820241992218,1.3755033884766763,2.220711645066049
3.7739785259285847,1.004604849191884,2.3976787521841807,2.4292650307823442,0.5971131942196123,1.1519885339983174,2.620851483600284
3.823494483156035,0.21909637722322395,1.3918015375028423,2.3182690772205317,-0.24583678908122064,0.48846105762512837,1.550945954450865
3.822552959863289,0.18325158530740374,2.0187289254071996,2.204421390407432,-0.08203359222509399,0.41386488351532197,0.01604580177869841
3.7878888185633675,-0.4869608702018994,2.9099157314359343,2.069194344325165,0.5974382430358887,0.4442952257016876,0.5518601045942046
4.260475352936661,-1.0846107721605913,2.3590692955215546,1.701623165111909,0.41235775204287844,-0.5087008448682977,1.9146607462671095
4.105429305276738,-0.542567103591158,2.9689306692365482,2.2698041911419136,-1.0123889783667406,-1.1536494706232134,1.9402183169429081
4.003230652137325,0.28776141714141,2.452770557432755,1.710223621727891,0.09538226927601406,-0.920886398547349,1.0031654937896664
4.188260166714502,-0.029703185639539803,2.7184052756542445,2.232198369546681,-0.7284532404278306,0.9728559898890108,1.676005899606781
3.9886059723992022,-0.27096373231155385,2.36978839319279,1.8571240984440591,0.24073821990912797,0.08569494526123575,0.4639686834570401
4.036039640380342,-0.8751109526198716,2.536045095056888,1.8140689108274977,-0.9948252034841586,-0.6503825370672092,1.5085340168399908
4.182828936203923,-0.9571731969499065,1.8715481670308423,2.46367240220762,-0.9243642683196966,-0.8768686359335853,0.35943535075302435
4.659237311245115,-0.6285865512337674,3.029904171331637,2.1417704685663916,-0.4273103863269692,-1.0334386971039031,-0.11650847286019153
4.918158418827551,-0.5294569028553621,3.3591928943330123,2.5888693781947314,-0.30630977300923357,-0.597520329350335,1.2348051973806429
4.56014104035773,-0.11047230281191478,2.625031565319527,3.023063603850425,-0.17840777705949779,-0.5580543861035424,0.8564699888494809
4.20302477450766,0.04006053590235285,2.003552404060589,2.30075057897601,0.3008799646570542,0.17849859850362926,1.1745415403530322
4.427277384162645,-0.6132098261151577,2.692346369535189,3.334334934942244,-0.2750002075162318,-0.46026544031437905,2.45987779698979
4.878452230401432,0.3019636420193246,2.948664102493652,2.011102005685423,-0.5198702955012713,-1.050866538916633,1.067781240424563
5.067670731191348,0.44426562978075995,3.0693005035947465,2.002866643524147,-0.36825378745497683,0.5519389475069572,1.0326295185066021
5.300048981353379,-0.5267871002466897,3.6561765977462244,3.0987722741511745,1.3017895907160524,0.5008522911470898,0.7443606248240411
5.19749978443521,0.3794970844575343,3.009425390928749,3.2164622960926432,-0.6747775847860613,-1.074709794003561,2.9065029649878076
4.977126630443171,0.4253547133310196,2.6662308112679853,2.678856111506752,0.7101770144408305,1.0313758126085566,-0.01475421281442102
5.489594117864168,0.4286722200758165,3.0545195808426295,2.2313234037407788,0.03121688420790006,0.35440744532001006,2.687946485812355
5.583466670415476,0.8959333206079392,3.8770350061739065,2.8728571228067836,0.2534801354756553,0.2522954507990929,2.0034778173416212
5.5605447720759855,0.5514178195518366,2.9197751014258007,2.7781510528885565,0.03797801567270992,1.3451879890079552,2.458760442734752
5.962664313540333,0.36568834787930704,3.3724615305958716,2.968978546499575,0.338572922701493,0.46642424941983845,2.0550996225825138
6.00662404792369,0.46090097385024775,2.860285023547176,3.0122814207250226,0.16750604800709062,0.5361699255839121,2.166055445783448
6.172679740051685,0.008077009928327633,3.1420499734961087,3.2761023318452613,0.5494998059513019,0.9575735547482576,1.3667365975481351
6.130384904068244,0.4392606660887782,4.301366066508246,3.739890479391926,0.8567692361271795,-0.5773329539942303,2.8036377342569914
6.396054603611442,0.4361730172033662,3.6996242509940975,3.589493375583967,0.025811622418425606,0.5730836306133149,2.757519086514579
6.328412818456647,-0.5390301972151154,4.1804266373832855,2.3163403510419496,0.5160320982610214,0.8973393049056622,1.7593847326474599
6.042387717425155,-0.08828528528318999,4.418558262751969,3.2422663255029516,-0.4006129544068287,-0.6432071717954136,3.2202872142014325
6.059481921832609,-0.025041580516678756,4.227197124578355,2.793936634161766,0.7783362442850266,-0.17246194707384027,1.884102584218097
6.10857922337569,0.4663868067715393,2.958217187756059,3.1410911130253947,0.07653928116748729,-0.11302790332367005,2.9135132107477486
6.322032562506176,0.2840784141091097,4.37683566809844,3.357974173950241,1.0484089107257581,0.2360536813464691,2.3884291321181683
6.705308140652787,-0.5450419614663735,3.751237584249109,3.1172979220594614,-0.3646051531261223,0.907922471342959,3.0039670621088472
7.31103171014923,-0.7424053564901986,4.163356735672916,3.603270285297459,0.5701243336440495,-1.4088113383069492,1.6542525735540532
7.872042011619529,-0.04949341213053696,4.547161098223486,4.015784127782896,-0.6570117265792272,-1.0011907209365967,3.058561291068813
7.805567779920523,0.21063549058986664,4.556257400956034,3.4581150791832815,-0.08035333555803315,-0.15011891334232352,2.286562595766907
8.004395026773796,-0.17956915488005687,4.198377014722887,4.03449409313028,0.15840205165944407,0.24782275360665032,2.734443259433461
7.928419574741959,-0.843539175163204,5.013319235952565,4.498998525346939,-0.2483773868225116,-0.2320650202182382,1.7808421679249749
7.978858341136708,-0.8719422423463772,5.010311197428597,4.081567929973884,-0.36119045356902907,-1.1189566546261793,2.7854688849288047
7.715683833998927,0.5139683748584294,4.4723806736030305,4.052471472772117,-1.0825596372229858,-0.9570481903901403,2.4414896674718003
7.969805656668461,0.4278424334471015,5.025041121759498,3.7135945131190167,0.06728188522423412,1.5894449678861038,0.4361272009797317
8.128794033546004,0.3104994425566084,5.515168942556868,4.32831369319246,0.010372982053601681,0.8724364763796509,2.6932836247752365
8.410443238123353,0.6526037746637774,4.247100609483442,3.8941600782597705,0.17301372786592736,0.8093617192576953,2.8164297687496727
8.927181625814127,-0.0849824004995664,4.724248529731077,3.884438064505104,0.5045100906973674,1.439479695322759,2.2064742526010837
9.338603250246207,-1.0156593690937266,5.227803551440647,4.047109509115158,0.020529156084148903,0.26331723383493616,3.1542124455752676
9.65844093895382,-0.1466340463555713,5.706986157904545,4.741763501322342,-0.7917483386287293,-0.7023706551787505,2.352852755731069
9.165625295600437,-0.7123026937935312,5.778155393519045,4.48931704135142,-0.4284381772437749,-0.42735797993271996,1.79887477646215
9.187474975458356,-0.6843363804033281,5.674513490807813,4.105229649096995,-0.3761701105274109,-1.4095695023383537,2.6697288289371848
8.985628115286595,-0.36227090225153946,5.42445934033943,4.192690328780341,0.003081130388963016,-1.370793027245055,2.383733408103965
9.024826271404724,-0.7529786391578982,5.354036439252529,4.835034350208344,0.012984969502084581,-0.7943398111421581,2.4165545374340907
9.068082633729583,-0.9500340024814248,5.171360014223388,5.352298492786274,-0.5007496841861432,-0.7595922402789693,3.1084191430486166
9.468928101139435,-0.8985905766910258,5.481723160695105,4.144609983795969,-0.46014820266795087,-1.009604353060897,1.5383635762218257
9.465168180990108,-0.23185975033644632,5.474929552587662,4.4723229286531865,-0.8793384026521827,-1.0659778392355073,1.6253954161132782
9.637006014644133,0.06422905155406225,6.178298683176306,4.232405579189888,-0.44956990393022395,-0.3133711229943676,1.9122460395992678
9.666091320626025,0.16234885021789425,5.584845670644143,4.57945630591165,-0.5238935331585206,-0.10216179657495633,2.510164874240907
10.178630665787312,-0.6480619776608126,5.501849408598809,5.14209703619351,0.21824450576682358,0.3618391924338844,1.8554950915625024
10.666031635626375,-0.1866963824684324,5.802419821263379,5.570655374482058,-0.2670840813572572,-0.8306383776131772,3.1455106468812684
10.90320976625893,-0.08386068660243082,7.148583335510037,5.447970780041607,-0.4203544518717782,-0.49730574244284365,2.1590003172809498
11.46288895211112,0.20864295407866745,6.826748191218232,5.927098264521588,-0.44321003680722004,0.25361307261898913,2.6138046798448817
11.334277134542548,0.37429052216475417,6.538920687447993,5.981865066138724,0.9283653751141159,0.7524580280710951,3.401297631332374
11.980978266839182,0.38166830894730963,7.1893433844064205,4.7160367398212015,0.28743295268483215,0.8126771636759488,3.9909626500817774
11.97009222235949,0.7336540787565891,7.653075346309111,6.274406170801587,-0.3317211756925511,0.3701045811204406,4.407551589066551
11.778151102810755,0.25869802781780166,7.187885217018355,5.4314452242000755,-0.16090691213390085,0.6852155004332001,2.6149923749938737
12.322355342646228,-0.7844692989203099,7.0679446112101445,6.110855829929646,0.35448281631660983,0.6089013872288449,2.944354905690331
11.853514806158378,-0.8739296761969405,7.458993114067271,6.299394436599403,0.024277379807868427,-0.9356870501346918,4.258201726605663
12.283966080393228,-0.050840086667096274,7.28324765324333,5.819266649788769,-1.5338955997592387,-1.6424709449175046,4.021774483250424
11.762572365207454,0.1524697419445169,7.0608944767952835,5.870815040667859,0.08785348811404445,-0.17905402858338537,3.03098183088578
11.579037758430436,0.22004654409167523,7.230048564215313,5.49853719940924,0.09516861297898761,0.4161548081675574,3.6362159652548063
11.227374846543553,-0.2380412189142013,6.975832913036711,4.943112462831097,0.2339377476412863,0.9668765621277045,3.421654855124218
11.08405571645723,-0.6192450806894827,7.260440712472294,6.070479696714373,-0.12449109754374087,-0.4049522920678157,3.5141971995838044
11.264595123774544,-0.2901007179972914,6.686728428228749,6.013126766765874,-1.1303842765380296,-0.783516679393784,3.8098329004724407
11.608109672983673,0.0052704286758570446,6.64193558814155,4.973703681483104,0.38737404489207794,-1.3062014978662164,2.447489645815135
11.691850733559152,0.39808747544377443,7.076204894166212,6.141212176727687,0.39165489964067185,-0.12585791896153403,4.560698465458937
11.98211089065558,-0.38170101039587967,7.461385156210034,5.795534641501948,-0.3797465280332608,0.830524480678132,4.475383325018757
11.680651888181936,-0.46182264594920724,6.9003001973414,5.524172571721133,-0.0935851559774798,-1.0561183110504353,3.5659622796284554
11.878774430260556,-0.3589344277284871,6.415076324843228,6.194367117535932,0.17203154930851114,-0.9547493526286875,3.16415356113512
11.74306254144041,-0.4015658654089342,7.087287875775416,6.362992256257986,-0.4044338896351076,-0.43250728936232424,3.477210283309558
11.513709536245575,0.0815561178278123,6.6385063200775605,5.273111368028515,-0.5488784990308002,-0.45031986167802074,2.543929201102801
12.082513468192191,1.1782882337181335,6.2336370272553125,5.8034659644305275,-0.25398634372108186,-0.1530601913748563,2.4952996335682283
12.255666565829857,-0.02883028538124177,6.836992061227151,5.373218786622326,0.6279729384331643,1.6826865659879013,2.8201431545530653
11.844358750548682,0.20925277351545618,7.434970249289567,5.965542455995497,0.5729160112093972,-0.4686923109300814,3.266594805850527
11.850371459095399,0.6575724784355682,7.777410002159847,5.556932763157891,-0.21968778100574823,0.38547766790243415,4.274525394326126
12.370421871580195,0.9342503234875422,6.728326210587403,5.328027733275481,0.7610590649110442,0.8518707952088145,3.2011944759768793
12.370483519463031,0.2565759691456859,7.525964620344936,5.337285931385972,0.9207225126938547,0.8637981883299606,4.258525661022497
12.08369567934061,-0.1285796226083799,7.612703718985624,5.69584006046445,-0.3424251435514147,0.44507408533673354,4.63758790277648
12.532637609102148,0.10434231079611372,6.996876063944502,6.834367975100256,-0.47646755783055894,-0.27984740895858096,3.677849843853106
12.27788427828351,-0.6027180462516812,7.131389544570854,5.797448539222332,0.12039427750225938,0.44005842889870994,2.6269708267894547
12.556496686849346,-1.132819207954865,7.366842222912638,6.672649848784666,-0.249538300424045,-0.9162580181327002,2.8531783998995928
13.131165043965312,-0.7048169982350798,7.393539971445462,7.005206430707366,-0.6027292149075242,-1.4274740822941936,3.7377444408484637
13.541707842280122,-0.3255214230193635,8.191643674076674,6.995265171830935,-0.4663905317208882,-0.7660273319402013,2.8959525406320425
12.96448173828041,0.17534721388013882,8.046328708468561,7.291637730517766,-0.7338378792780376,-0.5393433112648319,2.7637029660418495
13.102962012281047,0.11231079471115461,6.8033831570568415,6.313771292585365,0.20145878483004848,0.7591637768188162,2.773100141049236
12.64580461961475,0.548564331191385,8.054317707633727,6.375933700125064,-0.03362891917108302,0.6482180777474684,3.984603861684845
13.087843776634926,0.42272545272906514,7.9389759451951045,5.989216343109464,0.2994941693113684,0.7220530968322483,4.107320638628753
13.007206093061116,0.1279846333286263,8.064727915101486,6.020971298460422,-0.015408754663048196,0.6994040255975963,4.607593809780479
13.060708047819272,0.04975872481664248,7.803649924760746,6.416541693707701,-0.06405329145231942,0.4570938621809163,3.768517707039259
12.837918805853095,0.6310743513202532,7.929783986520586,6.315094923712231,-0.1568871288142326,-0.3652057029788166,3.0395429520316863
13.19085438562593,0.36149780679442944,7.49600149817569,6.49181721124705,-0.020550975019424766,1.008345766231002,4.2407315268248515
13.180874694489964,-0.3434341337088338,7.6504716296552235,6.751603049258569,-0.4820663828026648,1.2492675739139605,3.904348048791305
13.511728959220088,-0.9126883895904077,7.710404837209073,6.73688708276728,-0.2801418651798103,-0.6096468198132329,3.3666394656539
13.147172348119515,-0.931327560988044,7.729399957744969,6.793170296939742,0.2287525711727436,-1.1849965954633197,3.7264236850049945
13.044572120564244,-0.9640378287351745,7.544253197884098,6.875518613978719,-0.44314988725854687,-1.3238112139485871,3.867238945838174
13.56537338688963,-1.1835270476074766,8.07530912819463,6.222215660424164,-0.8720885362236481,-0.85888394932808,2.503382515868366
12.994404836302069,-0.450196784293738,8.62506369982804,6.441383774541562,-0.8001683875241989,-1.176146168621237,3.560493191008563
13.419708374457477,-0.016269281399466706,7.906620532465994,6.138438700732489,-0.43445983587908965,-1.3089085916407126,4.287402103239143
13.940081066833667,-0.5277978854199863,8.4971979924817,6.813586736839108,-0.3733586913060408,0.5043687343604539,3.011541518158004
13.894628657116675,-0.01378126046593367,8.56813499739234,6.192104610986718,-0.228971350930254,-0.4051814338125827,3.4559689438667873
13.340848092525025,0.25171985819418,8.949275850817934,6.228439807961365,-0.6724447614993186,-0.4849243296225447,4.681179684927252
13.722146992388328,0.7909196400588456,7.346335310698931,6.83415771418745,0.20467452078388665,0.4930797225819534,3.637212196533716
13.709046423066747,-0.43720326490143596,8.394974522161839,7.564973876627532,-0.22483209813128757,1.0191880675328995,4.329792806463689
13.753150105688931,-1.1464952615521469,8.37128537432488,7.5718723411122095,-0.8134506645345143,-1.0031890468316986,3.7044640317058386
13.530116143448183,-0.266029665194949,8.171034176562769,7.046772382645067,-0.07101721181894483,-1.4103002501724853,3.2959756428622304
13.680470125914686,-0.4384298940861905,8.59090340355905,6.907754568838759,-0.6976642585305939,-0.6889226227790005,3.045875802528235
13.662183208906386,-0.5978678017136769,7.666214952770158,7.516763890494137,0.8837796929573027,-0.5659293654448678,3.2886348961953944
13.481285845049817,-0.04488761167902472,8.705963203071619,7.058102396126447,-0.9632444597729429,-0.9557701002830634,4.34715961646643
13.23841538963344,0.09764329267962299,8.227139245698234,7.149130051348027,-0.44109986797793377,-0.045453619706684614,4.217149397033772
13.23173226064768,-0.09277899953288388,7.976230904154541,6.710970037857734,0.7423613552408317,0.3586691161796369,2.976171293847682
13.258247865416832,-1.186203130613306,7.737786147517076,6.355371341683088,-0.5613428063585928,0.12227274252564882,5.094870837432226
13.54191462729556,-0.12756765189297342,7.7484591823322875,7.3545042942817025,-0.4891322700735466,-1.5566672409623865,3.015696894006346
13.26212834257694,0.19940207472404353,7.58977546069267,6.762017049475084,-0.12719602250203615,-0.41498957974907386,3.381483851576144
12.921080658374544,-0.8298418959503854,7.811069451193566,7.305524411507939,-0.7318270731319846,0.1712594099983944,4.33638463391451
13.110312829568743,0.11946722592475978,8.0946314081048,6.214284635601647,-0.4947412919340035,-1.7414315923035673,2.471624602476427
12.498084438351865,-0.4439142378052903,8.36834881467502,6.374444336843496,0.43517828621405236,0.23491053765016331,3.6940875775006945
12.07939430925772,-0.6082051402293881,7.446083080435303,6.500519044026687,-0.06878181698671768,-0.4232616330200652,5.212046996574763
12.08297742147901,0.06763571557907583,7.363162501661956,5.6726452850185085,0.03748503719801577,-0.8655537960937308,3.704999369065898
11.851371793763388,-0.1672323576321576,7.662947642649106,6.071780644534848,0.14875806665490757,0.17932365312034082,3.878598703605136
11.292221545400837,0.7337566571008012,7.185503758338535,5.708597440651627,-0.4254786873712049,-0.6136631232603016,3.8332235402029453
11.108635021918383,-0.7904744438014435,6.7241769359635954,5.445707254577613,0.7168623768010509,1.2592054648004622,2.7098560564335177
11.266500422571145,0.2643693291351855,6.593479114383755,5.636208745061266,-0.5320091628215136,-1.1373844392366494,3.7293246701919105
11.321695421181136,0.1580544165237175,7.2072114288864215,5.94229729030919,0.3257350198382038,0.830902482789016,2.971648613565651
11.097328993578348,1.0725999748795945,6.938799052955789,5.584508758003839,0.07559634451272712,0.5348382771401905,4.67830521601228
11.212829036401413,1.4222534574921757,6.492435771566539,6.1399721580917355,0.07214934839653708,1.0276190512049317,4.4176036619952885
10.558534854891445,-0.10921459711193438,7.230250871488391,6.010789107583043,-0.1454997072104932,1.5331749317405055,2.768248963295132
10.895092643251509,-0.08087707618979573,6.65530141481158,4.9192523861310375,0.701535551109254,-0.21770437044114976,2.949307422390739
10.437812292315536,0.11164192959339361,6.561154062477156,5.122387152939961,0.36528372682190147,-0.684539040625555,4.980922664236905
10.230500389836868,0.1700878418086095,6.691991893163136,4.913145345081508,-0.104795090334753,0.7163936217236451,3.4314185932704846
9.900094698430303,0.0014972994359901265,6.214773157434417,5.759964131306694,0.6126903424648709,0.83987586004067,3.5474379027050458
10.218120270489932,-0.563437934473795,6.004298196779596,5.97857575966852,0.40980465193994087,-0.10592152769846284,3.811142845850097
10.196830242527803,1.0274984207311146,5.604302530761288,4.83890792889489,0.2469204231141715,-1.1117428564161242,3.8081030472365405
10.347265066221482,0.057324585411989704,5.825657823381261,4.663816992088009,0.8473565740131492,0.4928677174979865,3.7781972962653905
9.93732731793818,0.5230851849019206,6.322132375912199,5.348570308527096,0.5533025690093896,-0.32479132357972346,4.002659231331708
9.506753418425141,0.40295880667895756,6.582092745061997,5.0339906254922075,0.0716123136375448,0.8105899008890318,3.7998650455491956
9.272772337623227,0.19896858550094232,5.4529906217454105,4.266763974119334,0.24526459865663963,0.5758851461718227,3.7646303473044807
9.307494731510511,0.3551101529977911,5.163541266943251,4.250742888289227,0.2297229860714383,0.9353075552761563,3.3821928158435592
9.367119438188796,1.0922658267441043,5.543468878861369,4.8499724484223075,-0.1751477045369765,0.7569799660699708,2.806857997033939
9.646652325705324,0.1973836067866615,5.2569086273096,4.547964172971418,1.039802518495277,1.8250653069205978,1.838705760660597
9.471140059319543,0.27263910615341413,5.628235552628884,5.343078694326277,0.23725191987500616,-0.7556441816293993,3.3293944120448113
9.46429287999735,1.4023421348042098,5.7483037115650895,5.1327315914924,0.4964103447389013,0.010851458955801196,4.083443640549249
9.590633298083539,0.36307320082051914,5.0442511109307695,5.223326665996134,0.8922753630736121,0.8067960634862106,3.487619245870525
9.242820892105463,-0.21097319526887873,5.583342556348664,4.7583009136837155,0.12484046936178313,1.0761408723556962,2.9335492269722017
9.656073347072095,0.6237352136431306,5.160683891660909,5.197734727856243,0.3339920055946477,-1.0090684468916329,3.1936299784451965
9.709158534994847,-0.06938311821813345,6.099189183237632,5.250793346823922,0.21857130046916617,1.4083198638674013,3.5992637165188146
9.905632464315527,0.9796454581730151,6.3157357897408435,4.844878286100779,-0.050836835053541335,-0.3298511957284992,3.1578270662621346
10.248161010470517,0.359238314475317,5.639006653103136,4.760139840187305,-0.02473064179891321,1.0710826702443548,3.3810184964962073
10.484158275895012,0.8646911953906246,6.068747325533576,4.898583155948292,-0.3408948296460621,1.4860190390074814,2.180173527181767
9.863914875324141,0.47361754207377343,6.3798638483095065,4.723566733095492,0.7287121677338017,1.1949484375176302,2.2427439920260164
10.251146806186334,0.3914672489410885,6.012438493955558,5.157399661006758,-0.4725046642507542,0.816328577952266,3.835607163436935
10.34426059095954,-0.14632060032673733,6.3339371507938145,6.037725360063425,0.3836220024134833,0.8193427007574738,2.597258782780708
10.227577504177173,0.04920302856352521,6.317047054385704,5.327059209047196,-0.5361904251713183,-0.4121104086079425,3.707850878176526
9.977149012828342,0.24991852904405298,6.176736804294324,5.2689587632798345,-0.0494448771014883,0.11768157826000272,3.080029534477779
10.407300231581882,0.4551934786938855,5.776405174048303,5.392123338226872,0.7859939398826179,0.9625444404051768,3.2654200586350544
10.397275254881574,0.05704039485631657,5.4402434261302215,5.53851161015749,-0.4796583883189561,0.43794406170477757,4.043341828560257
10.687845061816095,-0.40933898321369094,6.286688123975431,4.710942385212491,0.41429610601640454,-0.38304969023503754,1.6871511774324135
10.890080493950862,-0.22540534608428528,6.78080193012297,5.071497109178048,-0.5734566194786485,-0.9613051213459296,4.241816995030085
11.340753783838323,-0.6218603394003669,6.616594930635499,5.258379015599212,0.0002053857408092774,-0.09060735835271966,2.5511568982325494
11.77229120822837,-0.8877407243587665,6.285031728482789,5.438676335894853,-0.0788731750893342,-1.1961309370014406,3.2088165858005167
12.119908287925325,-0.8678172612510953,7.082683015274025,6.150887506094774,0.2088572943775333,-0.7144192636466931,3.174938448710992
12.699367237638034,-0.3268462017109537,6.710287839702322,6.237307752872162,-0.46689911474659057,-0.8762586390830298,4.169376038419867
12.104701166690354,-1.0685564360699322,8.394850040463668,6.427382630702403,-0.349932463901363,-0.2507800151248202,2.763275583882003
11.799244504153762,-0.31789074250770233,7.330624351535267,5.840160739406348,-1.0748657507905948,-1.741071151820605,4.095052570690565
11.964538094142267,-0.722218455758779,7.325428733360783,6.106789306301775,-0.23411920931760016,-0.6882766396163179,2.5167616063427514
11.810828528002217,0.3112280130834229,6.790542258473879,6.048662534224982,-0.5175242560378287,-0.65225372268375,3.146366340823933
11.588780435872156,-0.0289478817120047,6.693842847172485,5.482203078381228,0.3354913157192885,1.2840219580902277,3.3604497605264507
11.466840816505426,-0.3015346772000203,6.101841726429111,5.334599499185757,-0.3239387882346884,-0.25490547920471607,4.760095684139847
11.455245432152415,-0.22092384246963664,6.771080300975875,6.00087863375932,-0.6402077962457214,-1.2252186077285927,2.375281900225748
11.51000546919831,0.001230274889186922,7.615802702767702,5.969523030244901,-0.632836089039921,-0.8676407477805426,3.3912211025685495
12.002943515227894,0.713300166662859,7.213910374992684,5.154190854668071,0.08996067830244316,-0.04012384968870834,2.8217909842626696
12.062297007517223,1.240010934697496,7.340848444128671,6.422526136975602,0.004633099359704185,0.7453607168414611,4.602839297465302
12.127948884825305,0.7640954367452659,6.616873012552275,5.1780296636845495,0.46643622835582765,2.0587108418791447,3.8759415354324847
11.867621524787559,-0.2151399740907486,6.533281932701453,6.5634855478816965,0.6725606618175799,0.1953889865570504,4.9606133735418005
11.83121274173347,0.5815924252434128,6.752568309352946,5.669947305466912,-0.3157742975465213,-0.679702395293016,3.169037992934815
11.977063950318255,0.07518636305549242,6.893398017268849,5.870340996933666,-0.024371934472222523,0.8208937431602696,3.4411057499589313
12.04428587069335,-0.283564338389068,7.455920203923126,5.63432594771652,0.18488541641436396,0.4290593032922382,3.640355311199109
12.273447369262636,0.1197771140413787,7.309736115476132,6.160243177143569,0.08031584617607695,-0.5755380577983993,2.543400332756354
12.309256573685758,-0.5583712272043418,7.425494119492768,6.244131830063017,0.35857087503555224,0.4733533455840375,3.186124524849167
12.24974268581249,-0.30638866205469617,7.244776970352506,6.0963376778659395,-0.45567109894791574,-1.053982954289996,3.914771118156963
12.512042541449624,-0.2949900798519241,6.495731445548554,6.162236281918583,0.05818764634756696,-0.816583170689034,2.750328049831169
12.765711691913111,-1.2333304247790933,8.181668520649383,6.431076637184488,-0.15179217595120334,-0.6802631925690101,3.927251680943165
12.472611568225727,-0.8837383271739583,7.104090039707142,6.414869559687301,0.02741354992596079,-1.067838440306289,3.0345542674951416
12.882722553068406,-0.15765556260593316,7.47349851375603,5.949190361612852,-0.9178947593737301,-0.9354956147420758,3.895933402086475
13.226481589154417,0.1852584303549308,8.1166063426142,6.4072051331578015,-0.2833845540077635,-0.3285637721792233,3.4269382570081257
13.98248612475838,0.009465372809190756,7.605552018612932,5.986677941035566,0.6643188872992436,0.18463920708821374,3.5375945025923055
13.707537678743947,-0.31315417650015986,8.264496151683787,6.913071310105793,-0.2994430492567383,-0.19322432117230606,4.03533004841178
13.900180111486607,-0.1306318208253868,8.31898396735202,6.949579050403926,-0.7507007725489949,-1.156455762010555,3.8421359885219637
13.288818990728629,0.40856828710334975,8.061594255735729,6.649238445579031,-0.16831886887661818,0.5617040267488457,3.292721618537288
13.332819084352531,-0.1265413145349578,7.716804638296415,6.037514359041381,0.7045230497224069,0.6223057526018297,3.9503296960040535
13.529757673416945,-0.2798111395779925,8.185866833178206,6.690546518802931,-0.1687256142495829,-0.01509682523425454,4.7524070192580075
13.557710648329351,-0.21861289066255024,7.460371648953265,6.936305429656581,-0.06074846364229208,-0.04758022983730692,3.909609390423978
12.871192453793203,0.11261786322560798,8.669159627827081,6.972848051180208,-1.1794694807789687,-0.5192369837217357,3.6028923080248294
13.072964175644843,-0.22725627951583774,7.78160853765732,6.5750260592047,-0.4445859140023167,0.5160698443854237,3.2508481662427493
12.721348499989771,-0.05656439024420034,8.311969668163655,6.3973131556649685,0.373353013501865,0.295192725402039,3.2314216400545406
12.983891111453557,0.3094007022325836,7.826643967506094,6.414381907651796,-0.4364808698499804,-0.5683692282921253,4.893140811938488
12.466126221182716,0.06586651796824519,7.993380023097744,6.055720648165315,0.30065331944111284,0.8259781045035932,3.4084966807838346
12.694870352975032,-0.6915081795586002,6.93244739442284,6.195917131101577,-0.27968557317140447,0.38953790878471795,4.409257359595961
12.017991409932682,-0.20704885359848213,7.778510276481738,6.509425842049726,0.13897987619615665,-0.8934209096255723,2.8054739378159925
11.701109972357564,-0.6997096268583225,7.069966299193354,5.553912065063299,-0.13100381822246918,-0.49145785324940905,4.60014127741627
11.778637009417444,-0.22763469147112309,7.153774411711975,5.775667614515568,-0.9805118365644311,-0.6932956716590253,3.3312642843001856
11.836791988870747,0.3191941535481727,6.604467077831473,5.550018842447159,-0.12763495160812993,-0.21600389556369276,2.9169419679844073
12.404515354772313,0.009971128707432386,7.196694228028424,6.26392262938945,0.08008496838990176,0.5957196025652816,3.267796604580825
12.26457977161599,0.17647641170742212,6.980641009620675,6.229599382683301,-0.2500411025211453,-0.1858621889478569,4.146423902107581
12.268471760621026,0.20586997174802285,7.449258589839265,6.438160343822817,0.35710246717395333,0.9668091044007001,3.0983083121685953
12.067439870705089,0.20308074336543264,7.7021622417426485,6.77940504067229,-0.2207160732221811,0.4011150588686154,4.274820017818665
11.876254765635286,-0.3907028743135137,7.103447247536073,5.449493650275059,-0.32907916743601917,0.38463866780136885,3.973711337223078
11.657915022796487,0.38603933728856565,6.604047832879088,5.874981576061727,-0.42051877666486825,-0.7498962457064611,3.5499080966276773
12.011641116138682,0.6187253351327584,6.782784048540814,5.686062369208722,0.5215678239608201,0.6000176277261472,3.3620121822337574
12.058396069289236,-0.5396906010329363,7.1244400224751345,5.654713591774955,0.9727233539566106,0.36552938874299246,5.049943999959585
11.73740286379583,-0.18846574976250083,7.511813711231731,6.399458877260825,0.3265207999654193,-1.0781069050085272,4.803952855909163
11.867210968025669,0.15787340938964414,7.656679805040731,5.938684592950154,-0.2858771282919642,-0.49260487878646786,4.159050806920246
11.778903480862335,0.19497495288457556,7.250921291027326,5.790499045235732,0.03315745747735864,0.1256273395669833,2.8861952757773484
11.764647906762962,0.9446207372408907,6.753105210496033,5.998763734448848,-0.24279313571621552,-0.0746655538374772,3.693789831341119
11.310614667437715,0.22131914738856018,7.158597219635172,5.480559509389784,0.5847500141744005,1.1806975931762298,3.5210289539137483
11.403157603216828,0.18760985571114175,6.115811700268572,5.255849140322926,-0.052423498909113214,0.5321301421204647,5.420543127568784
11.17072817318186,0.5858550069748776,6.740396213615079,6.1010844325660125,0.60125455935806,-0.1128817986030829,3.698589787144404
11.288090865804648,0.20382908137247172,7.061579591719502,5.833772433185473,0.4843997118989106,0.8173892464157951,3.8454126519384517
11.0251995692189,0.5431395902784442,6.414997297061894,5.596955233737436,-0.1503289810213359,0.3595172398780014,2.8891543057608318
11.612618211421745,1.17368043440803,5.912014728640807,5.855199508040652,0.45180536368060487,1.221020940670391,3.0412138938552213
12.024658007931707,0.506881797753824,6.963753008752193,5.957168179338097,0.49154213949900144,0.6957019862830309,2.7724255973038314
11.756100489093125,0.04937817387417889,7.2174894718351945,6.074623855103587,0.2331152536074987,1.0800874457472789,4.819086635349584
11.238496496624354,0.44608317352631444,7.137849380237354,5.515545399135365,0.40916873301975837,0.07546595644353019,4.967660656678019
11.033582594175755,-0.08425786115590733,6.189684691607876,6.22402702056029,0.6438791182020429,1.094471006031435,4.124362742446345
10.559974599026546,-0.13676311846452277,6.405185559483395,4.982762340118737,-0.2778606384938443,0.23329501695604773,3.7101278879754
10.38794509801094,-0.71923061934194,6.0459336673403845,5.267216398425658,-0.23741631383005116,-0.6419514828244296,1.998563460641967
10.45952394946913,0.5260481061022706,6.108576384156429,4.491817522592791,-0.4820425013356691,-1.1215312124269,2.5563886634400124
10.255570826376925,-0.30062098920202074,5.95265666217735,5.697359154081172,0.5505863664399825,0.7078967669894703,2.0307990788528953
10.952686371534552,-0.4979665123801213,6.752584382145919,5.878465943154374,0.37252479528732835,-0.7506154435192612,3.9109997495471807
11.394346355468837,-1.0428356918799957,6.5051125639099014,6.052880007523881,-0.46186313323385186,-0.9133789802391464,3.855764100559359
11.150431696943869,-0.1424265139691635,7.168645797577148,5.488927121682245,-0.6731794119796792,-1.378646756088205,2.2250203932760053
11.081624542268822,-0.27205975626606527,6.599939728463261,4.867097727309565,-0.3239496529171456,-0.12009462121982822,1.7656490784863241
11.110279310092556,-0.03502689110208096,6.23581300903612,4.567432860913705,0.21552617778796163,-1.003568337723278,3.473217566745068
11.233951054339768,-0.3219337371379258,7.0255542972308,5.527838932857466,0.19929177530351427,-0.2098647576171943,3.296769814500907
10.361517574919011,-0.025750331625985667,6.365981423513691,5.384109931572631,-0.4512906705010009,-0.447458464275061,4.289947565436723
10.299813313317095,-0.24773115724678987,6.833589949564309,5.173585267133551,0.12101267510815977,-0.1232292960039717,2.6516398960818814
10.152775930337084,-0.6811591421321731,6.3430886474923724,5.73233378082248,0.07191516433300328,-0.7218825546563267,3.7888241319111304
10.205599217579113,-0.723889730143632,5.6039322355013494,4.522650473110628,-0.042451895097978865,-1.2994221539970354,3.069037685212529
10.213616141346996,0.007720926394246208,6.262842940325211,5.020937789321579,0.36891031260101914,-1.0023389198781567,2.783557092364717
10.226833225296573,-0.15562845560427213,5.99114555870886,4.407483240426778,-0.5109369577696456,-0.20057674471050155,3.7626089851736473
10.204943353152922,-0.6731067024015333,6.374942227014909,5.822292570769652,-0.17013033321352994,-0.8980315355491888,1.7226510865437206
10.48703479321059,0.020765778877282592,5.950084678069716,5.038717990226266,-0.651724049660531,-0.9926879195683046,2.402748289483017
10.569038743651717,-0.21429596283541658,6.778023101091918,5.112580073335161,0.16573338845156071,0.030027142752071658,1.8572796554854105
10.763804262554293,0.2051853241493154,6.246875596447881,5.8786861490222115,0.0974778773446742,-0.8999094174534149,3.764623691195622
10.9495293349094,-0.009922186782703082,6.561159802150708,5.888437252855079,0.296982169148058,0.8716388009956744,3.3905206765642046
10.320475176310007,-0.34373250515364956,5.748189448480273,5.977656035750435,-0.21318953258788614,-0.06952087969823306,3.350411532675607
9.94845976110445,-0.9776778806102814,6.1600911420777535,5.127987955238054,-0.0467226269271066,-0.5872197248471172,1.413277863316039
9.991429195462928,-0.4344953159211758,6.036535366222341,5.105721771610686,-0.6084612626667433,-0.6948287392816055,3.205421239930357
9.82054038919162,0.052302446317659734,5.491700160474432,5.722329159780436,-0.7923464787748582,-0.24724521195198113,2.3128948509811162
9.38450587280139,0.20425174568407678,5.839614719440933,5.224854268094632,0.275293597879419,-0.05730153867958224,2.098080144389586
9.782405411732219,-0.05344002278919893,6.017882735959793,4.284603459544566,-0.7237774208178764,0.24330599528834185,3.4561297951746632
9.93060426374992,0.6098246666082118,5.61423010605667,4.765238642367992,-0.002761367956400154,0.3025942567282042,2.0801721686928656
9.813519896824253,0.8262523279273208,5.804316675583185,5.234467383504417,-0.18074676418185565,0.8824069484400278,2.7723801715107497
9.194873831728609,1.4928910478342832,5.9329109851378306,5.000541479954028,0.2434498367807627,1.467755721425105,2.583581291989859
9.442032604339294,0.7101947874275807,5.49468262585769,4.139043054252695,0.5172483708330543,1.5371717102311035,4.388377696370286
9.490048630446953,0.291793941497519,5.965094158632518,5.041422572722439,0.29914300776969127,0.8770731331143646,4.525986668617577
9.595834107216305,0.3646989608443878,5.522289397918536,4.13091331056494,-0.13576211360399942,0.26644033944840695,3.4953134453771715
9.532487625980698,-0.9395136613877164,5.863108959005092,4.412969283573342,-0.15787786671616905,1.1673217135163982,2.2685728334140056
9.461159563898404,-0.2679080153924066,5.795456319834684,4.72061091889727,-0.3489287480507778,-0.8712987699348625,1.8008395157052441
9.690570623819214,0.20708636120003446,5.860211871026223,4.930877257123004,-0.1538802206649839,-1.3581638458020855,2.6980251951145857
9.674806924709978,-0.029774541543481844,5.515171171003053,4.204412921777642,-0.12866611401167316,0.443508762097699,2.5627515776223193
9.197464310347732,-0.21313145308538098,5.979173158992352,5.141479593712202,0.13708607238238765,-0.20423865479408077,2.2916129467696327
9.208144330058294,0.6673376997160726,5.384971376975557,4.683415786991046,-0.24792352512896498,-1.2126221333678837,3.5450599933960554
9.309578805262028,0.15407943948141845,5.268517508197901,4.643698367067829,0.1791999519247877,0.883240888153297,2.0075980351574434
9.461085229385741,-0.5201534398684654,5.057734938957862,4.812049534182581,-0.47347191994505566,0.3926850456917437,2.8468813505001567
9.421504934177934,-0.904885953687541,5.601384822685417,5.0631144154754795,-0.6794786394553802,-0.8370098922269837,1.8340371948143623
9.14903437455093,-0.1416943714021083,5.722349399015847,3.9895108695959056,-0.24026955987543921,-1.0752165948460233,2.0387983836044876
9.354542640444771,-0.28815009264608105,5.6234775019301635,4.544581120365571,-0.4945531375394591,-0.5770925386488283,3.0642618162804407
9.318630662577615,-0.5048461974250884,5.6587102534951175,4.132505337059001,-0.09786536270761442,-0.6428188096390413,1.6002515340198575
9.59221939327436,0.3164568706939861,5.495112581424372,4.331039310235686,-0.46156332057583893,-0.5050002384827568,2.1358277393116754
10.047511008340631,0.23620474223297291,5.026863921618091,5.538293072682507,0.04772659381448824,0.7241651490770473,1.5722986498675622
10.238039811127445,0.1442825105145605,6.727116408543554,4.625292442059469,0.18054749759197686,0.3943788771831556,2.4941183079631877
9.648486121939841,0.5652713833339762,6.923371735725761,4.9907670373698,0.33763253837554685,0.6638554055446485,2.8915779888042117
9.856365313597447,0.6886119440284251,5.749917141791463,4.51770739713785,0.4407657731389197,1.0946334591155769,3.615733544201763
9.719727004251588,-0.1565793521188158,5.420104306853804,4.760218292449674,-0.05375239322133779,0.8191477176513847,3.2542922570566972
9.49737848784635,0.5849397679157543,5.320189247105754,4.859775227327505,-0.46518965818055075,-0.7701742577300322,2.6538241466765413
8.905031944906842,-0.43187611809191034,5.83311843980908,4.548449111362463,0.45730220526407966,0.9711984474349236,1.3950929090563111
8.424763233133845,-0.0651425019318778,5.781526493037081,4.574271865958357,0.07707589036772264,-0.6624610033619528,2.673982001845869
8.737880750619606,-0.577453307492813,5.238148075088192,3.5261334425378563,-0.29756892226252796,-0.1301322405737773,3.6942120939176686
8.653348802158712,-0.5214260182324433,4.906814681929359,4.743085465392006,-0.48311990315786,-0.6416325334795179,1.5716943099581497
9.020296648957556,-0.3456409938546575,5.920744941608022,4.242706449160908,0.08803526921280314,-1.5388723540493205,1.5843926591267146
8.72259635129531,-1.442820640627852,5.411697351807141,3.999174540962075,0.18718341767680635,-0.5950101766105509,2.8818774309310613
8.441521842430175,-0.8398348230628355,4.4610789797045225,4.03848617333855,-0.45751765691613955,-1.1446447350260474,3.0967984785381364
8.523641420136244,-0.9831555478760792,5.5322372900895544,4.236158528825337,-0.09457282702927616,-1.0261312321403118,1.5566599970874748
8.041948917785454,-0.5491307848048366,4.370670188391321,4.121428295484537,-0.38519728855374685,-0.9472995916766954,2.230306007173129
7.528201383006099,0.415517405627873,4.52022962822058,3.8999052177288815,-0.23301576835180754,-1.470999767757318,1.5583908755568898
7.630091887591133,0.2365206958887835,4.251192322271124,3.761069287976938,0.8858809808154166,0.8833501748114916,2.3182318831739024
7.603816736497094,0.09623250384186553,5.107447443642017,3.184182954750963,0.19930731312773042,0.5865419838034152,3.08231171981838
7.445466023981471,-0.5527331935066461,4.757854222486006,3.625945931556751,0.07397442711556734,0.41170426309173164,2.9533965881890185
7.9506820453873415,0.1585276984470027,4.3958551026242985,3.7167263955598813,-0.18348252300393292,-0.8735543336924758,2.511596450188875
8.089710316931592,-0.3017105308033728,4.720776083499267,3.8510582218048715,1.0521904670669249,0.652194001115359,1.4877857446410143
7.974747553931157,0.5699443659137091,5.005195371359358,3.3283928496689748,-0.16586133044859036,-0.48616095951763344,3.2903097310137466
7.510878603002753,-0.49131014070940915,4.676182774151293,3.6837564884701113,-0.213834518470027,0.9314801046232724,2.220743802766286
7.833463977346451,-0.5226360062706328,4.483504713612146,4.2035915796460515,0.06887097824943722,-0.81985833587663,2.13554092519952
7.935411623841314,0.7466942715923981,4.714509148782123,4.487244281566344,-1.1588893789254908,-0.3543259202546799,2.428753672829159
7.817987804120969,1.1902363706423165,5.1494718880731245,2.645437026066282,0.20690993927585502,1.3031720913840452,1.751241774722767
8.185387812985063,1.0588239934563928,4.401117452816246,4.411067260118041,0.4180761569717432,1.866313224545937,2.9435750546601582
8.268633423122887,0.326081898161496,5.283591493251393,3.795529163805767,0.2650260720165848,1.9856221998038543,2.694779156374016
8.752932909747448,-0.36787969693539085,4.02213432837483,4.268919290864151,-0.13493841265563267,1.1546470788075622,2.423235428096002
8.136685014933544,-0.17538425751041514,5.291469083435832,4.62811746736473,-0.25015006112228044,-0.4364842858385973,1.7935398102091626
8.107950355298527,0.10701277757430853,4.539136702150311,4.214693548708148,0.02266761054026284,-0.5867989193678125,2.092577849184423
8.535448203701439,-0.12908168724758579,4.469509671934533,3.834559104416209,-0.1835854834225115,0.1389146670654466,1.9488626565717322
9.032375385166088,-0.2313459159961534,4.5557927257821955,4.6096644576492105,0.2412036850065575,-0.25839090851163865,1.5520493823436785
9.660763967199022,0.4050828972366664,5.156719332015747,4.434265991599419,0.17228472344667634,-0.30739156650045607,2.715265347474597
9.359135991442539,-0.507425313942921,6.041576256522312,4.556474201288091,1.1004551999791756,1.2288849063246774,2.260978959427338
8.776980308053657,-0.3614593483653906,5.586691302373601,5.240375712216903,-0.08834033110131911,-0.5733059195889345,4.573450125637352
9.11203663195928,-0.6158881573600005,5.532142831357345,3.8354619038536444,0.02955847342815396,-0.6072308769174665,3.6910070621985773
9.110475038937388,0.028119181483392902,5.360447131449981,4.341488180785511,-0.07616367252065939,-0.7156562094536665,2.850362919270499
9.213208885561453,-0.14017740088979008,4.791200499016515,5.037878966119147,0.16136361440013502,0.3763662276987889,2.4279774811074715
9.244781133983428,-0.1008521593315371,6.199005063118438,5.334132100276702,-0.1652773027544871,-0.7903835657519822,2.333216543441947
9.891078213521538,-0.29965649158075114,5.872703922687425,4.543868180598804,-0.08360601666895309,-0.7323966017708996,1.5757110568302548
9.978419358585418,0.8268109431936017,6.458780869200397,5.194465505703745,0.2904468806525931,-0.7449812529363455,2.541625190663421
9.933288622782014,0.060988493984802605,6.282584465564294,4.592332426525973,-0.13036478136501106,1.2691927389305309,3.110578043386534
10.231485691657227,-0.3081668781127855,5.643096175441173,4.321747732669435,-0.17267451441894682,0.28076842165953175,3.2509726534171657
10.581637114063943,-0.317761141393199,6.308735062267408,4.270025011141389,0.9147377870193241,-0.7677909025143792,2.2454044222789307
10.623203491159318,0.4686747431579459,6.468560483572385,5.387822087826237,0.28659778176951206,-0.3707761970218645,4.015316175948718
10.967491115199724,-0.247627543410689,6.277009308195594,5.354351669662721,0.47827981875793346,0.8909499883225707,4.511998531832952
11.10431252416608,0.9089666798741514,6.619166388954447,5.540158167841728,-0.2597804972756552,-0.6391146934056876,3.1368774847681506
11.182206972138502,0.5239047792846093,7.161213085698423,5.171042447991919,0.5181911349154491,1.1812686691080823,2.6088797680096016
10.999655842456178,-0.0856980872976919,6.873644567605508,5.678514985512201,0.05812153969907374,0.3257742641299729,4.150255964676712
11.399666286870703,0.2189141670546041,7.225342716078741,4.712521506703417,-0.3336909274891965,0.3509184278227712,3.0979895017274965
11.052322920727256,0.1351591544969513,6.849211064903808,5.0992798840588565,0.8370318944421911,0.09612247983873373,3.5833164104914577
11.300619984561983,0.25742176415369517,6.117842362001692,5.559331569628404,-0.03218281706289336,0.11055846515071277,3.9389677251738173
11.640007311255479,-0.476425456643396,6.608332020757744,5.973040809795929,0.06554444100235525,0.32941842998539583,2.344232849563113
11.260197664819435,0.43626608113613874,7.464114055707426,6.140008211683759,-0.4859185260363516,-0.6396610824055169,3.383271566955071
11.36042531930011,0.0212856435126641,6.753938440117317,6.027698643789225,-0.09328886458612828,0.6242395484928694,3.4113628367636104
10.757327641912218,0.1617402680944408,7.401269237332822,5.629294457107424,-0.06403293218882207,-0.04956077055123805,3.434096252967862
11.050636162328598,-0.7431726131925122,6.039359331068772,5.776575215645817,0.24344645976259308,0.24952655069414478,3.689959176074113
11.190274067201122,-0.15314861696919582,6.102126549577602,5.832489431068877,0.10901582054263148,-0.7472122235982603,3.0444420015050593
11.383088037213838,0.43896425876098655,6.844645749667311,5.736637018241613,-0.30432989578497416,-0.09578716472834842,3.695986390196601
11.467625976595585,-0.4008785461403409,7.071051175647703,5.662550083996697,-0.44590349448514777,0.7782809336145078,3.082656281543961
11.919712224575205,0.6651975064815023,5.984929258805982,5.497608755247789,-0.2342005591061604,-0.7560780780815184,3.167225963211672
11.415317035858187,-0.008621517492961694,6.527710464332617,6.013931931018432,-0.317158605724165,1.5122311583735115,2.221976525544181
11.582838134678912,0.07702953436695302,6.7239443508007595,5.297882953736551,-0.07101039930097765,0.08040879301881622,2.2683151388446205
11.577021537834396,0.2753339103712779,7.07098365704284,5.559463585231997,0.15129524456756824,-0.11627776064111647,3.3391674131953795
11.979866419826276,0.25069060037851265,6.581627092242984,6.049374664512403,0.22600864110302624,0.7380882904509335,4.15354306762022
12.079090837671332,-0.2504907945892013,7.0030511997484695,6.110238537296847,0.605809872180533,0.4791529847488508,3.997876106952031
12.391842181353411,0.036938380452595315,7.022985112259237,5.629000832821452,-0.25467862119606155,-0.17957853970369847,4.192747272685062
12.168859115840727,0.6483539307398039,8.276606858709544,5.691058303511845,0.30254404432552956,0.34390218534158024,2.375441987139062
12.134108904207901,0.23137389892239205,7.537321898075493,6.41754094991682,0.313937690010925,0.8164448831206749,4.63522380967654
11.653941589499667,-0.4855419323572927,7.517589010355311,5.951224771445701,-0.4082323836376687,0.6363663326210488,3.859258483695499
11.703797796172317,0.7428710471352991,6.998863172699327,5.842063891044448,-0.20351502387585285,-0.6235591737491385,3.748579606429008
11.706874900708518,0.6851038485770138,6.799221402147538,6.494605254704064,0.0998409226481628,0.34617395417857344,3.573647443033935
12.07510526708581,-0.47951184889444426,7.271764721938771,5.07396362037528,0.4780731579739924,0.8559159350245125,4.127996328351275
12.426929781580066,-0.5192792146269645,7.816375348195534,5.856188617559428,0.5056667396721265,-0.839390174962141,4.591564972690194
12.743232155323406,-0.6735756091156915,7.468792434324158,6.534062392287622,-0.3213972847493988,-0.48224754352053106,3.7776479998705303
13.12561101218294,0.0834482330227111,7.572280849429467,6.3859526364673025,0.2747585450433615,-1.1132056478814354,2.677128856146738
13.26009542818234,0.8641736139041216,7.711517257981599,6.147529586472366,-0.36931377506575436,0.16433125750680497,4.909625005604897
13.351617942647993,-0.17465129395163925,7.72743080807147,6.462936261740908,0.6438434066665428,0.916287553221925,3.1570974270713776
13.023301224316784,-0.7261644274547137,7.825405595159287,7.331711785531813,-0.25169061571688994,-0.11662539009609046,4.599987108312633
13.059277755824773,0.4243786416764583,7.868553178051296,6.242331838280553,-0.49739568413768065,-1.3731985905905768,3.3344049726707197
12.837110214596636,0.09151476422036559,8.478277342433723,6.896974152919308,0.009063344394938416,0.8458847121103383,3.246636210377635
12.433309397090309,0.32929152113452226,8.24131295680215,5.9776405845700085,-0.14277327239909912,0.37969181159024135,4.068640007001296
12.492875923906517,0.742581482109682,7.98451820410845,6.496156569638673,-0.29109064659606443,0.7935716963635614,3.6950910733041793
12.314127578378804,0.22218361181715915,7.731227472842101,6.435652515498395,0.5589416016651578,0.793069331305833,3.213711406549658
12.532450386186188,0.22086827483227578,7.437390281484409,6.260301480078474,0.19313389120086638,0.282876068224872,5.460085628945703
12.62852493014641,-0.10782854982517168,7.6315551600679665,7.05921772491828,0.6035473332940159,0.19910376750363118,5.0775272045761675
12.611241708071425,-0.3313568571086088,8.083304269218354,6.484590558453742,0.5984825534571877,-0.3663925244126113,4.797132262153936
12.208925856431323,-0.05505284917431255,7.107108081067173,6.189347111858874,-0.5506443966618423,0.5769515387993794,5.267122947324311
11.854155549300733,0.14153895556410873,7.3330328937753,6.5611942098668425,-0.2560364710625755,0.41645826753655046,2.8328599270125747
12.428827223099601,-0.2627934277032778,6.588206708981202,5.597115404444935,0.11699677876985023,0.5883699788492305,3.0933716574271886
12.921504508267436,0.40682613820656566,7.704091137016652,5.935427085629013,0.2866951889429066,-0.3874152410363172,3.15763800190146
12.712684174856088,-0.21651029753081227,7.615223781667911,6.374649607165071,-0.34048789332698437,0.4604974122350179,3.8217820261682043
12.793358332744619,-0.734050872574435,6.787635054834295,6.603736652424044,-0.3940330123431589,-0.04282622287877669,3.600260931216087
12.670095907689523,-0.8701645630721282,7.32725852351243,6.436314088636886,0.2245760103594241,-0.5774904504982799,2.60267405299457
13.22481777274413,-0.7030267768468581,7.042586169596956,6.771449348346049,-0.649226943251651,-0.8061033659672587,4.1689418112302175
13.289740438897255,-0.44771365424984827,7.99230687351178,7.4008935253640775,-0.2213397719808107,-0.9996053575122561,2.3633598362564943
12.918930808666719,0.3187637872411643,7.686822606471363,6.221926981810381,0.6008411479752205,-0.2852789021480261,3.835547713970446
12.114988629518592,0.19340304238435924,7.4873500836749045,5.736788271958551,0.17995769955661195,0.8557827789871351,4.777577330883326
11.981143884240057,0.07090891903360655,7.342831978353256,6.416133696322614,-0.0938167250016339,0.06044794530045472,3.749984109694051
11.468053165679864,-0.1952193678536705,6.838166625055896,5.747674443323771,-0.36640011575117915,1.0831685551758183,4.188294479395905
11.126998476330385,-0.15484622167925854,6.645879509879389,5.298956978658246,0.5139630068467571,0.1386667152596469,2.720927333770129
11.272238617101921,-1.158686339113791,6.691438741964476,5.763415013029542,-0.459580961215762,-0.08287527052991883,4.399388663158894
11.357374555514056,-0.6457804701646972,6.744905706586771,6.03376203046391,-0.36237190562936866,-0.7753161853029443,2.862992863864038
11.35808051276541,-0.32357891593515864,6.36804173056983,5.585376682363393,0.0821612285038893,-0.6681995243437259,2.50795702688967
11.165667340861328,0.5839053853561456,6.989267339408602,6.291903551967017,0.4194354358906602,-0.37234079209770893,3.31113368290225
11.044334341952156,-0.1946969517950789,7.0438534332774045,5.476715018453632,0.14320916638134779,0.4080973135494834,4.308277796104257
11.133956818348322,0.6899391932310642,6.968180722773549,4.902746400997684,0.15342676258703994,-0.25049604035614603,3.917562469699334
10.987650255507985,0.5226880732502637,6.669221902754728,5.615175939767534,0.116278647433666,0.9199270391575493,4.288589656139502
11.161700645693076,0.6163600288182137,6.3196065922616596,5.875578303182601,1.5161485067358702,1.0972242259517093,3.5226450066363713
11.191100050311581,-0.6530706592414399,7.021300580760759,5.847325391129473,0.1249406602669941,1.109512658573271,4.464300319347968
11.375147958048618,-0.2922146081349562,7.338828151122342,5.879444916347362,-0.2355720306990458,-0.8238974220173537,4.006792479669019
11.550538673026796,0.028537381557300623,6.726203727604808,6.452934004359564,0.10624523658830501,-0.6230398957396714,3.1807098413448562
11.706630780487359,0.8703122694889488,6.893901419131138,5.872993654136679,-1.0975562044787546,-0.7712507357932724,3.427320349517414
11.76925366034633,0.7368208362064756,7.136676417614034,6.681526290803602,0.8157516168362979,1.440840841580711,3.303611677144764
12.140309391012169,0.8181258703349586,7.7614050718666014,5.6903000163110695,0.2646217274977727,0.9264822558103718,4.120681189232691
12.2224008443464,-0.17224489582229957,7.517555151802379,5.69598533782647,0.08313423725247732,1.9654871094566522,3.961673781252125
12.162266169017412,0.29286831706440813,7.175868907629575,6.343237732460976,0.4933512003465176,-0.9017887058812212,4.096642790435598
12.269242103605327,0.04692454889438816,7.457562831680076,5.9960687076370505,0.14293102916935366,0.9187905095170747,4.546721005554171
12.420868110685944,0.04045454223458907,7.823005653691164,6.286701654943712,0.797885134000765,-0.1326976946168521,4.519887607034416
11.999182246869998,-0.8043974772716604,8.267605530886811,6.324909922315943,-0.19234578253137033,0.8302822169310438,5.018761607196255
11.751440470003702,-0.6100805302936703,7.7215053377042056,6.236673709321474,-1.524304588334989,-1.0020576914548325,3.4969473634534287
11.767898924204301,-0.14853240532363432,7.106639263948072,6.452180302065341,-0.47840312158556736,-1.0326202812159098,3.39453305195765
11.745233157645005,-0.24962031217563935,6.683930660613574,5.704850287995633,0.4041021605557594,-0.4260709429589208,3.3478298448107364
11.651290862394031,-0.8046172249774888,7.1095137742136085,5.921152732669455,-0.14783500965679025,-0.43386439078967354,3.920417594913579
11.517399674477169,-1.1431248257536353,7.296623245762426,5.561252457076584,-0.562052935286952,-1.0861356239987439,3.050733240894099
10.884986042516447,-0.17373827757411203,6.724161979744392,5.902748762669129,-0.14755661599617703,-0.6696087386478049,2.6938334862478572
10.687483999612352,0.7448307445199138,6.467097375396141,5.469148015565034,-0.4037492766691254,-0.3653510800687354,3.2588963480768762
10.796931062522305,-0.16105138386753087,6.675590351264538,5.912386738214722,0.40339487786818207,0.5751743048386061,3.258963241359126
11.089155087699577,0.06015698774492076,6.546340534268513,5.562496529706428,-0.19036886575297285,-0.12285418407701293,3.4359159228440825
11.181292498266817,0.5641699666999305,6.467191826578724,5.800425541612537,-0.0875292622965332,0.19201399588529333,3.452380046755887
11.481779086715711,0.5726355156129317,7.016081401908017,5.7321130673418885,0.7957569456424567,1.0001179275782328,2.8780042845660967
11.746792459100671,-0.5805802699814501,6.63564564580781,5.906134463711904,-0.07505451810123148,0.41193016528374427,4.762927414813264
11.53230817262772,-1.0675579696290285,7.283284332891697,5.755505238058792,-0.42294039096694935,-1.5568757625545497,3.3412667051742533
11.512044277900818,-0.6644082248959378,6.640323596107272,6.3495329829968865,-1.0608273528343584,-0.9615648416363028,3.0713880026841944
11.287050987404852,-0.7966198461877001,6.666609170255433,5.428798150193842,-0.7122127241747295,-1.061737930774161,2.164383584689363
11.618882534965364,-0.29104481746295685,7.486554223267214,5.3477927942632215,-0.4367655971666721,-0.5508027911746218,2.6911551242897374
12.01248768600787,-0.6837687267850778,6.8074472800604315,5.285379313067337,-0.2744054009502157,-0.8266081416976133,2.5487198863124787
12.238754374343204,-1.1325828333631853,7.687969009026255,5.701898287439256,-0.47747463380816574,-0.4325146728463717,2.226003989326194
12.043510746042523,-0.9100162962023071,7.545894553092671,5.779123133293725,-0.6521230600595384,-1.2575223064419663,3.215261964401579
11.754620733398054,-0.5656282943003546,7.111142789388929,5.831548534476977,-0.3239213647358571,-1.1273283646875956,3.417058903855133
11.883931400040751,-0.007870741034406131,6.605380356321869,5.85953818331163,-0.4875878432401164,-0.41182716331893443,2.8377900883836644
11.910898376687342,-0.7080605441888274,7.5727789852387914,5.514199274657534,0.543325927985035,-0.4476158864477507,2.7158657237473065
12.005873647483629,-0.4695035841924884,7.5072710894763475,5.707893198074817,0.1641273866033484,-1.5361411590746092,4.789315019612234
11.841341847880443,-0.8446434448404458,8.037092113958808,6.032232991188783,0.04444924677474066,-1.3415628174191894,4.028464437692253
11.847205407819137,-0.6812071316175348,6.599282680901062,5.833492379371601,-0.5093273452921164,-0.5192536391520765,4.044861165973123
11.824775030672646,0.4575396112534575,7.099956536651214,6.047638246454479,-0.9766743199954209,-0.5517388031491277,1.5211911401394098
11.75025026686494,-0.5736922865964371,7.876024238293422,6.397217149213432,0.05320840413319297,1.1284239499723823,2.8428860972372454
11.62721348335867,0.24808573110598633,7.060141817391621,6.056898520002852,-0.30598486215923965,-0.9244245411671244,3.78941433092737
11.311252312067772,0.04936995187500197,7.156833535265408,6.345874161270576,-0.6770166996915884,0.42514106971313836,2.4343293351683326
10.819343705310922,0.6999089284059763,7.014850113948062,5.649822935333753,0.2346570339169713,0.13734339207062066,2.718284820692149
10.822690557469699,1.2383963411944188,6.668507553604044,5.145846589666437,1.196728903006514,0.9327708396143763,3.6225878560666933
10.72258794706105,0.2947699134879891,6.425815883694908,5.689608292590415,1.0022338663711086,1.5805795832920315,4.082927817610335
10.682594751946862,-0.0032190917441932143,6.709049545632732,5.277983986656033,0.3031536534869832,0.15490455220203225,4.210036203617249
10.651766619096334,0.4893921635039965,6.31599302465185,5.061711988022968,0.43848353176283505,-0.1785221347068327,4.181700369940555
10.53033213229969,-0.14322209111547216,6.240496902490729,5.204691959334389,-0.12284038159190619,0.63708202954523,3.6867644350336497
10.61681617929404,-0.6224682535807292,5.9435999010387,5.293511783425822,0.39908189261006405,-0.1834068055367394,3.122808917254867
9.91604925437268,-1.116900968836379,6.3876026993516675,6.050200933618815,0.38296708379828454,-1.1704226066007428,2.730186547900107
9.880507520777481,-0.9586184381437455,5.530624985245881,4.5041396568316046,-1.6456003345948085,-0.9230726069669875,3.7087916807044206
9.833964933988941,-0.7603779298897659,6.032289115533678,5.295598794906533,-0.3762380814877722,-0.891478369518797,2.561992446954333
9.497482415409378,-0.22681436112814946,5.967905323062103,4.841943102411427,-0.8828017952381257,-0.3942463492110566,2.5432965403791745
9.878784533971164,0.26467870238601193,6.065069474313119,4.932499793389243,-1.063941229105135,-0.38380306040933215,2.629747022136027
9.412279850875496,0.44012859636894486,6.363379918598053,4.988609346804083,0.5457327808604951,0.9115745041210133,1.7041263893014522
9.369787645964303,0.3461847336833511,5.97211596813517,5.1715019570235,-0.37418685082744735,0.7725364425735759,4.677264360957853
9.09411289021051,0.2219923424124126,6.109887846042555,4.601643238040475,0.3970024694166808,0.7394133587626224,2.3256239082453347
8.939925556657645,0.7405755410443216,5.779631761109104,4.811955164363427,-0.3857448492459441,0.8214836923892676,3.8433676669530454
8.809275477743054,0.7724127422568298,4.863213714803115,4.625704655339841,-0.4865643399316032,0.5870934517882597,2.7309513155356853
9.112980037293555,0.9763635140502509,5.566318244420647,4.460122684434459,0.5794713253393134,1.0066655015652248,1.467366507651927
8.845171350298717,-0.13036459259173233,5.672865726379773,3.970092696740506,0.8990126757486698,1.4685406458181345,3.467092850476795
8.663790204175212,0.5304450789604385,4.956571899550091,4.482524617234991,-0.6937954392187333,-0.45428218305661605,4.051435222238637
8.738832400912294,-0.08998567843536051,5.036344421909138,4.779745765723076,0.44403406839949466,0.7809871923436309,1.5812331645009623
8.45303959693046,0.688394852103896,5.161735786177451,4.6055684714403,0.21875696208235745,-0.7826735113274447,3.397041853005392
8.709127405010301,0.4096024036137499,4.702072371317957,3.976995218627029,0.34535558826747453,1.0374489388976622,3.177148152679491
8.510076182614101,0.7426394192736752,4.921031186555188,4.111746503594324,0.005440365416695236,0.8047566133792367,2.3844026407791272
9.020295121459288,0.6610739026420781,5.551394798133173,4.5049245201815635,-0.18932149156863698,0.9991543878710968,2.167825266472102
9.297165704099973,0.558367017078292,5.835210879342856,4.11451551285514,0.4260332956490129,0.5420773130755244,2.479132554663821
8.78589931081628,0.30795017968795074,6.103625538538758,4.675298294337988,0.4447510864084028,0.9098658397729282,2.6626712893254894
8.864342160149503,1.0388125736682805,6.280582612149848,3.8980210371790167,-0.16949081079839842,0.8757924309816026,3.6171867633690424
9.012479078375575,0.7622805198433773,5.012905611148655,4.2588699109437735,0.45337624845918645,1.029490377870174,2.820543954798411
8.87873306214469,0.9251997362335519,4.962888432909002,4.870140642666054,0.697702306332183,0.6524913139807211,3.6238981004359156
8.843904048500105,-0.16258588249176636,5.782232947803006,4.0030204593918395,0.35584159755606853,1.1686098325181709,2.8395718207950096
8.970271871405519,0.48827400676572963,5.64425394022382,4.232544130446214,-0.22116207853879935,-0.5601002147221676,2.9122462646374374
9.548518667665297,0.6852010150025357,5.015390051285421,4.10262945993644,0.3883586594221733,0.7537500379601556,1.9091169561787615
9.587578793462294,0.07658444586492644,5.589862747793484,4.753681552801663,0.01703060022816366,0.723681642900935,3.39576096176598
9.986443186677544,-0.6952413892363722,5.504595356779627,5.333699896405932,-0.9133562705749579,0.9865425884557077,2.634104142571106
10.166926485173738,-0.06930928368429068,5.819292309882627,4.781163215567305,-0.5104047905530147,-1.5977623423140708,1.6908358874584828
10.03695136197508,0.459713374399605,6.17862260670842,5.317775703507457,0.23603089818114487,-0.5250361643747685,2.2359025272539377
9.699613488653961,-0.48955158332349746,5.700969790722791,5.092403839446041,-0.28568328855860664,1.2462273134247612,3.5142692289278368
9.445170109280648,-0.2924885148927505,5.133814517315564,4.430560453606856,0.0916041644165807,-1.014001772854062,2.670544845647495
9.562429938598878,0.17464992629292136,5.922227452994345,4.919339782743836,0.5871199156636299,-0.6966512918523803,2.4015271496973103
9.498229067287241,-0.42991359591193057,6.31666183337628,4.47123343719278,-0.6919808295891079,0.3964091269669749,3.6829620684047213
9.106919695387461,-0.5676145676368893,5.868704061388574,4.524343996625916,-0.3912386728287253,-0.6398157875012798,1.9706685512940951
8.853473001509446,-0.5022907794728699,5.521972345545769,4.619146483138956,-0.42075647167220975,-0.9110358767709202,2.8694060051794636
9.014330847137861,-1.4317646786447393,5.555356330413981,4.793006023133609,-0.034748832140153424,-0.816527599000925,3.205883181089765
8.87909843635654,-0.3911442195442987,5.894472699981893,4.662964377860606,-2.007866966969096,-0.9193860911499241,2.81397682177536
9.025475249642273,-0.016107053014645434,5.7859101497255665,4.023727870771266,-0.4430997058880748,-0.9469998759908951,2.4705435037890853
8.979610767364989,0.683223225369958,5.386370916270292,4.336673547670828,-0.5722086081641832,0.8579829798688909,2.627003301835554
8.847225087068486,0.03177654296065335,4.973222114191039,3.959589303814896,0.1941061936829033,1.2672412910409774,1.565524366833396
8.097150863187148,0.38218373081888884,5.121247561604321,4.53919018431201,0.5632225612892582,0.21598105421299665,2.7596470286533776
8.325954149856324,0.18644466780061494,4.756905827445965,3.967883771403829,0.8634417934217503,1.002048071312228,2.5525603267838877
8.140569005784043,-0.5156733434881413,4.3338176004138536,4.563349663623387,0.004619626247634054,0.06462575358372835,2.6392008204270745
8.542890055628645,0.14161034624937247,4.238024795257416,4.323847575758075,0.022240755510453236,-0.8534181259083924,2.1516538349256065
8.760933466331695,-1.2280046424487778,5.262866777811162,3.6484272278371908,-0.13000312638610179,0.8472214405671206,2.5872846290004254
9.068001192303628,0.09405960399187052,5.513233880248492,4.810743045631938,-0.5582771350189316,-1.457683867583952,2.0762129032550276
9.199185717089778,0.3408596508987505,5.230082215740137,4.2187496178701,0.19938955262331579,0.420319699357094,1.4510702976561158
9.78262119635427,-0.3132185168597139,5.056254865216259,4.2264725985675895,0.0004331445042173032,0.4424467781374992,2.8287395955394206
9.549777611418959,0.5860994641621715,4.978573322900045,4.768460923218744,0.16278735431028524,-0.7838129105127611,2.2663434836564633
9.650353492105431,-0.48009414530379085,6.45718167076432,4.771214501676795,-0.0016101368986659592,1.6216322827587581,2.2339662365171096
9.929972009747152,-0.8106197959315695,6.2374099188335705,4.063721079429456,-0.2328059856088842,-0.8924592732112252,3.2283645394522855
9.595717874727269,-0.17648844314544185,5.509041020373992,5.098412249593806,-0.39830278643344535,-1.014319918317634,2.620620481942237
9.964932707451274,0.09083489670031175,5.537242653718631,4.7697704338546005,-0.29659074341481106,-0.6967781450022499,1.931561825613496
9.688304328611482,-0.6938263953360021,6.329001894378675,5.223156546628574,0.18907931494245,-0.1822945340385617,2.4389142342195314
9.79334665156533,-0.71145002261378,5.690681560173182,4.898568047393752,-0.8861060280631183,-0.9402486431503734,3.027899434588949
9.536634511611805,-1.4723727020845172,6.102555974831679,4.671930876331615,-0.8086241126086985,-0.4469767333034881,1.286730964566266
9.788569651939348,-0.9084221453338199,5.920857682478645,5.148436933428986,-1.116226458348976,-0.8128822321370499,2.725701595013978
9.833367153581897,-0.22680049253126025,5.599823894208581,5.321132758190529,-0.2559896459788221,-1.239514770608882,2.517061875944856
10.279590445302235,-0.07851389560777583,5.790749241551574,4.90319280520813,-0.12793272780038212,-0.4917698296112273,2.262629447738987
10.712615767477859,-0.20210178087810493,5.917892248309842,5.202379675691045,0.383086275490217,-0.42943363226327547,2.8622683324583127
10.714755506779332,0.07815833459018566,6.913538255531519,5.017846184931184,-0.3176007408566469,-0.5679878648986914,3.366349743718002
10.941248013577518,-0.16874868103289498,5.853681372615004,4.836903663847117,0.2515593335090815,0.05729613395974045,3.5226612455698745
10.784047376110664,0.716000181934485,6.3015148183715315,5.05479044566429,0.08435399600675,-0.6553806950604375,3.849857759740753
11.595876423844024,0.3544641047661646,5.6795708830547085,5.2878585631417465,0.3657962335752293,0.8497995497752899,3.3802714998160868
11.759418371978887,1.1397055231062005,7.350647671398366,5.928935450829102,0.0303288775205032,0.13585592521914847,3.0128837839135847
12.076883895815794,0.9168706346032812,7.062026094988586,6.351226709733867,0.6443813176146712,1.600666697819446,3.0147846579156417
11.748382798343277,0.4384968212345462,6.924223377623856,6.526483841347722,0.3736159902251322,1.0556135571987326,3.728354820296981
11.460667014906138,-0.12370251724534076,7.412735622931587,5.605267797759374,0.468278565374686,0.9835318574619192,3.9271331640121425
11.668351693504947,-0.18421170003418935,6.943922395613835,5.94467977081503,0.3666043744798696,-0.4987082703702911,4.000467251514349
11.419997390317269,-0.5683377656724014,6.099432490914015,5.466035349862042,0.09732753094221447,-1.1777105113381139,4.541913084165285
11.850213005978915,0.5467392949839925,6.842444983740434,5.422270098924297,0.15517512469230466,-0.8166407239039776,2.990492945665915
11.888410065842233,0.2279312080273368,7.045204564842081,6.314570269498507,0.7458139569756834,0.8175833992030166,4.784932485595967
12.031261909604426,0.11155574560680721,7.293097578525599,6.709330600219379,-0.9788140403469751,0.799934496063899,4.9766300792678075
12.026984119730436,0.1730795096165012,6.695663814773761,6.107389671742423,0.15674775284195872,0.3665877317729147,2.06762563952017
11.890624517843651,0.0037203421946481324,7.308269954564621,5.622572195105201,0.006416682256985828,0.5223257816528929,3.3727720220567705
12.009378267177652,0.7140287479552486,7.033486514964068,5.341928538105295,0.7129952608791016,0.22927798350817802,3.3468039567286887
12.031495166743621,0.4111265236926209,7.508933198419859,6.432265339063537,0.685945535645385,1.164939116244284,4.063504735941787
11.996853337831485,0.029319613379745896,7.1263706639282525,5.651360701707326,-0.20921271733490643,0.17159733062121163,3.7984499469468336
11.726877139621791,-0.04477469271872253,7.42195284438717,5.165068340713235,-0.04407592696540339,-0.3846211469043962,2.663509483777646
11.575880302065384,0.11420405117230195,6.715475158637945,5.865081825054018,0.41604753636576397,-0.19325889771790594,3.837708353997052
11.438444063541423,-0.49225966770012797,7.52312391968613,6.265928463026501,0.7214321271749248,0.9097381226591768,3.6902128163716283
10.762778618910412,-0.3319649240307319,6.916799426174279,6.258383238849248,0.002213325952938383,-0.6173893482733747,4.477834267969448
10.61154574092045,-0.3854703606985026,6.546247677420326,5.095589382008649,0.18016452516193623,-0.13390283807715653,2.8398891717675077
10.446520623370505,0.28338624860586503,6.38697192844737,5.081529696128851,0.6526504015139124,-0.8334226409427564,4.085037901828324
10.319442593333871,-0.059207102980740334,6.010909124056642,5.88144301773615,0.025402141397643074,0.16159996757263967,3.6631234929442704
10.250706411453677,-0.13249088942700182,6.604892178642339,4.792203873618547,-0.43962961982814075,-0.5980621159561783,2.366202199258699
10.304181866381853,0.6732919088923883,6.211512240208214,4.558544566084853,-0.12214220259089612,-0.1839075770370675,2.7856798340628885
10.443058758568212,0.8387034931588757,5.9278498082852735,4.643481018268336,0.11921243287648861,0.9241724100778447,3.499789582138944
10.480801321873749,0.5305215094707455,5.73104632374607,5.0903836338239605,0.3087034807946417,0.9758545250561249,3.153761616120836
10.74736664118407,0.7797974733119455,5.885812648016253,4.976270250662315,-0.29713223063616084,1.2477066617537573,2.811175220313119
10.611590186874048,0.11783901957759566,6.5142124830285395,5.237408180766727,-0.023927309539570674,0.8321373079152956,2.021245373091197
10.881511328888585,0.04602436627113073,6.4797983459497575,4.835258874721818,0.44669082341701716,0.3563728226060083,3.144786720693159
11.184237133577579,-0.12490289991315247,6.276661314450656,5.802700239421514,-0.1577587738433031,0.431611286518112,3.6189170334451872
11.454923315668907,-1.3320222183922847,6.93856951040843,5.077105935301567,-0.29172662464214366,-0.8529396306478187,2.921880798056757
11.834448766141621,-0.5053510484604807,7.401799553416866,5.396907109998035,-1.4425899472481216,-1.4222472888305107,3.3852279472768125
11.517002916931961,0.5340350831214362,7.3168103954899335,5.265070358444076,-0.7724634701201181,-1.0295104600437148,2.7374951132415037
11.441855749232518,0.7771022916238356,7.1460575991916215,5.3256486216625225,0.029737699069992712,0.29828220424617924,3.324356390105757
11.422092500829145,-0.350124227148096,6.367336298648149,5.221316512701413,-0.18954278615633352,0.9799190854614809,3.8517468570590294
10.925682277465466,-0.7776639498858569,6.877933897244446,5.917884196008025,-0.002465087489666007,-1.1807797952798917,2.603574867363009
10.93875057777407,0.12104206724597338,6.923822791997685,5.74418637741165,-0.3766818358205399,-0.984100534105165,4.433253705860975
11.04131192649728,-0.06858073440191817,7.626804168514878,5.341747228893635,0.06729816843735298,-0.19252784857517197,2.880209295144507
10.99097728214468,-0.7388111648804035,6.676060260174885,5.152900188470058,0.8560420491224908,0.06728206902635367,3.994733248938762
11.180861347662914,-1.1824586183358177,6.615458074340101,6.090198944045323,-0.5452153449134691,-0.774514273518313,3.9368854581117243
10.68371588740674,0.27624634532220016,6.810322818151613,5.728263653679111,-0.43233884723413313,-0.9779769489767907,2.0167317413848536
10.401428598391474,0.28836604445848457,6.5267698994360375,5.290049278741817,0.5085910182397277,1.071207069046036,3.286121289956485
10.600242964332832,-0.1148932198813892,6.321654579899291,5.014139966391008,0.4319457859057652,0.36467910791650215,3.3240528824651197
10.509577821390508,0.7481298141211149,6.080899255300695,4.819361721670272,-0.48564629704339307,0.050837355150337604,3.260318949301566
10.979504224428258,0.8325360167215325,7.063493836025647,6.082272434238469,0.8415165612185833,1.300198424115695,1.93328288717063
11.015086965937114,-0.3993340347400398,6.283935249903527,5.799341345002437,0.6383551012017971,1.5116162994210853,5.08467712858726
10.778511094622669,-0.14743375533022343,6.771983122801654,5.551352132885662,-0.4344046381506007,-0.3293025732020052,4.90583540893439
10.40191592161475,-0.29980742612486966,6.601809627305315,5.114587254565513,0.4551106541362989,-0.0711466387711634,2.4218136124257303
10.565290637702885,-0.566184237592888,6.180739882501639,4.845258342549637,-0.21422520340532636,-0.9372532913606877,3.661528106044091
10.439141671331246,0.18903816908304602,5.758730492154377,5.620704713841447,-0.13132794502580963,-1.0891143564359693,2.656948429388895
11.186444041502003,-0.15224629674706053,6.25994031452509,5.2609706362855135,-0.23943464506365486,0.027807854859484393,2.778343044701035
10.44572886394616,-0.21856817315787913,6.503020212685297,5.630281494740999,0.21419604442907988,-0.011802068805891408,3.29477213798553
10.626992475755978,-0.45700407203063975,6.481561622962345,5.244502932539716,-0.26753491929470596,-0.5305641851863578,4.0405567507155835
10.751424007303976,0.19280287082320713,6.373805366972829,4.969471958305126,-0.12385945857056735,-1.2790152007632865,3.2584243708838905
10.440521193254524,-0.2689080318641575,6.2950053998196545,5.6413352297132695,-0.3909814701390824,0.41912226955060083,3.1221021469823
10.800269837806116,-0.2940997983930106,6.002755306061091,5.093593072086301,0.12558064923548581,-0.05413117987769278,2.7260777547129855
10.828358415891728,-0.28619574000268305,6.392984543584147,5.094134632972493,-0.2502257284962428,-1.2632818950221139,3.3948722691401745
10.536115789874154,-0.042246468756742914,6.923976710028081,5.13791723099214,-0.6027455560396389,-0.21891031054153642,2.808961777081206
10.958798769278392,-0.32795992295722737,6.381991526779792,5.394085840754319,0.23610969616538788,0.048128020187453505,2.812560645682294
11.195045286274356,0.3836101799095657,6.316815508033168,5.153320739547768,0.2839024766059224,-0.7151764627771058,3.230604384032173
11.217387700454514,-0.01783765366121154,6.590737989688319,5.931118335721079,0.32657434493293963,0.7423125914142864,3.8538629450636597
11.143819999202899,0.4456046518597531,7.524593514755415,4.226141237971779,-0.425922155766036,0.1455168870999303,4.0748019837322
10.815842150971063,-0.015004586906275597,6.68698994390578,5.543234460252207,0.081328465142156,0.7376788863278433,2.5753766296923852
10.381438941997727,-0.11709389317613143,6.490255065092867,5.221686204527299,-0.20986541589135155,-0.02101236749572788,3.5216610542121454
10.123659772438312,-0.5773487831915027,5.480794465895704,5.565383668589222,0.14809905303256177,-0.6510373978595143,3.504450569611575
10.311258051586448,-0.21911799786311206,6.495713025211792,5.343836314808415,0.1135699550935817,-0.46883299738392126,2.5007807334383325
9.915832837121702,-0.02743236435877578,6.023593358568659,4.901930061322684,0.25040226388833936,-0.3414461812057158,4.380415398364898
10.104748600091765,-0.6089958019509434,6.604434348469881,5.503097140748823,0.24660893832475686,0.2066103406464982,3.319334690328568
9.926662904701699,0.04126260977716584,5.803690140143172,4.813896943325838,-0.21177997046215571,-0.8471138325563715,3.436105893279522
9.765750848773283,1.1329034299742404,5.55750188389486,5.2253718024326625,0.21083205535963018,-0.1412799072093421,2.9477419130991493
9.530006778443715,-0.2713501795840725,5.70490824736682,4.901681794551754,0.0979810122623872,0.7801186829265282,3.4764222477934315
9.403636019560464,-0.7026639672703446,5.3504319951139445,4.729401760027048,-0.022990876747466776,-0.7050205487922478,3.483735313869163
9.615845853523483,-0.07559388463650304,5.212261798296597,4.936803223503884,-0.43914683258179626,-0.9149170122780459,2.316575945031611
10.16996427225903,0.5412901413327162,6.015114558323492,4.902498981040462,-0.32390285410239483,-0.162412454104159,1.7744401428157532
9.855365962706426,0.6724367307722111,6.189447056159116,5.360353474222733,0.8839679446593525,1.0468954183283838,1.8924393850890158
10.373582331982439,0.25187092185099214,6.027370400047676,4.924986927275466,-0.25892678675972153,0.8093960186249429,3.9341330952465956
10.494711028095644,-0.024358394678886286,6.353608228228846,5.29860743001016,0.08218468081894763,0.5919041540015112,3.217818654727262
10.46822825848124,0.1492520766473384,6.3791923398978225,5.673237624991587,0.366305400681908,0.5107421402324522,3.2837480627436975
10.283788134047803,0.7653874004700301,6.3105604816428675,5.280369592064058,0.5912652875462541,0.5925877824158013,3.683397871118921
10.027820937259396,0.20061765840361653,6.407981326381303,5.362420668776115,0.6720266580200516,1.4014415330405356,3.386844927167205
10.401561472390386,-0.32275248830139425,6.383740271489403,4.666303820516757,0.17216363324395373,0.27333762266934997,4.48459276871187
9.998642885042829,0.42659811614868126,5.881833938589147,5.302852080872008,-0.09655020585282277,-0.888333204048456,2.872945326167467
9.597580514874542,0.8825482318529168,5.829261661798566,5.093092133372406,0.16762328796897416,0.4109650431138634,3.1386940024158876
9.63897412484527,0.5523859823664805,5.8381170898373,4.64339027434993,0.22835275915729183,1.6721162145688053,3.0514041653798545
9.830491630766453,0.5999996300605134,6.340278749577891,4.859601946215439,1.066192465718959,0.8857073955230489,4.365651980942054
9.944611853629272,0.3452720977036166,5.926507961867943,5.453844126923871,-0.02062927414081145,1.5920419822440472,3.5320303596355123
10.371883384080832,-0.035543034108937166,6.22950910927243,6.193301654257204,1.066011070900846,0.5121220875695234,2.9899087360669614
10.307000385987374,-0.04564659983108482,6.297574483425992,4.954551942133072,-0.22027335181211102,-0.07379237813804701,3.7875014818430217
10.849736344911728,0.508454849539946,6.550870177466137,5.621479999150251,-0.0015658430044365353,-0.24395707722158938,2.719007041672278
11.312996473480244,0.2400040004043304,6.654406597343773,5.7838329989033195,0.4002223913338431,1.4934971785764752,3.2014329774507586
11.812917378850182,0.0552524284251017,6.8595456429286115,5.308295177924081,0.359685459981285,0.8784169740219254,2.856439429252827
11.411994957315063,0.2803156989278626,7.317995759052709,5.956913776251775,-0.20634871549076816,0.37517479718696534,4.447722055171391
11.663517201701374,0.26457616327746664,7.653256799633848,6.0689962795077275,0.10903221261046907,0.5141996938988506,2.7263734168994094
11.522906423490976,0.1551983246232772,7.462648893915472,5.708705687715459,-0.213548175744632,0.2010016587043491,3.6271142059875454
11.128342682131098,-0.03670547591478256,6.216625946586506,6.042595547104685,-0.14697478045734247,0.44270462102633357,3.7182175736324314
10.68719592778898,-0.5380610712168296,6.423241481562404,5.938200475299229,-0.3284382636810644,0.03714584403715654,2.7671426009068236
10.849245117673359,-0.16406629765818975,6.894924321517173,5.315038887040681,-0.22967889070853728,-0.6219302002735149,2.374770400166861
11.119168293098264,0.35827960089620614,5.926460959152688,5.210688489760642,0.5859557754365561,-0.4659359167569276,2.365265981279035
11.490242167156506,0.020380437277759886,6.391737014994247,5.553223382092714,0.10860052346145853,0.4756581600617909,3.6152853819645556
11.58121409897143,0.3295717930828229,6.872972783167615,6.385042442481082,0.10015800039194148,-0.3539589812483419,3.4023517400463743
11.350014488108199,0.2065649157741457,6.938930961781345,5.62470060214131,0.15331175546550752,0.7828938023689652,2.8526188472338885
11.0757775137328,0.34191047127145874,6.691823816942736,6.256613413776771,0.13780911328246054,1.045833172289489,3.7385867248224516
11.339010768688068,-0.22887338396219423,6.433993049244153,5.346348950885373,0.12475744619761757,0.9313439243720363,3.4098707707835203
11.051842791223862,-0.7979337367125747,6.642742479558744,5.370810925394054,-0.41335269603731567,-1.0853338885260335,3.9321040345182183
11.279662230284876,-0.7792020887658153,6.745869322359664,5.332327478016136,-0.5717509110237736,-1.0296652669951902,2.1497499492436933
11.198299517465776,-0.6650126472456952,6.87316359964339,4.892690022815178,-0.7677152433078678,-0.6870253679544741,2.221980725929193
11.34218351797828,-1.2856583902920247,7.341894700888271,5.822713436848342,-1.2142908303541065,-1.0419351017507013,3.59244317510156
11.967233735944854,-0.36505073532330756,6.556145499527511,4.748605764651827,-0.5535926295625385,-0.7853869936504374,2.3410844833588684
12.33695825309156,0.26824375649765875,6.671307999781926,5.9833241574737785,-0.5177930789534964,-0.9313532008994738,2.3570088936958458
12.620903534376687,0.28099845523588185,6.987136400825892,6.14677251708406,0.2978934000750638,0.8877213810729625,3.908955029612775
12.81077433156363,-0.9641711280679865,6.3509145036351295,7.123423412051784,-0.36695233447896053,0.06308690639715309,3.937466364523145
12.207003885451305,0.5612795627865971,7.478056658708462,6.236933000235058,-0.7253031645707163,-0.7284689317878777,3.480340601242307
11.971852588007975,0.5606044737090099,7.3027911662118346,5.856549914429957,-0.021839500198169493,0.7826191492837684,3.072898324955039
11.740890051645692,0.334388513245423,7.5209929654956476,5.663372463268898,0.11825165619711883,0.9551826540379414,3.490419534525792
10.982243136508265,0.32373102224239575,6.982636353877299,5.617129917718465,0.14840884218952202,1.005373202353899,3.7533476555513117
10.83700235380859,0.9759599787660231,6.771152455278491,5.008266408248578,0.4321328091322417,0.875233067006931,3.444772093977037
10.442895303313767,0.475283476199842,6.464201723588634,6.23399543282617,0.6078678498834015,1.286721878251348,3.7953040268864453
10.17414942244682,-0.41833587337018097,6.835460698538949,4.811745990960512,0.5181839094544067,0.11104586488862722,3.903538238037833
10.425357303358462,0.003009961458573379,5.75008856789494,4.991156242102353,-0.06480506209014655,-1.1749617891347788,4.092691602147786
10.358091452085132,0.3274965868692429,6.811550426275127,5.168353369175826,-0.49783467978786405,0.469220995058788,1.9993727881809458
10.20170852301483,-0.02129020338775328,6.056018436039055,4.074943391695965,0.39720628049698764,0.4230363806107727,2.4742277281785325
10.106580342265191,0.12241635611855733,6.377246612975343,4.898350681831247,0.006367037608230441,-0.16731858738664976,3.7679179450280014
10.38733301955852,-0.8535809671293776,6.266855417387064,4.680005954512518,-0.2407764068316103,0.44031050294898755,2.7312490187568685
10.4470515071796,0.06697411362522643,6.251912913386147,5.1377385487625675,0.17434839471523705,-0.7310481669577792,3.5368835078146574
10.274926990639303,-0.48278895031421276,5.967448609998751,5.47928176631614,-0.2901236569897654,0.4465773027254752,3.1403103141289086
10.216154274831188,-0.4086776512895357,6.58404326916065,5.333388081617633,0.7452186892761183,-0.6581068936017235,3.405255230296214
10.392382262923304,-0.2928935540307843,5.731493834452134,4.843559953681386,-0.5086568989680489,-1.0137453473654627,4.393715152010698
10.431023960043207,0.451831398336452,6.377940875702967,5.340787875045968,-0.6604372045292417,0.01131454678260957,2.0342308703303327
9.992312386864175,-0.4849976268481826,6.937407109633176,5.0982427773124686,0.2647950861318549,0.9291410875450011,2.79732322780914
9.969732441979144,-0.24665899754646964,5.541590584460169,5.011880038654478,-0.5275215225199401,-0.8715476722437824,3.462808228089195
10.130472698191952,-0.5806595737208315,5.556354520016752,4.900003134326695,-0.29324328710933323,-0.2690213422611121,1.3955497016384741
10.098414824530952,-0.4003895964768104,6.2937845275656885,5.481958801527939,-0.3244612397489575,-0.9459081962397885,2.4826229821677557
9.683948876577825,-0.5566013752139939,6.003045552261,4.947299628140429,0.2585283729113414,-0.3048917241603718,2.1403118398330805
9.952813872217353,-0.7639053804764792,6.001102368235764,4.818316447074656,0.10358312642994039,-0.8649952245850333,3.031751896121703
10.094218509102161,-0.9343138173731537,5.63492067464231,4.548050777520794,0.11845301419725512,-0.769958560413041,3.117158499439372
10.290750420521917,-0.15763937162338792,5.497307837569913,4.861709238293896,0.09718904820528979,-1.2938769452914147,3.2681977297150633
10.563153811631976,0.05145379229220737,5.650325192537051,4.914793995340967,0.1161582394837011,-0.7126823442992836,2.7512370260186856
10.646255781794542,-0.030270789480236985,6.283189246251258,4.858761832211245,-0.3187736625904729,0.003179246148670531,2.261305282820623
11.020699819391156,0.04358972808645776,6.9449111991281445,6.111140549525674,-0.22338689083386823,-0.3108659211401826,2.626276486233858
10.900069561647863,0.2333812258330814,6.676768273057765,5.456873258332425,-0.30763366597812547,-0.2977631681532478,2.8992585611313575
10.93730715562898,0.374138064630195,6.714728941311252,6.009535038524937,0.23424672169703276,0.11683158739308552,3.086531119391232
11.132189803342376,1.3439647842752012,6.058551369949879,5.835918588120234,-0.5057365467681354,0.7465423410036557,4.3217640798569015
11.180199331017429,-0.4867584586695002,6.484883553532795,5.533425521486656,0.6758308147517313,0.9822752689664376,2.8424518725657624
11.566299652044696,0.6891984353702947,6.241429054271485,5.412620611008916,-0.2772287905293845,-0.45601644805889163,3.497529992526879
11.903028349829544,-0.7553689837228628,7.58508447377444,5.7800905514657925,-0.34254463150308123,1.4976319625093302,2.4360088389679895
11.679952512948631,0.007383046217790568,6.865457574892519,6.179145178901814,-0.0455749265884523,-1.1136619321278487,2.9677038320905886
11.887613897313882,0.3526577363121074,7.24331426067162,5.800929146714412,0.7562625517197022,0.38234707327788436,3.1795889928820498
11.652260597641382,-0.24810661740519577,7.06131147456386,6.309594027731786,0.3452944383069554,0.9458511003968901,5.290997250137828
11.981136373933529,-0.05770818254646872,6.609349978042892,5.190438732210021,-0.004775383421216625,-0.6863578321382258,3.4711697371982675
12.103812165411236,-0.01460023922168851,7.748751360728362,5.469239531314937,-0.015153944461905062,-1.087791990991005,2.8161806137543217
11.817701394575261,0.4157524199358975,6.7878991621834786,6.795856633212561,-0.7568961805441308,-0.41069198480871794,3.738202020940852
12.02075764582222,0.7534305030597982,6.6316392976152185,5.536834116289172,0.6004530224696565,0.9428947092894231,2.6621388600748497
11.312527846071578,-0.04002390145122575,7.682164232914014,6.004887346817162,0.42996146880295394,0.84249611534078,4.28510257847964
11.281597214264469,-0.37146692893917505,6.804129548568108,5.598823181435766,0.1271703868279652,-0.029517219284870666,4.559429015294684
10.92311338374726,0.22448359247109284,6.865242527975368,5.98101849297673,-0.28616540303506444,-0.6586937176163105,2.760136375236764
10.861702231084342,-0.2312004915178136,6.15977107595149,5.962359998773839,0.3912510650733361,0.11689319486765948,3.0505074958312086
10.83597790817552,-0.2953409365584051,6.673683208909412,5.6037876299998794,0.37354800787023884,-0.579142622840089,3.720670098828747
11.187444094641357,0.8660421578474624,6.784044206435831,4.752379735645318,0.8247010712943366,-0.684564471886538,4.161260491464901
11.51526230436853,0.5124356081359327,6.170247811845892,5.6522430033348785,0.40288767574160766,1.4367497337623167,4.636906882354899
11.43623583896559,0.05367575539061856,7.240123618265426,5.7723396734423424,0.7802170556701226,-0.027978293921777864,3.287914907946912
11.331778090970376,-0.1444809813511818,7.1299267554109775,5.547979209856108,0.5494857942863874,0.14613138076610283,3.9176903983541185
11.49747567556047,-1.020888742488842,6.444924748943858,6.0421848499271125,0.4791159520161188,-0.3849536816076017,4.485478490053678
11.533864579685664,-0.19020760943781412,7.193028212146565,6.4017879649813345,-0.9740864224637639,-0.6317168562915815,4.3911295550974145
12.120886144163906,-0.004533018990257404,6.935290672481424,5.150541231076831,-0.49464950905222904,-0.881544590335221,2.2854916130790617
12.071642177790924,0.3601176388241634,7.687280435831439,6.134368975699124,-1.2655360574969061,0.30152209298595406,2.637520612593317
12.002647822760288,0.4997260288375198,7.167821472916245,5.560696009731366,1.2326566163738222,1.036477158833875,2.601200589095449
12.188831686307507,0.17276597693171578,7.201922768076191,5.812443601702962,0.17210126429014955,0.4960810510953285,4.236625945758358
11.651971749695779,0.4149392242118374,7.871921626848704,5.513672601406904,0.16600999500393676,-0.3040556968355543,3.5252975478405375
11.485846501969231,-0.09992343897488887,6.8594319401701656,6.163240110150144,0.5652053523428414,1.0888997041074882,4.911197471356093
11.49449868057285,-0.3042217394097101,6.844919318876502,5.612077222303649,-0.0943455023263359,0.25317591376981463,3.7898095700314327
11.594658722006534,-0.09157486816099039,6.491360387602958,5.7032566246513605,-0.40640192776363093,-0.7141393328715273,4.729953915203119
11.003043629306895,0.06554800399301033,7.1406471905848585,5.635921334743637,0.18082615781533873,0.29950589801770755,2.937423454027845
10.827197210793262,0.30195421984729176,6.887249919005054,5.3390327521319865,0.15432032356150105,0.3556986224281754,3.89796833026107
10.42439270123674,0.3445239619330262,7.130036261899358,6.2955995085954415,-0.05251557834723364,0.6557582903654678,3.94086707184624
10.200913999469545,-0.42373848473753184,6.8015204057551415,4.793679518742156,0.6380194388987808,0.09073113873553307,3.738878810269194
9.370163337488096,-0.6511832646615942,5.90889611719877,4.745681259028008,-0.5991967185568816,-0.8342670355355418,4.3614053996152515
9.751258144420447,-0.5272011669888952,5.530783318439082,4.476690438476225,-0.8928771184622903,-0.4332144842551795,2.5579690645400337
9.869977647297357,-0.9134835695368463,5.66091720909246,5.00129694622146,-0.47605274216616145,-0.6104768933634899,2.2115814009941666
9.425413313516522,-1.6439914416035173,5.908945775662685,5.1579892591161345,-0.6219520450045949,-0.3783985638709748,1.6834448178091257
9.446517453873373,0.21246207626155378,6.036583128820254,4.752086416876515,-1.278775985375431,-1.6607985989840715,1.79868951072417
9.47322050696134,0.2988545605915711,5.58628037419573,4.760493505698759,0.025465928561912987,0.7278887476921562,2.7012636258089877
9.383337494051634,-0.02023261930696052,5.203206945885764,4.208774714215654,0.12448148084990882,0.7936254516413946,3.2688295315811065
9.839539994941239,-1.3907621315248728,5.799220308952275,4.908071445066377,0.011637274636579417,-0.6937882741299808,2.5427299962175067
10.19776517543534,-0.4201467549949939,5.591279534760273,5.5771681294168856,-0.9790514179868675,-0.9911166466563677,2.6828160411998625
9.929605557611767,0.5603187019979392,5.574095255557171,4.853201470890206,-0.3036490262682669,-0.5647115990471836,1.664592642041053
9.772703746476877,0.7824824760623499,6.639038704715845,5.023000355575395,0.7792199792618941,0.6663405046803792,2.2012118781747
9.974018192794457,-0.15144135575411316,6.057398460457404,5.090714375794623,0.07673215900570113,1.1296253177011921,4.483664735585453
10.051526855756846,-0.6213276807637239,5.971821385394565,4.803714280944151,0.19659170678600288,-0.24616152878488917,3.8411625150252187
10.032102128527344,-0.4614271208023631,6.092423559330048,5.227109238964336,-0.5246006190254702,-1.1169153483911438,2.873879031298241
10.261484406209142,-0.01666761052535623,5.377427168090097,4.898277888993758,0.17219370819298876,-0.5198816268650981,2.1351199194147075
9.78442669394627,0.5879486847980571,5.366270130157767,5.115086811901055,-0.370310723741236,0.3184934774807595,3.4344230157174698
9.47840444628393,0.6752709937904066,5.815833902090662,5.35703685335799,0.08085831743865396,0.5081190010804892,2.7667358471667636
9.369436355946421,0.12158046823562679,5.808496282607432,4.553958020085546,0.5769186535219795,1.2534312600590551,2.972454215922786
9.835788719478733,1.1420627456153438,4.733432039240739,5.026870229229172,-0.20388616855964917,-0.27409217016997467,3.492331970681223
10.066112561079878,0.1322806701151415,5.1898580646580434,5.454883329349949,0.5244116343234827,1.1966827430927125,2.0202113138064144
9.706994480849147,-0.29108375735384295,6.123578508018704,5.052095010116057,0.2870063492587614,0.4688041054026454,2.404781643365359
9.649932113618538,0.5940142525248482,5.656836095513857,4.092706462271378,0.13007544513016644,0.4155514963828284,3.8676586164493845
9.726953443155425,0.7022019742542164,5.54766983294503,5.376191299280245,0.6343609840188524,0.8739468881174199,3.7096467802367714
9.639548484262507,-0.3573575471055129,6.115070055574501,5.060057883636818,0.8749019043214694,0.7356053627708583,2.6675630016274487
10.087115593936838,-0.6209551772582383,6.672820745248346,4.746306602962095,-0.3111239460888829,-0.5585305073474987,3.5065991738528073
10.15046442002272,-0.8400541339808126,5.114949018225312,4.495741466994967,0.009770202402745731,-1.7800928665960325,2.667492260198927
10.250935533602693,0.022615794273748602,6.091019382742531,4.851587067451826,0.05272312817891417,-1.588883093645513,2.2220508773964958
9.969480138422874,0.4001398000809572,6.410893182307378,5.580282219768421,-0.1834783872320175,0.02294931380742267,2.743554611746134
10.154732293236986,0.09651288177323139,6.396529959292296,5.478022604591138,0.12683374417527177,1.1085000487299954,2.7052927178454897
9.978006580863596,0.045878544532922894,6.1444350946927715,4.603790526341486,-0.2220939788438771,0.024698035783492,4.4165721801418485
10.062912550325187,0.801451674812795,6.309851558020419,4.441691705037994,-0.7118903507447962,0.06357299039011391,2.4854848880956433
10.356577868891799,1.4374079739392607,6.059768551120986,4.763859118645377,1.0026841227711176,1.3080638024964508,2.533469964156712
10.440357854299824,0.9237435849210041,6.177896731652937,5.656234848566343,0.6254889384623762,0.07993266251802833,4.384788456541761
10.217368998554486,0.0824485296311655,6.732922620291234,5.276950624354243,1.3522656714905437,1.0144227988435752,3.6032176057948555
10.387629377304847,-0.03346707094184304,6.558101287903764,4.597034539523362,0.45375844809848564,0.13089081158271737,3.7436689852732785
10.539925197020496,0.23863764789277847,6.444503930443385,5.903875398105816,-0.18429322274896748,0.01572986707258739,4.469151890704435
10.337105300544577,-0.3283875532499163,6.5697191820919,5.534900631149482,0.4513827705644846,0.7664996269471973,2.5899986158898525
10.13043374280143,0.732083652641258,6.259589520559441,4.770965167022108,0.7552541374342993,-0.7123039632838637,4.001399076024086
9.910942189650392,0.9071429378615369,6.3862888585252335,4.8063726951242485,-0.18250196476213998,1.4207355116666078,3.744622584806972
10.130174242936029,0.33353257270576764,5.58862017965283,4.820950316288077,0.2344688456187533,1.2601815345670682,2.6450705811081834
10.039672051759228,-0.20154627825802102,6.521508783522606,5.022715970413276,0.026501289840257597,1.2814207763626202,3.532001721666168
9.828826928438367,-1.0785760245664453,6.162174710875986,5.075809857731786,0.3142678733391502,-0.38640357156311794,3.435249776933739
9.57687466805183,-0.44974288438748083,5.898217924040285,4.623650754509859,-1.1724391354200612,-1.4456183712655282,4.40982513505083
9.452369687436688,-0.27001689524929046,5.400433870597102,5.35220213379894,-0.008231141524661006,-1.8106887231294113,1.9070458535571457
9.10335430226949,-0.15795517401404546,5.770126127054403,4.564444586556576,-0.8938733992140885,-0.20689746844409806,2.727133684483003
9.186406331777679,-0.8910563827783983,6.006422115431644,4.8230802195996185,-0.29419764892135464,-0.3572153150739036,1.6055459453831178
8.911961590195519,-1.1921623045108596,5.589349700820739,3.969902336452166,-1.0740367662022563,-0.4661070419421386,3.4803550181097274
9.043281256691458,-0.3692949457230824,4.95136480182044,4.346322490421617,-0.8961309763834895,-0.9301472220003639,2.151041231837609
9.469110161693829,-0.6258806608813334,5.110352657717903,5.15069204447462,0.2676106331943229,-0.6404892353538465,1.265809933705807
9.342791870942467,0.6444948361590188,5.597490579115477,4.247224188481882,-1.2470026760239463,-0.8869030909819122,3.2064144454096137
9.25624578462055,0.6839123702440333,4.7610547368781395,5.308901514751081,0.5842538658645133,1.0138907922294953,1.933387271355023
9.636177678431755,0.03573345690099575,5.11737010933737,4.7026377265549115,0.9469386894059443,1.0395277716492357,3.0003891647431624
9.195260295629923,0.37455684414054974,5.731214623422073,4.19507175428185,-0.5702077522869015,0.07523191406846401,3.0831741471885112
9.574970189198929,0.046336696461515614,4.953281879322977,5.0316524642091585,0.3117184288700558,0.8286717758889,2.4310596519655534
9.433826976198233,-0.7542398570517442,5.862313126280716,4.302989911793116,0.1684937243489244,0.32996291532668975,2.953160836083957
9.237729065107521,0.04441223016025897,5.5124864368169515,4.782313119993531,-0.005193021561223643,-1.764620568987329,2.9495473146398776
9.215745652014187,-0.6656194199548154,5.474920005215315,4.36760602154703,0.02223807508538841,0.17518439287995033,2.5480867339479825
9.220224947829987,-0.7804730335076661,6.093529738037859,5.169277804834936,-0.6406416633509374,-0.7810919874417761,3.1507812438527134
9.624163834492332,-0.8677476944905518,5.822769103000694,4.391841502424374,-0.724859474835122,-1.485328304676003,2.787241741255179
9.872834271998167,-1.330849777443034,5.576690413840954,5.574288326089418,-0.5772530395605289,-0.485722740705423,2.151310688548665
9.654927986658313,0.16621295616176168,6.040980611137921,4.672902019362647,-1.0944125367066586,-0.2514254899731846,1.0123827582597014
10.138147328702885,-1.0066763669989796,5.624045354626258,4.573186548880093,0.8540724653711556,0.19026437233858606,2.136546054325768
10.051893967087477,-0.2291666740093342,5.767362039240721,5.4075184462936425,-0.6645619247161633,-0.7271346934694045,3.0990328408173475
10.149790070194681,0.21899837822019566,6.390340123398971,4.722351649113065,0.17793096578194606,-0.7734443176116412,2.243897644663474
9.984519940499059,-0.10657292621856301,5.960482758722737,5.670569369873956,-0.1360349862966313,0.8281143740790049,3.179728350692582
10.155019583701911,-0.5602665517005483,6.768665421037899,4.878801877767167,0.017175563010925807,-1.3972750703553434,2.6055556276183887
9.690086307005432,0.08371785098355425,5.859341724190134,4.755814905275436,-1.0938726130369356,-1.2562193513604714,2.394760298848582
9.451751595821587,-0.789471642748529,6.151358491365396,5.320415901957172,1.0642740651878988,-0.0060161852472750965,1.9884324784503615
9.44281858768312,-0.6420312107032429,5.365815999900118,4.336052496645136,0.3545881404388153,-1.1796879760295456,3.898636006301508
9.102098953570447,-0.3354877619095005,6.097714878666385,4.584453687569243,-0.2851135331358126,-0.7256714485309999,2.860813020491158
9.44779357575709,0.2581192728224758,5.165409967681274,3.914585752973878,-0.4030049296677471,-0.0374097212115837,2.4459569375421433
9.201032564576362,0.19733368878201288,6.204008429726806,5.239652800142685,-0.19187071483265422,0.7897898504550129,2.2985822776715352
8.58983577046227,0.4120830407991443,4.660569746187782,4.330465326394954,0.6131117567167157,0.8302643899292639,2.703902022857485
8.609650003469753,0.43454239591731253,5.7608115924321,4.425991246088965,-0.03477971239070529,0.5301865302045485,3.0587178102738886
8.664066028818306,-0.08922132829062907,4.939960679848727,4.168990146253116,0.4317527508096991,0.7739706241442048,2.577342514811091
8.762213691724428,0.0009378733566586528,5.3182269392644645,4.302944118382941,0.08241155966390193,0.3236895035005627,2.7522792448331463
8.87557557716969,0.2882926247214898,4.685873587952547,3.860679067574601,-0.646630654615045,0.29001361501651896,2.4343054018629697
8.862468806275805,0.40867055961598475,6.17058350591795,4.733626197995127,0.271375421932055,0.3962869474259977,1.1650942141893368
8.92395506079306,0.6500647399249151,5.51753279748481,4.507458562177903,0.2469660900666065,0.6264334377705374,3.4989622493393906
8.56842104685567,0.590993785491903,5.445798183166381,4.503868474227632,0.3239545736471495,1.0419074601023177,3.220975140434105
8.084894055826595,0.9087866039944501,5.794088628026474,4.074502771207115,0.38184318627028624,1.2682936293010123,3.86931957560663
8.221075238443333,0.29235400678148427,5.808550621974862,4.724449866113729,0.5426876980316075,0.24913598497200018,3.8774723531420205
8.574041959890947,-0.16271161155325017,5.8961750063348495,4.512281654961289,-0.5479716437037656,-0.05595137501159908,3.124154214250118
8.709982796153446,-0.5271180884039308,5.257560622718743,3.9714486681563326,0.4093090293094818,-0.17164062942294447,3.292433822168967
8.89348597891201,0.9061332783425552,6.240939952599562,4.057446500993648,-0.6038291342484043,-0.8593669704296056,2.784711531900613
8.340108323321978,0.6036125408956228,5.275575558882815,4.607523608146934,0.6596754670593733,0.529583227378392,1.991701538649095
8.318476181508522,-0.009527385520576692,4.555025359705784,3.625537270090767,0.6434371986592428,1.2381595494964373,3.7981066231263383
8.405230028197353,-0.5062925588351515,4.453674854591184,4.230324388124345,0.15064530746173213,0.4238795271406059,3.177967574616045
8.542622718637038,1.0472690034960133,4.916832726419863,4.053232849633987,0.0005438310448207528,-0.7320606239689771,2.844268734968429
8.841704980644627,1.0075253963382012,5.540760730609694,3.5118216475881248,-0.2014764349107403,0.8247493765816701,2.4883969483448842
8.864871819046904,0.6609385086633587,5.568593097970121,4.595985273183483,0.596451164983598,1.5148555218663957,1.617738333777965
8.984952917262682,0.2979106815173972,5.506401120358132,4.2565200225827375,0.21518974478260702,0.7883230050358755,3.495592249073043
9.043874344327344,0.3506910084692031,5.1330233652766335,4.795879909505637,0.7506005801060391,1.0374018611895641,3.42737403102736
8.967293510234366,0.4385250408583071,5.058069340681609,4.238319802020824,-0.48156558466704985,0.5123494840030953,3.571029878060781
8.7738886429829,-0.7064330640971395,5.602700824040282,4.225948470437593,0.7262664654640407,0.7930334514863243,2.376062151052148
8.139758634713369,-0.3402842630301147,5.414666695289873,4.290256688789196,-1.019788789618309,-1.0399745423084594,3.716683453834527
8.011521428548848,0.028715462188552754,4.492653699573706,4.34891312418076,-0.6349766109014582,-0.6285130459416742,3.067411317889429
7.933286639708345,-0.12384213060440233,4.762726632105698,3.51007959920666,0.11056137378584907,-0.19038603639317173,2.6523877335786157
8.208428281093095,-0.1250820896351998,4.059102780994038,4.314594348550495,-0.056549439688489765,-0.27437631272835117,2.1382202374154984
8.179196817995399,-0.23512555235426977,5.2003395932017,4.247060401255956,0.05913676604649523,0.09401769637352642,1.4258691897888478
8.084220930702338,0.20286473422867174,4.091468948902352,4.526771471321503,-0.42007640043594807,-0.7897710546930956,2.746368682735888
7.885621732822964,-0.7351114257919257,4.352455654457397,3.8586629456050505,0.9910628294584316,-0.20938230079859171,0.8907706100798053
7.611253523103095,-1.1358422697651822,5.347637925570333,4.067768663588496,-0.2042407598515008,-1.1169202554967508,3.301433930692167
6.898036025814653,-0.42016928029135925,4.011761823626495,4.280623610550423,-1.3446220979101318,-0.6194494373876009,2.2648056791278246
6.689102035150455,-0.3105784551573042,3.9401813986209864,3.149355294028589,0.3943130086671469,-1.1114449905560844,0.23461410628670476
6.259851124869768,-0.23576240572644325,3.232203171206273,3.8013506137142246,0.1715306693849168,-0.30165158563952044,2.361834066128408
6.371897529120697,0.2153551695371552,4.029408307685149,3.081683956921455,-0.5112931644852279,-0.41910945566137703,1.931644071323217
6.288304574518025,-0.22188001331573862,3.6870077937281795,2.937797872938538,-0.03510156410940342,0.25087055661842594,1.2588640807809102
6.392368711343524,0.25414410325472103,3.6942578625412796,3.8482007191406478,-0.24373137541049722,-0.14534568627604327,1.5841794919532681
6.583414330892793,-0.34269374462437385,3.595270356765457,3.1817962821236376,0.680251758471802,1.4486142652900553,1.6921843891598267
6.657828191952971,-0.3606475728232692,4.123907521108281,2.9306884256040067,-0.12552850388211517,0.1600429516683255,2.4011620222745687
6.1122797952980426,-0.230247833955799,3.4897834740892115,3.2215105825881865,0.06477443407831499,-0.9841258827744324,1.634298475878523
5.949535696223252,-0.8752396007094223,3.277796297241746,2.8681430723037837,-0.3280580848488161,-0.5184141336064076,2.167746258384543
5.241463802188026,-0.44992065666838454,3.4292688584766675,2.9645474933446323,-0.6387579820797726,-0.9766037854102845,1.1612470487570974
5.17139288247981,-0.056981129343832926,3.2492087517500514,2.754741465412337,-0.21648693922572973,-0.8359041576540058,0.6092197901843062
4.9528515078604896,-0.028353382149052187,2.970137513632242,2.4850011218311225,0.11178120954556353,0.05579492138033931,0.655096605527022
